,msi_inputs,gt_outputs
0,msi_inputs/simulated_01/simulated_01_frame_00072.tif,gt_outputs/simulated_01/simulated_01_gt_00072.png
1,msi_inputs/simulated_01/simulated_01_frame_00006.tif,gt_outputs/simulated_01/simulated_01_gt_00006.png
2,msi_inputs/simulated_01/simulated_01_frame_00151.tif,gt_outputs/simulated_01/simulated_01_gt_00151.png
3,msi_inputs/simulated_01/simulated_01_frame_00158.tif,gt_outputs/simulated_01/simulated_01_gt_00158.png
4,msi_inputs/simulated_01/simulated_01_frame_00176.tif,gt_outputs/simulated_01/simulated_01_gt_00176.png
5,msi_inputs/simulated_01/simulated_01_frame_00107.tif,gt_outputs/simulated_01/simulated_01_gt_00107.png
6,msi_inputs/simulated_01/simulated_01_frame_00149.tif,gt_outputs/simulated_01/simulated_01_gt_00149.png
7,msi_inputs/simulated_01/simulated_01_frame_00061.tif,gt_outputs/simulated_01/simulated_01_gt_00061.png
8,msi_inputs/simulated_01/simulated_01_frame_00084.tif,gt_outputs/simulated_01/simulated_01_gt_00084.png
9,msi_inputs/simulated_01/simulated_01_frame_00090.tif,gt_outputs/simulated_01/simulated_01_gt_00090.png
10,msi_inputs/simulated_01/simulated_01_frame_00038.tif,gt_outputs/simulated_01/simulated_01_gt_00038.png
11,msi_inputs/simulated_01/simulated_01_frame_00174.tif,gt_outputs/simulated_01/simulated_01_gt_00174.png
12,msi_inputs/simulated_01/simulated_01_frame_00058.tif,gt_outputs/simulated_01/simulated_01_gt_00058.png
13,msi_inputs/simulated_01/simulated_01_frame_00124.tif,gt_outputs/simulated_01/simulated_01_gt_00124.png
14,msi_inputs/simulated_01/simulated_01_frame_00106.tif,gt_outputs/simulated_01/simulated_01_gt_00106.png
15,msi_inputs/simulated_01/simulated_01_frame_00175.tif,gt_outputs/simulated_01/simulated_01_gt_00175.png
16,msi_inputs/simulated_01/simulated_01_frame_00117.tif,gt_outputs/simulated_01/simulated_01_gt_00117.png
17,msi_inputs/simulated_01/simulated_01_frame_00035.tif,gt_outputs/simulated_01/simulated_01_gt_00035.png
18,msi_inputs/simulated_01/simulated_01_frame_00111.tif,gt_outputs/simulated_01/simulated_01_gt_00111.png
19,msi_inputs/simulated_01/simulated_01_frame_00137.tif,gt_outputs/simulated_01/simulated_01_gt_00137.png
20,msi_inputs/simulated_01/simulated_01_frame_00125.tif,gt_outputs/simulated_01/simulated_01_gt_00125.png
21,msi_inputs/simulated_01/simulated_01_frame_00012.tif,gt_outputs/simulated_01/simulated_01_gt_00012.png
22,msi_inputs/simulated_01/simulated_01_frame_00086.tif,gt_outputs/simulated_01/simulated_01_gt_00086.png
23,msi_inputs/simulated_01/simulated_01_frame_00040.tif,gt_outputs/simulated_01/simulated_01_gt_00040.png
24,msi_inputs/simulated_01/simulated_01_frame_00022.tif,gt_outputs/simulated_01/simulated_01_gt_00022.png
25,msi_inputs/simulated_01/simulated_01_frame_00034.tif,gt_outputs/simulated_01/simulated_01_gt_00034.png
26,msi_inputs/simulated_01/simulated_01_frame_00051.tif,gt_outputs/simulated_01/simulated_01_gt_00051.png
27,msi_inputs/simulated_01/simulated_01_frame_00146.tif,gt_outputs/simulated_01/simulated_01_gt_00146.png
28,msi_inputs/simulated_01/simulated_01_frame_00033.tif,gt_outputs/simulated_01/simulated_01_gt_00033.png
29,msi_inputs/simulated_01/simulated_01_frame_00049.tif,gt_outputs/simulated_01/simulated_01_gt_00049.png
30,msi_inputs/simulated_01/simulated_01_frame_00050.tif,gt_outputs/simulated_01/simulated_01_gt_00050.png
31,msi_inputs/simulated_01/simulated_01_frame_00025.tif,gt_outputs/simulated_01/simulated_01_gt_00025.png
32,msi_inputs/simulated_01/simulated_01_frame_00162.tif,gt_outputs/simulated_01/simulated_01_gt_00162.png
33,msi_inputs/simulated_01/simulated_01_frame_00195.tif,gt_outputs/simulated_01/simulated_01_gt_00195.png
34,msi_inputs/simulated_01/simulated_01_frame_00136.tif,gt_outputs/simulated_01/simulated_01_gt_00136.png
35,msi_inputs/simulated_01/simulated_01_frame_00020.tif,gt_outputs/simulated_01/simulated_01_gt_00020.png
36,msi_inputs/simulated_01/simulated_01_frame_00113.tif,gt_outputs/simulated_01/simulated_01_gt_00113.png
37,msi_inputs/simulated_01/simulated_01_frame_00019.tif,gt_outputs/simulated_01/simulated_01_gt_00019.png
38,msi_inputs/simulated_01/simulated_01_frame_00144.tif,gt_outputs/simulated_01/simulated_01_gt_00144.png
39,msi_inputs/simulated_01/simulated_01_frame_00135.tif,gt_outputs/simulated_01/simulated_01_gt_00135.png
40,msi_inputs/simulated_01/simulated_01_frame_00166.tif,gt_outputs/simulated_01/simulated_01_gt_00166.png
41,msi_inputs/simulated_01/simulated_01_frame_00115.tif,gt_outputs/simulated_01/simulated_01_gt_00115.png
42,msi_inputs/simulated_01/simulated_01_frame_00163.tif,gt_outputs/simulated_01/simulated_01_gt_00163.png
43,msi_inputs/simulated_01/simulated_01_frame_00007.tif,gt_outputs/simulated_01/simulated_01_gt_00007.png
44,msi_inputs/simulated_01/simulated_01_frame_00010.tif,gt_outputs/simulated_01/simulated_01_gt_00010.png
45,msi_inputs/simulated_01/simulated_01_frame_00170.tif,gt_outputs/simulated_01/simulated_01_gt_00170.png
46,msi_inputs/simulated_01/simulated_01_frame_00067.tif,gt_outputs/simulated_01/simulated_01_gt_00067.png
47,msi_inputs/simulated_01/simulated_01_frame_00168.tif,gt_outputs/simulated_01/simulated_01_gt_00168.png
48,msi_inputs/simulated_01/simulated_01_frame_00070.tif,gt_outputs/simulated_01/simulated_01_gt_00070.png
49,msi_inputs/simulated_01/simulated_01_frame_00037.tif,gt_outputs/simulated_01/simulated_01_gt_00037.png
50,msi_inputs/simulated_01/simulated_01_frame_00127.tif,gt_outputs/simulated_01/simulated_01_gt_00127.png
51,msi_inputs/simulated_01/simulated_01_frame_00005.tif,gt_outputs/simulated_01/simulated_01_gt_00005.png
52,msi_inputs/simulated_01/simulated_01_frame_00032.tif,gt_outputs/simulated_01/simulated_01_gt_00032.png
53,msi_inputs/simulated_01/simulated_01_frame_00059.tif,gt_outputs/simulated_01/simulated_01_gt_00059.png
54,msi_inputs/simulated_01/simulated_01_frame_00192.tif,gt_outputs/simulated_01/simulated_01_gt_00192.png
55,msi_inputs/simulated_01/simulated_01_frame_00096.tif,gt_outputs/simulated_01/simulated_01_gt_00096.png
56,msi_inputs/simulated_01/simulated_01_frame_00095.tif,gt_outputs/simulated_01/simulated_01_gt_00095.png
57,msi_inputs/simulated_01/simulated_01_frame_00116.tif,gt_outputs/simulated_01/simulated_01_gt_00116.png
58,msi_inputs/simulated_01/simulated_01_frame_00193.tif,gt_outputs/simulated_01/simulated_01_gt_00193.png
59,msi_inputs/simulated_01/simulated_01_frame_00178.tif,gt_outputs/simulated_01/simulated_01_gt_00178.png
60,msi_inputs/simulated_01/simulated_01_frame_00099.tif,gt_outputs/simulated_01/simulated_01_gt_00099.png
61,msi_inputs/simulated_01/simulated_01_frame_00076.tif,gt_outputs/simulated_01/simulated_01_gt_00076.png
62,msi_inputs/simulated_01/simulated_01_frame_00141.tif,gt_outputs/simulated_01/simulated_01_gt_00141.png
63,msi_inputs/simulated_01/simulated_01_frame_00001.tif,gt_outputs/simulated_01/simulated_01_gt_00001.png
64,msi_inputs/simulated_01/simulated_01_frame_00031.tif,gt_outputs/simulated_01/simulated_01_gt_00031.png
65,msi_inputs/simulated_01/simulated_01_frame_00098.tif,gt_outputs/simulated_01/simulated_01_gt_00098.png
66,msi_inputs/simulated_01/simulated_01_frame_00188.tif,gt_outputs/simulated_01/simulated_01_gt_00188.png
67,msi_inputs/simulated_01/simulated_01_frame_00024.tif,gt_outputs/simulated_01/simulated_01_gt_00024.png
68,msi_inputs/simulated_01/simulated_01_frame_00055.tif,gt_outputs/simulated_01/simulated_01_gt_00055.png
69,msi_inputs/simulated_01/simulated_01_frame_00181.tif,gt_outputs/simulated_01/simulated_01_gt_00181.png
70,msi_inputs/simulated_01/simulated_01_frame_00101.tif,gt_outputs/simulated_01/simulated_01_gt_00101.png
71,msi_inputs/simulated_01/simulated_01_frame_00197.tif,gt_outputs/simulated_01/simulated_01_gt_00197.png
72,msi_inputs/simulated_01/simulated_01_frame_00122.tif,gt_outputs/simulated_01/simulated_01_gt_00122.png
73,msi_inputs/simulated_01/simulated_01_frame_00139.tif,gt_outputs/simulated_01/simulated_01_gt_00139.png
74,msi_inputs/simulated_01/simulated_01_frame_00079.tif,gt_outputs/simulated_01/simulated_01_gt_00079.png
75,msi_inputs/simulated_01/simulated_01_frame_00198.tif,gt_outputs/simulated_01/simulated_01_gt_00198.png
76,msi_inputs/simulated_01/simulated_01_frame_00108.tif,gt_outputs/simulated_01/simulated_01_gt_00108.png
77,msi_inputs/simulated_01/simulated_01_frame_00131.tif,gt_outputs/simulated_01/simulated_01_gt_00131.png
78,msi_inputs/simulated_01/simulated_01_frame_00173.tif,gt_outputs/simulated_01/simulated_01_gt_00173.png
79,msi_inputs/simulated_01/simulated_01_frame_00177.tif,gt_outputs/simulated_01/simulated_01_gt_00177.png
80,msi_inputs/simulated_01/simulated_01_frame_00112.tif,gt_outputs/simulated_01/simulated_01_gt_00112.png
81,msi_inputs/simulated_01/simulated_01_frame_00011.tif,gt_outputs/simulated_01/simulated_01_gt_00011.png
82,msi_inputs/simulated_01/simulated_01_frame_00172.tif,gt_outputs/simulated_01/simulated_01_gt_00172.png
83,msi_inputs/simulated_01/simulated_01_frame_00190.tif,gt_outputs/simulated_01/simulated_01_gt_00190.png
84,msi_inputs/simulated_01/simulated_01_frame_00126.tif,gt_outputs/simulated_01/simulated_01_gt_00126.png
85,msi_inputs/simulated_01/simulated_01_frame_00045.tif,gt_outputs/simulated_01/simulated_01_gt_00045.png
86,msi_inputs/simulated_01/simulated_01_frame_00196.tif,gt_outputs/simulated_01/simulated_01_gt_00196.png
87,msi_inputs/simulated_01/simulated_01_frame_00114.tif,gt_outputs/simulated_01/simulated_01_gt_00114.png
88,msi_inputs/simulated_01/simulated_01_frame_00036.tif,gt_outputs/simulated_01/simulated_01_gt_00036.png
89,msi_inputs/simulated_01/simulated_01_frame_00003.tif,gt_outputs/simulated_01/simulated_01_gt_00003.png
90,msi_inputs/simulated_01/simulated_01_frame_00183.tif,gt_outputs/simulated_01/simulated_01_gt_00183.png
91,msi_inputs/simulated_01/simulated_01_frame_00184.tif,gt_outputs/simulated_01/simulated_01_gt_00184.png
92,msi_inputs/simulated_01/simulated_01_frame_00039.tif,gt_outputs/simulated_01/simulated_01_gt_00039.png
93,msi_inputs/simulated_01/simulated_01_frame_00182.tif,gt_outputs/simulated_01/simulated_01_gt_00182.png
94,msi_inputs/simulated_01/simulated_01_frame_00186.tif,gt_outputs/simulated_01/simulated_01_gt_00186.png
95,msi_inputs/simulated_01/simulated_01_frame_00121.tif,gt_outputs/simulated_01/simulated_01_gt_00121.png
96,msi_inputs/simulated_01/simulated_01_frame_00004.tif,gt_outputs/simulated_01/simulated_01_gt_00004.png
97,msi_inputs/simulated_01/simulated_01_frame_00030.tif,gt_outputs/simulated_01/simulated_01_gt_00030.png
98,msi_inputs/simulated_01/simulated_01_frame_00062.tif,gt_outputs/simulated_01/simulated_01_gt_00062.png
99,msi_inputs/simulated_01/simulated_01_frame_00068.tif,gt_outputs/simulated_01/simulated_01_gt_00068.png
100,msi_inputs/simulated_01/simulated_01_frame_00057.tif,gt_outputs/simulated_01/simulated_01_gt_00057.png
101,msi_inputs/simulated_01/simulated_01_frame_00161.tif,gt_outputs/simulated_01/simulated_01_gt_00161.png
102,msi_inputs/simulated_01/simulated_01_frame_00160.tif,gt_outputs/simulated_01/simulated_01_gt_00160.png
103,msi_inputs/simulated_01/simulated_01_frame_00164.tif,gt_outputs/simulated_01/simulated_01_gt_00164.png
104,msi_inputs/simulated_01/simulated_01_frame_00081.tif,gt_outputs/simulated_01/simulated_01_gt_00081.png
105,msi_inputs/simulated_01/simulated_01_frame_00069.tif,gt_outputs/simulated_01/simulated_01_gt_00069.png
106,msi_inputs/simulated_01/simulated_01_frame_00169.tif,gt_outputs/simulated_01/simulated_01_gt_00169.png
107,msi_inputs/simulated_01/simulated_01_frame_00018.tif,gt_outputs/simulated_01/simulated_01_gt_00018.png
108,msi_inputs/simulated_01/simulated_01_frame_00046.tif,gt_outputs/simulated_01/simulated_01_gt_00046.png
109,msi_inputs/simulated_01/simulated_01_frame_00094.tif,gt_outputs/simulated_01/simulated_01_gt_00094.png
110,msi_inputs/simulated_01/simulated_01_frame_00148.tif,gt_outputs/simulated_01/simulated_01_gt_00148.png
111,msi_inputs/simulated_01/simulated_01_frame_00123.tif,gt_outputs/simulated_01/simulated_01_gt_00123.png
112,msi_inputs/simulated_01/simulated_01_frame_00087.tif,gt_outputs/simulated_01/simulated_01_gt_00087.png
113,msi_inputs/simulated_01/simulated_01_frame_00109.tif,gt_outputs/simulated_01/simulated_01_gt_00109.png
114,msi_inputs/simulated_01/simulated_01_frame_00043.tif,gt_outputs/simulated_01/simulated_01_gt_00043.png
115,msi_inputs/simulated_01/simulated_01_frame_00075.tif,gt_outputs/simulated_01/simulated_01_gt_00075.png
116,msi_inputs/simulated_01/simulated_01_frame_00074.tif,gt_outputs/simulated_01/simulated_01_gt_00074.png
117,msi_inputs/simulated_01/simulated_01_frame_00191.tif,gt_outputs/simulated_01/simulated_01_gt_00191.png
118,msi_inputs/simulated_01/simulated_01_frame_00042.tif,gt_outputs/simulated_01/simulated_01_gt_00042.png
119,msi_inputs/simulated_01/simulated_01_frame_00105.tif,gt_outputs/simulated_01/simulated_01_gt_00105.png
120,msi_inputs/simulated_01/simulated_01_frame_00023.tif,gt_outputs/simulated_01/simulated_01_gt_00023.png
121,msi_inputs/simulated_01/simulated_01_frame_00199.tif,gt_outputs/simulated_01/simulated_01_gt_00199.png
122,msi_inputs/simulated_01/simulated_01_frame_00194.tif,gt_outputs/simulated_01/simulated_01_gt_00194.png
123,msi_inputs/simulated_01/simulated_01_frame_00063.tif,gt_outputs/simulated_01/simulated_01_gt_00063.png
124,msi_inputs/simulated_01/simulated_01_frame_00017.tif,gt_outputs/simulated_01/simulated_01_gt_00017.png
125,msi_inputs/simulated_01/simulated_01_frame_00152.tif,gt_outputs/simulated_01/simulated_01_gt_00152.png
126,msi_inputs/simulated_01/simulated_01_frame_00154.tif,gt_outputs/simulated_01/simulated_01_gt_00154.png
127,msi_inputs/simulated_01/simulated_01_frame_00044.tif,gt_outputs/simulated_01/simulated_01_gt_00044.png
128,msi_inputs/simulated_01/simulated_01_frame_00159.tif,gt_outputs/simulated_01/simulated_01_gt_00159.png
129,msi_inputs/simulated_01/simulated_01_frame_00155.tif,gt_outputs/simulated_01/simulated_01_gt_00155.png
130,msi_inputs/simulated_01/simulated_01_frame_00119.tif,gt_outputs/simulated_01/simulated_01_gt_00119.png
131,msi_inputs/simulated_01/simulated_01_frame_00009.tif,gt_outputs/simulated_01/simulated_01_gt_00009.png
132,msi_inputs/simulated_01/simulated_01_frame_00118.tif,gt_outputs/simulated_01/simulated_01_gt_00118.png
133,msi_inputs/simulated_01/simulated_01_frame_00083.tif,gt_outputs/simulated_01/simulated_01_gt_00083.png
134,msi_inputs/simulated_01/simulated_01_frame_00048.tif,gt_outputs/simulated_01/simulated_01_gt_00048.png
135,msi_inputs/simulated_01/simulated_01_frame_00056.tif,gt_outputs/simulated_01/simulated_01_gt_00056.png
136,msi_inputs/simulated_01/simulated_01_frame_00143.tif,gt_outputs/simulated_01/simulated_01_gt_00143.png
137,msi_inputs/simulated_01/simulated_01_frame_00091.tif,gt_outputs/simulated_01/simulated_01_gt_00091.png
138,msi_inputs/simulated_01/simulated_01_frame_00077.tif,gt_outputs/simulated_01/simulated_01_gt_00077.png
139,msi_inputs/simulated_01/simulated_01_frame_00053.tif,gt_outputs/simulated_01/simulated_01_gt_00053.png
140,msi_inputs/simulated_02/simulated_02_frame_00184.tif,gt_outputs/simulated_02/simulated_02_gt_00184.png
141,msi_inputs/simulated_02/simulated_02_frame_00102.tif,gt_outputs/simulated_02/simulated_02_gt_00102.png
142,msi_inputs/simulated_02/simulated_02_frame_00176.tif,gt_outputs/simulated_02/simulated_02_gt_00176.png
143,msi_inputs/simulated_02/simulated_02_frame_00119.tif,gt_outputs/simulated_02/simulated_02_gt_00119.png
144,msi_inputs/simulated_02/simulated_02_frame_00185.tif,gt_outputs/simulated_02/simulated_02_gt_00185.png
145,msi_inputs/simulated_02/simulated_02_frame_00086.tif,gt_outputs/simulated_02/simulated_02_gt_00086.png
146,msi_inputs/simulated_02/simulated_02_frame_00023.tif,gt_outputs/simulated_02/simulated_02_gt_00023.png
147,msi_inputs/simulated_02/simulated_02_frame_00188.tif,gt_outputs/simulated_02/simulated_02_gt_00188.png
148,msi_inputs/simulated_02/simulated_02_frame_00126.tif,gt_outputs/simulated_02/simulated_02_gt_00126.png
149,msi_inputs/simulated_02/simulated_02_frame_00121.tif,gt_outputs/simulated_02/simulated_02_gt_00121.png
150,msi_inputs/simulated_02/simulated_02_frame_00137.tif,gt_outputs/simulated_02/simulated_02_gt_00137.png
151,msi_inputs/simulated_02/simulated_02_frame_00015.tif,gt_outputs/simulated_02/simulated_02_gt_00015.png
152,msi_inputs/simulated_02/simulated_02_frame_00093.tif,gt_outputs/simulated_02/simulated_02_gt_00093.png
153,msi_inputs/simulated_02/simulated_02_frame_00152.tif,gt_outputs/simulated_02/simulated_02_gt_00152.png
154,msi_inputs/simulated_02/simulated_02_frame_00080.tif,gt_outputs/simulated_02/simulated_02_gt_00080.png
155,msi_inputs/simulated_02/simulated_02_frame_00006.tif,gt_outputs/simulated_02/simulated_02_gt_00006.png
156,msi_inputs/simulated_02/simulated_02_frame_00099.tif,gt_outputs/simulated_02/simulated_02_gt_00099.png
157,msi_inputs/simulated_02/simulated_02_frame_00052.tif,gt_outputs/simulated_02/simulated_02_gt_00052.png
158,msi_inputs/simulated_02/simulated_02_frame_00134.tif,gt_outputs/simulated_02/simulated_02_gt_00134.png
159,msi_inputs/simulated_02/simulated_02_frame_00198.tif,gt_outputs/simulated_02/simulated_02_gt_00198.png
160,msi_inputs/simulated_02/simulated_02_frame_00196.tif,gt_outputs/simulated_02/simulated_02_gt_00196.png
161,msi_inputs/simulated_02/simulated_02_frame_00114.tif,gt_outputs/simulated_02/simulated_02_gt_00114.png
162,msi_inputs/simulated_02/simulated_02_frame_00025.tif,gt_outputs/simulated_02/simulated_02_gt_00025.png
163,msi_inputs/simulated_02/simulated_02_frame_00066.tif,gt_outputs/simulated_02/simulated_02_gt_00066.png
164,msi_inputs/simulated_02/simulated_02_frame_00158.tif,gt_outputs/simulated_02/simulated_02_gt_00158.png
165,msi_inputs/simulated_02/simulated_02_frame_00013.tif,gt_outputs/simulated_02/simulated_02_gt_00013.png
166,msi_inputs/simulated_02/simulated_02_frame_00105.tif,gt_outputs/simulated_02/simulated_02_gt_00105.png
167,msi_inputs/simulated_02/simulated_02_frame_00078.tif,gt_outputs/simulated_02/simulated_02_gt_00078.png
168,msi_inputs/simulated_02/simulated_02_frame_00197.tif,gt_outputs/simulated_02/simulated_02_gt_00197.png
169,msi_inputs/simulated_02/simulated_02_frame_00139.tif,gt_outputs/simulated_02/simulated_02_gt_00139.png
170,msi_inputs/simulated_02/simulated_02_frame_00177.tif,gt_outputs/simulated_02/simulated_02_gt_00177.png
171,msi_inputs/simulated_02/simulated_02_frame_00090.tif,gt_outputs/simulated_02/simulated_02_gt_00090.png
172,msi_inputs/simulated_02/simulated_02_frame_00059.tif,gt_outputs/simulated_02/simulated_02_gt_00059.png
173,msi_inputs/simulated_02/simulated_02_frame_00060.tif,gt_outputs/simulated_02/simulated_02_gt_00060.png
174,msi_inputs/simulated_02/simulated_02_frame_00111.tif,gt_outputs/simulated_02/simulated_02_gt_00111.png
175,msi_inputs/simulated_02/simulated_02_frame_00180.tif,gt_outputs/simulated_02/simulated_02_gt_00180.png
176,msi_inputs/simulated_02/simulated_02_frame_00150.tif,gt_outputs/simulated_02/simulated_02_gt_00150.png
177,msi_inputs/simulated_02/simulated_02_frame_00156.tif,gt_outputs/simulated_02/simulated_02_gt_00156.png
178,msi_inputs/simulated_02/simulated_02_frame_00170.tif,gt_outputs/simulated_02/simulated_02_gt_00170.png
179,msi_inputs/simulated_02/simulated_02_frame_00104.tif,gt_outputs/simulated_02/simulated_02_gt_00104.png
180,msi_inputs/simulated_02/simulated_02_frame_00169.tif,gt_outputs/simulated_02/simulated_02_gt_00169.png
181,msi_inputs/simulated_02/simulated_02_frame_00065.tif,gt_outputs/simulated_02/simulated_02_gt_00065.png
182,msi_inputs/simulated_02/simulated_02_frame_00112.tif,gt_outputs/simulated_02/simulated_02_gt_00112.png
183,msi_inputs/simulated_02/simulated_02_frame_00124.tif,gt_outputs/simulated_02/simulated_02_gt_00124.png
184,msi_inputs/simulated_02/simulated_02_frame_00098.tif,gt_outputs/simulated_02/simulated_02_gt_00098.png
185,msi_inputs/simulated_02/simulated_02_frame_00164.tif,gt_outputs/simulated_02/simulated_02_gt_00164.png
186,msi_inputs/simulated_02/simulated_02_frame_00029.tif,gt_outputs/simulated_02/simulated_02_gt_00029.png
187,msi_inputs/simulated_02/simulated_02_frame_00118.tif,gt_outputs/simulated_02/simulated_02_gt_00118.png
188,msi_inputs/simulated_02/simulated_02_frame_00148.tif,gt_outputs/simulated_02/simulated_02_gt_00148.png
189,msi_inputs/simulated_02/simulated_02_frame_00067.tif,gt_outputs/simulated_02/simulated_02_gt_00067.png
190,msi_inputs/simulated_02/simulated_02_frame_00145.tif,gt_outputs/simulated_02/simulated_02_gt_00145.png
191,msi_inputs/simulated_02/simulated_02_frame_00103.tif,gt_outputs/simulated_02/simulated_02_gt_00103.png
192,msi_inputs/simulated_02/simulated_02_frame_00004.tif,gt_outputs/simulated_02/simulated_02_gt_00004.png
193,msi_inputs/simulated_02/simulated_02_frame_00199.tif,gt_outputs/simulated_02/simulated_02_gt_00199.png
194,msi_inputs/simulated_02/simulated_02_frame_00000.tif,gt_outputs/simulated_02/simulated_02_gt_00000.png
195,msi_inputs/simulated_02/simulated_02_frame_00195.tif,gt_outputs/simulated_02/simulated_02_gt_00195.png
196,msi_inputs/simulated_02/simulated_02_frame_00074.tif,gt_outputs/simulated_02/simulated_02_gt_00074.png
197,msi_inputs/simulated_02/simulated_02_frame_00032.tif,gt_outputs/simulated_02/simulated_02_gt_00032.png
198,msi_inputs/simulated_02/simulated_02_frame_00109.tif,gt_outputs/simulated_02/simulated_02_gt_00109.png
199,msi_inputs/simulated_02/simulated_02_frame_00130.tif,gt_outputs/simulated_02/simulated_02_gt_00130.png
200,msi_inputs/simulated_02/simulated_02_frame_00189.tif,gt_outputs/simulated_02/simulated_02_gt_00189.png
201,msi_inputs/simulated_02/simulated_02_frame_00128.tif,gt_outputs/simulated_02/simulated_02_gt_00128.png
202,msi_inputs/simulated_02/simulated_02_frame_00001.tif,gt_outputs/simulated_02/simulated_02_gt_00001.png
203,msi_inputs/simulated_02/simulated_02_frame_00021.tif,gt_outputs/simulated_02/simulated_02_gt_00021.png
204,msi_inputs/simulated_02/simulated_02_frame_00073.tif,gt_outputs/simulated_02/simulated_02_gt_00073.png
205,msi_inputs/simulated_02/simulated_02_frame_00171.tif,gt_outputs/simulated_02/simulated_02_gt_00171.png
206,msi_inputs/simulated_02/simulated_02_frame_00147.tif,gt_outputs/simulated_02/simulated_02_gt_00147.png
207,msi_inputs/simulated_02/simulated_02_frame_00072.tif,gt_outputs/simulated_02/simulated_02_gt_00072.png
208,msi_inputs/simulated_02/simulated_02_frame_00014.tif,gt_outputs/simulated_02/simulated_02_gt_00014.png
209,msi_inputs/simulated_02/simulated_02_frame_00081.tif,gt_outputs/simulated_02/simulated_02_gt_00081.png
210,msi_inputs/simulated_02/simulated_02_frame_00135.tif,gt_outputs/simulated_02/simulated_02_gt_00135.png
211,msi_inputs/simulated_02/simulated_02_frame_00168.tif,gt_outputs/simulated_02/simulated_02_gt_00168.png
212,msi_inputs/simulated_02/simulated_02_frame_00009.tif,gt_outputs/simulated_02/simulated_02_gt_00009.png
213,msi_inputs/simulated_02/simulated_02_frame_00160.tif,gt_outputs/simulated_02/simulated_02_gt_00160.png
214,msi_inputs/simulated_02/simulated_02_frame_00079.tif,gt_outputs/simulated_02/simulated_02_gt_00079.png
215,msi_inputs/simulated_02/simulated_02_frame_00149.tif,gt_outputs/simulated_02/simulated_02_gt_00149.png
216,msi_inputs/simulated_02/simulated_02_frame_00097.tif,gt_outputs/simulated_02/simulated_02_gt_00097.png
217,msi_inputs/simulated_02/simulated_02_frame_00122.tif,gt_outputs/simulated_02/simulated_02_gt_00122.png
218,msi_inputs/simulated_02/simulated_02_frame_00106.tif,gt_outputs/simulated_02/simulated_02_gt_00106.png
219,msi_inputs/simulated_02/simulated_02_frame_00061.tif,gt_outputs/simulated_02/simulated_02_gt_00061.png
220,msi_inputs/simulated_02/simulated_02_frame_00167.tif,gt_outputs/simulated_02/simulated_02_gt_00167.png
221,msi_inputs/simulated_02/simulated_02_frame_00077.tif,gt_outputs/simulated_02/simulated_02_gt_00077.png
222,msi_inputs/simulated_02/simulated_02_frame_00056.tif,gt_outputs/simulated_02/simulated_02_gt_00056.png
223,msi_inputs/simulated_02/simulated_02_frame_00095.tif,gt_outputs/simulated_02/simulated_02_gt_00095.png
224,msi_inputs/simulated_02/simulated_02_frame_00192.tif,gt_outputs/simulated_02/simulated_02_gt_00192.png
225,msi_inputs/simulated_02/simulated_02_frame_00088.tif,gt_outputs/simulated_02/simulated_02_gt_00088.png
226,msi_inputs/simulated_02/simulated_02_frame_00076.tif,gt_outputs/simulated_02/simulated_02_gt_00076.png
227,msi_inputs/simulated_02/simulated_02_frame_00159.tif,gt_outputs/simulated_02/simulated_02_gt_00159.png
228,msi_inputs/simulated_02/simulated_02_frame_00138.tif,gt_outputs/simulated_02/simulated_02_gt_00138.png
229,msi_inputs/simulated_02/simulated_02_frame_00042.tif,gt_outputs/simulated_02/simulated_02_gt_00042.png
230,msi_inputs/simulated_02/simulated_02_frame_00141.tif,gt_outputs/simulated_02/simulated_02_gt_00141.png
231,msi_inputs/simulated_02/simulated_02_frame_00142.tif,gt_outputs/simulated_02/simulated_02_gt_00142.png
232,msi_inputs/simulated_02/simulated_02_frame_00062.tif,gt_outputs/simulated_02/simulated_02_gt_00062.png
233,msi_inputs/simulated_02/simulated_02_frame_00070.tif,gt_outputs/simulated_02/simulated_02_gt_00070.png
234,msi_inputs/simulated_02/simulated_02_frame_00033.tif,gt_outputs/simulated_02/simulated_02_gt_00033.png
235,msi_inputs/simulated_02/simulated_02_frame_00002.tif,gt_outputs/simulated_02/simulated_02_gt_00002.png
236,msi_inputs/simulated_02/simulated_02_frame_00041.tif,gt_outputs/simulated_02/simulated_02_gt_00041.png
237,msi_inputs/simulated_02/simulated_02_frame_00125.tif,gt_outputs/simulated_02/simulated_02_gt_00125.png
238,msi_inputs/simulated_02/simulated_02_frame_00155.tif,gt_outputs/simulated_02/simulated_02_gt_00155.png
239,msi_inputs/simulated_02/simulated_02_frame_00008.tif,gt_outputs/simulated_02/simulated_02_gt_00008.png
240,msi_inputs/simulated_02/simulated_02_frame_00037.tif,gt_outputs/simulated_02/simulated_02_gt_00037.png
241,msi_inputs/simulated_02/simulated_02_frame_00044.tif,gt_outputs/simulated_02/simulated_02_gt_00044.png
242,msi_inputs/simulated_02/simulated_02_frame_00020.tif,gt_outputs/simulated_02/simulated_02_gt_00020.png
243,msi_inputs/simulated_02/simulated_02_frame_00034.tif,gt_outputs/simulated_02/simulated_02_gt_00034.png
244,msi_inputs/simulated_02/simulated_02_frame_00174.tif,gt_outputs/simulated_02/simulated_02_gt_00174.png
245,msi_inputs/simulated_02/simulated_02_frame_00087.tif,gt_outputs/simulated_02/simulated_02_gt_00087.png
246,msi_inputs/simulated_02/simulated_02_frame_00026.tif,gt_outputs/simulated_02/simulated_02_gt_00026.png
247,msi_inputs/simulated_02/simulated_02_frame_00157.tif,gt_outputs/simulated_02/simulated_02_gt_00157.png
248,msi_inputs/simulated_02/simulated_02_frame_00115.tif,gt_outputs/simulated_02/simulated_02_gt_00115.png
249,msi_inputs/simulated_02/simulated_02_frame_00016.tif,gt_outputs/simulated_02/simulated_02_gt_00016.png
250,msi_inputs/simulated_02/simulated_02_frame_00055.tif,gt_outputs/simulated_02/simulated_02_gt_00055.png
251,msi_inputs/simulated_02/simulated_02_frame_00144.tif,gt_outputs/simulated_02/simulated_02_gt_00144.png
252,msi_inputs/simulated_02/simulated_02_frame_00053.tif,gt_outputs/simulated_02/simulated_02_gt_00053.png
253,msi_inputs/simulated_02/simulated_02_frame_00084.tif,gt_outputs/simulated_02/simulated_02_gt_00084.png
254,msi_inputs/simulated_02/simulated_02_frame_00022.tif,gt_outputs/simulated_02/simulated_02_gt_00022.png
255,msi_inputs/simulated_02/simulated_02_frame_00178.tif,gt_outputs/simulated_02/simulated_02_gt_00178.png
256,msi_inputs/simulated_02/simulated_02_frame_00166.tif,gt_outputs/simulated_02/simulated_02_gt_00166.png
257,msi_inputs/simulated_02/simulated_02_frame_00181.tif,gt_outputs/simulated_02/simulated_02_gt_00181.png
258,msi_inputs/simulated_02/simulated_02_frame_00018.tif,gt_outputs/simulated_02/simulated_02_gt_00018.png
259,msi_inputs/simulated_02/simulated_02_frame_00035.tif,gt_outputs/simulated_02/simulated_02_gt_00035.png
260,msi_inputs/simulated_02/simulated_02_frame_00100.tif,gt_outputs/simulated_02/simulated_02_gt_00100.png
261,msi_inputs/simulated_02/simulated_02_frame_00131.tif,gt_outputs/simulated_02/simulated_02_gt_00131.png
262,msi_inputs/simulated_02/simulated_02_frame_00092.tif,gt_outputs/simulated_02/simulated_02_gt_00092.png
263,msi_inputs/simulated_02/simulated_02_frame_00030.tif,gt_outputs/simulated_02/simulated_02_gt_00030.png
264,msi_inputs/simulated_02/simulated_02_frame_00085.tif,gt_outputs/simulated_02/simulated_02_gt_00085.png
265,msi_inputs/simulated_02/simulated_02_frame_00143.tif,gt_outputs/simulated_02/simulated_02_gt_00143.png
266,msi_inputs/simulated_02/simulated_02_frame_00063.tif,gt_outputs/simulated_02/simulated_02_gt_00063.png
267,msi_inputs/simulated_02/simulated_02_frame_00050.tif,gt_outputs/simulated_02/simulated_02_gt_00050.png
268,msi_inputs/simulated_02/simulated_02_frame_00183.tif,gt_outputs/simulated_02/simulated_02_gt_00183.png
269,msi_inputs/simulated_02/simulated_02_frame_00108.tif,gt_outputs/simulated_02/simulated_02_gt_00108.png
270,msi_inputs/simulated_02/simulated_02_frame_00003.tif,gt_outputs/simulated_02/simulated_02_gt_00003.png
271,msi_inputs/simulated_02/simulated_02_frame_00191.tif,gt_outputs/simulated_02/simulated_02_gt_00191.png
272,msi_inputs/simulated_02/simulated_02_frame_00165.tif,gt_outputs/simulated_02/simulated_02_gt_00165.png
273,msi_inputs/simulated_02/simulated_02_frame_00028.tif,gt_outputs/simulated_02/simulated_02_gt_00028.png
274,msi_inputs/simulated_02/simulated_02_frame_00193.tif,gt_outputs/simulated_02/simulated_02_gt_00193.png
275,msi_inputs/simulated_02/simulated_02_frame_00151.tif,gt_outputs/simulated_02/simulated_02_gt_00151.png
276,msi_inputs/simulated_02/simulated_02_frame_00057.tif,gt_outputs/simulated_02/simulated_02_gt_00057.png
277,msi_inputs/simulated_02/simulated_02_frame_00005.tif,gt_outputs/simulated_02/simulated_02_gt_00005.png
278,msi_inputs/simulated_02/simulated_02_frame_00047.tif,gt_outputs/simulated_02/simulated_02_gt_00047.png
279,msi_inputs/simulated_02/simulated_02_frame_00133.tif,gt_outputs/simulated_02/simulated_02_gt_00133.png
280,msi_inputs/simulated_03/simulated_03_frame_00164.tif,gt_outputs/simulated_03/simulated_03_gt_00164.png
281,msi_inputs/simulated_03/simulated_03_frame_00037.tif,gt_outputs/simulated_03/simulated_03_gt_00037.png
282,msi_inputs/simulated_03/simulated_03_frame_00115.tif,gt_outputs/simulated_03/simulated_03_gt_00115.png
283,msi_inputs/simulated_03/simulated_03_frame_00172.tif,gt_outputs/simulated_03/simulated_03_gt_00172.png
284,msi_inputs/simulated_03/simulated_03_frame_00017.tif,gt_outputs/simulated_03/simulated_03_gt_00017.png
285,msi_inputs/simulated_03/simulated_03_frame_00001.tif,gt_outputs/simulated_03/simulated_03_gt_00001.png
286,msi_inputs/simulated_03/simulated_03_frame_00091.tif,gt_outputs/simulated_03/simulated_03_gt_00091.png
287,msi_inputs/simulated_03/simulated_03_frame_00036.tif,gt_outputs/simulated_03/simulated_03_gt_00036.png
288,msi_inputs/simulated_03/simulated_03_frame_00174.tif,gt_outputs/simulated_03/simulated_03_gt_00174.png
289,msi_inputs/simulated_03/simulated_03_frame_00039.tif,gt_outputs/simulated_03/simulated_03_gt_00039.png
290,msi_inputs/simulated_03/simulated_03_frame_00153.tif,gt_outputs/simulated_03/simulated_03_gt_00153.png
291,msi_inputs/simulated_03/simulated_03_frame_00139.tif,gt_outputs/simulated_03/simulated_03_gt_00139.png
292,msi_inputs/simulated_03/simulated_03_frame_00152.tif,gt_outputs/simulated_03/simulated_03_gt_00152.png
293,msi_inputs/simulated_03/simulated_03_frame_00114.tif,gt_outputs/simulated_03/simulated_03_gt_00114.png
294,msi_inputs/simulated_03/simulated_03_frame_00055.tif,gt_outputs/simulated_03/simulated_03_gt_00055.png
295,msi_inputs/simulated_03/simulated_03_frame_00121.tif,gt_outputs/simulated_03/simulated_03_gt_00121.png
296,msi_inputs/simulated_03/simulated_03_frame_00012.tif,gt_outputs/simulated_03/simulated_03_gt_00012.png
297,msi_inputs/simulated_03/simulated_03_frame_00175.tif,gt_outputs/simulated_03/simulated_03_gt_00175.png
298,msi_inputs/simulated_03/simulated_03_frame_00107.tif,gt_outputs/simulated_03/simulated_03_gt_00107.png
299,msi_inputs/simulated_03/simulated_03_frame_00111.tif,gt_outputs/simulated_03/simulated_03_gt_00111.png
300,msi_inputs/simulated_03/simulated_03_frame_00074.tif,gt_outputs/simulated_03/simulated_03_gt_00074.png
301,msi_inputs/simulated_03/simulated_03_frame_00125.tif,gt_outputs/simulated_03/simulated_03_gt_00125.png
302,msi_inputs/simulated_03/simulated_03_frame_00092.tif,gt_outputs/simulated_03/simulated_03_gt_00092.png
303,msi_inputs/simulated_03/simulated_03_frame_00004.tif,gt_outputs/simulated_03/simulated_03_gt_00004.png
304,msi_inputs/simulated_03/simulated_03_frame_00000.tif,gt_outputs/simulated_03/simulated_03_gt_00000.png
305,msi_inputs/simulated_03/simulated_03_frame_00110.tif,gt_outputs/simulated_03/simulated_03_gt_00110.png
306,msi_inputs/simulated_03/simulated_03_frame_00170.tif,gt_outputs/simulated_03/simulated_03_gt_00170.png
307,msi_inputs/simulated_03/simulated_03_frame_00067.tif,gt_outputs/simulated_03/simulated_03_gt_00067.png
308,msi_inputs/simulated_03/simulated_03_frame_00138.tif,gt_outputs/simulated_03/simulated_03_gt_00138.png
309,msi_inputs/simulated_03/simulated_03_frame_00093.tif,gt_outputs/simulated_03/simulated_03_gt_00093.png
310,msi_inputs/simulated_03/simulated_03_frame_00188.tif,gt_outputs/simulated_03/simulated_03_gt_00188.png
311,msi_inputs/simulated_03/simulated_03_frame_00081.tif,gt_outputs/simulated_03/simulated_03_gt_00081.png
312,msi_inputs/simulated_03/simulated_03_frame_00071.tif,gt_outputs/simulated_03/simulated_03_gt_00071.png
313,msi_inputs/simulated_03/simulated_03_frame_00054.tif,gt_outputs/simulated_03/simulated_03_gt_00054.png
314,msi_inputs/simulated_03/simulated_03_frame_00155.tif,gt_outputs/simulated_03/simulated_03_gt_00155.png
315,msi_inputs/simulated_03/simulated_03_frame_00013.tif,gt_outputs/simulated_03/simulated_03_gt_00013.png
316,msi_inputs/simulated_03/simulated_03_frame_00057.tif,gt_outputs/simulated_03/simulated_03_gt_00057.png
317,msi_inputs/simulated_03/simulated_03_frame_00072.tif,gt_outputs/simulated_03/simulated_03_gt_00072.png
318,msi_inputs/simulated_03/simulated_03_frame_00189.tif,gt_outputs/simulated_03/simulated_03_gt_00189.png
319,msi_inputs/simulated_03/simulated_03_frame_00134.tif,gt_outputs/simulated_03/simulated_03_gt_00134.png
320,msi_inputs/simulated_03/simulated_03_frame_00120.tif,gt_outputs/simulated_03/simulated_03_gt_00120.png
321,msi_inputs/simulated_03/simulated_03_frame_00194.tif,gt_outputs/simulated_03/simulated_03_gt_00194.png
322,msi_inputs/simulated_03/simulated_03_frame_00058.tif,gt_outputs/simulated_03/simulated_03_gt_00058.png
323,msi_inputs/simulated_03/simulated_03_frame_00156.tif,gt_outputs/simulated_03/simulated_03_gt_00156.png
324,msi_inputs/simulated_03/simulated_03_frame_00145.tif,gt_outputs/simulated_03/simulated_03_gt_00145.png
325,msi_inputs/simulated_03/simulated_03_frame_00147.tif,gt_outputs/simulated_03/simulated_03_gt_00147.png
326,msi_inputs/simulated_03/simulated_03_frame_00087.tif,gt_outputs/simulated_03/simulated_03_gt_00087.png
327,msi_inputs/simulated_03/simulated_03_frame_00109.tif,gt_outputs/simulated_03/simulated_03_gt_00109.png
328,msi_inputs/simulated_03/simulated_03_frame_00149.tif,gt_outputs/simulated_03/simulated_03_gt_00149.png
329,msi_inputs/simulated_03/simulated_03_frame_00157.tif,gt_outputs/simulated_03/simulated_03_gt_00157.png
330,msi_inputs/simulated_03/simulated_03_frame_00103.tif,gt_outputs/simulated_03/simulated_03_gt_00103.png
331,msi_inputs/simulated_03/simulated_03_frame_00062.tif,gt_outputs/simulated_03/simulated_03_gt_00062.png
332,msi_inputs/simulated_03/simulated_03_frame_00003.tif,gt_outputs/simulated_03/simulated_03_gt_00003.png
333,msi_inputs/simulated_03/simulated_03_frame_00100.tif,gt_outputs/simulated_03/simulated_03_gt_00100.png
334,msi_inputs/simulated_03/simulated_03_frame_00132.tif,gt_outputs/simulated_03/simulated_03_gt_00132.png
335,msi_inputs/simulated_03/simulated_03_frame_00176.tif,gt_outputs/simulated_03/simulated_03_gt_00176.png
336,msi_inputs/simulated_03/simulated_03_frame_00099.tif,gt_outputs/simulated_03/simulated_03_gt_00099.png
337,msi_inputs/simulated_03/simulated_03_frame_00051.tif,gt_outputs/simulated_03/simulated_03_gt_00051.png
338,msi_inputs/simulated_03/simulated_03_frame_00038.tif,gt_outputs/simulated_03/simulated_03_gt_00038.png
339,msi_inputs/simulated_03/simulated_03_frame_00035.tif,gt_outputs/simulated_03/simulated_03_gt_00035.png
340,msi_inputs/simulated_03/simulated_03_frame_00141.tif,gt_outputs/simulated_03/simulated_03_gt_00141.png
341,msi_inputs/simulated_03/simulated_03_frame_00060.tif,gt_outputs/simulated_03/simulated_03_gt_00060.png
342,msi_inputs/simulated_03/simulated_03_frame_00169.tif,gt_outputs/simulated_03/simulated_03_gt_00169.png
343,msi_inputs/simulated_03/simulated_03_frame_00137.tif,gt_outputs/simulated_03/simulated_03_gt_00137.png
344,msi_inputs/simulated_03/simulated_03_frame_00011.tif,gt_outputs/simulated_03/simulated_03_gt_00011.png
345,msi_inputs/simulated_03/simulated_03_frame_00192.tif,gt_outputs/simulated_03/simulated_03_gt_00192.png
346,msi_inputs/simulated_03/simulated_03_frame_00171.tif,gt_outputs/simulated_03/simulated_03_gt_00171.png
347,msi_inputs/simulated_03/simulated_03_frame_00123.tif,gt_outputs/simulated_03/simulated_03_gt_00123.png
348,msi_inputs/simulated_03/simulated_03_frame_00199.tif,gt_outputs/simulated_03/simulated_03_gt_00199.png
349,msi_inputs/simulated_03/simulated_03_frame_00143.tif,gt_outputs/simulated_03/simulated_03_gt_00143.png
350,msi_inputs/simulated_03/simulated_03_frame_00131.tif,gt_outputs/simulated_03/simulated_03_gt_00131.png
351,msi_inputs/simulated_03/simulated_03_frame_00190.tif,gt_outputs/simulated_03/simulated_03_gt_00190.png
352,msi_inputs/simulated_03/simulated_03_frame_00158.tif,gt_outputs/simulated_03/simulated_03_gt_00158.png
353,msi_inputs/simulated_03/simulated_03_frame_00126.tif,gt_outputs/simulated_03/simulated_03_gt_00126.png
354,msi_inputs/simulated_03/simulated_03_frame_00034.tif,gt_outputs/simulated_03/simulated_03_gt_00034.png
355,msi_inputs/simulated_03/simulated_03_frame_00173.tif,gt_outputs/simulated_03/simulated_03_gt_00173.png
356,msi_inputs/simulated_03/simulated_03_frame_00163.tif,gt_outputs/simulated_03/simulated_03_gt_00163.png
357,msi_inputs/simulated_03/simulated_03_frame_00184.tif,gt_outputs/simulated_03/simulated_03_gt_00184.png
358,msi_inputs/simulated_03/simulated_03_frame_00030.tif,gt_outputs/simulated_03/simulated_03_gt_00030.png
359,msi_inputs/simulated_03/simulated_03_frame_00075.tif,gt_outputs/simulated_03/simulated_03_gt_00075.png
360,msi_inputs/simulated_03/simulated_03_frame_00098.tif,gt_outputs/simulated_03/simulated_03_gt_00098.png
361,msi_inputs/simulated_03/simulated_03_frame_00041.tif,gt_outputs/simulated_03/simulated_03_gt_00041.png
362,msi_inputs/simulated_03/simulated_03_frame_00027.tif,gt_outputs/simulated_03/simulated_03_gt_00027.png
363,msi_inputs/simulated_03/simulated_03_frame_00019.tif,gt_outputs/simulated_03/simulated_03_gt_00019.png
364,msi_inputs/simulated_03/simulated_03_frame_00064.tif,gt_outputs/simulated_03/simulated_03_gt_00064.png
365,msi_inputs/simulated_03/simulated_03_frame_00133.tif,gt_outputs/simulated_03/simulated_03_gt_00133.png
366,msi_inputs/simulated_03/simulated_03_frame_00113.tif,gt_outputs/simulated_03/simulated_03_gt_00113.png
367,msi_inputs/simulated_03/simulated_03_frame_00029.tif,gt_outputs/simulated_03/simulated_03_gt_00029.png
368,msi_inputs/simulated_03/simulated_03_frame_00142.tif,gt_outputs/simulated_03/simulated_03_gt_00142.png
369,msi_inputs/simulated_03/simulated_03_frame_00089.tif,gt_outputs/simulated_03/simulated_03_gt_00089.png
370,msi_inputs/simulated_03/simulated_03_frame_00101.tif,gt_outputs/simulated_03/simulated_03_gt_00101.png
371,msi_inputs/simulated_03/simulated_03_frame_00187.tif,gt_outputs/simulated_03/simulated_03_gt_00187.png
372,msi_inputs/simulated_03/simulated_03_frame_00090.tif,gt_outputs/simulated_03/simulated_03_gt_00090.png
373,msi_inputs/simulated_03/simulated_03_frame_00095.tif,gt_outputs/simulated_03/simulated_03_gt_00095.png
374,msi_inputs/simulated_03/simulated_03_frame_00047.tif,gt_outputs/simulated_03/simulated_03_gt_00047.png
375,msi_inputs/simulated_03/simulated_03_frame_00014.tif,gt_outputs/simulated_03/simulated_03_gt_00014.png
376,msi_inputs/simulated_03/simulated_03_frame_00196.tif,gt_outputs/simulated_03/simulated_03_gt_00196.png
377,msi_inputs/simulated_03/simulated_03_frame_00043.tif,gt_outputs/simulated_03/simulated_03_gt_00043.png
378,msi_inputs/simulated_03/simulated_03_frame_00177.tif,gt_outputs/simulated_03/simulated_03_gt_00177.png
379,msi_inputs/simulated_03/simulated_03_frame_00063.tif,gt_outputs/simulated_03/simulated_03_gt_00063.png
380,msi_inputs/simulated_03/simulated_03_frame_00078.tif,gt_outputs/simulated_03/simulated_03_gt_00078.png
381,msi_inputs/simulated_03/simulated_03_frame_00028.tif,gt_outputs/simulated_03/simulated_03_gt_00028.png
382,msi_inputs/simulated_03/simulated_03_frame_00002.tif,gt_outputs/simulated_03/simulated_03_gt_00002.png
383,msi_inputs/simulated_03/simulated_03_frame_00195.tif,gt_outputs/simulated_03/simulated_03_gt_00195.png
384,msi_inputs/simulated_03/simulated_03_frame_00021.tif,gt_outputs/simulated_03/simulated_03_gt_00021.png
385,msi_inputs/simulated_03/simulated_03_frame_00094.tif,gt_outputs/simulated_03/simulated_03_gt_00094.png
386,msi_inputs/simulated_03/simulated_03_frame_00179.tif,gt_outputs/simulated_03/simulated_03_gt_00179.png
387,msi_inputs/simulated_03/simulated_03_frame_00191.tif,gt_outputs/simulated_03/simulated_03_gt_00191.png
388,msi_inputs/simulated_03/simulated_03_frame_00016.tif,gt_outputs/simulated_03/simulated_03_gt_00016.png
389,msi_inputs/simulated_03/simulated_03_frame_00182.tif,gt_outputs/simulated_03/simulated_03_gt_00182.png
390,msi_inputs/simulated_03/simulated_03_frame_00069.tif,gt_outputs/simulated_03/simulated_03_gt_00069.png
391,msi_inputs/simulated_03/simulated_03_frame_00167.tif,gt_outputs/simulated_03/simulated_03_gt_00167.png
392,msi_inputs/simulated_03/simulated_03_frame_00165.tif,gt_outputs/simulated_03/simulated_03_gt_00165.png
393,msi_inputs/simulated_03/simulated_03_frame_00048.tif,gt_outputs/simulated_03/simulated_03_gt_00048.png
394,msi_inputs/simulated_03/simulated_03_frame_00146.tif,gt_outputs/simulated_03/simulated_03_gt_00146.png
395,msi_inputs/simulated_03/simulated_03_frame_00117.tif,gt_outputs/simulated_03/simulated_03_gt_00117.png
396,msi_inputs/simulated_03/simulated_03_frame_00007.tif,gt_outputs/simulated_03/simulated_03_gt_00007.png
397,msi_inputs/simulated_03/simulated_03_frame_00097.tif,gt_outputs/simulated_03/simulated_03_gt_00097.png
398,msi_inputs/simulated_03/simulated_03_frame_00044.tif,gt_outputs/simulated_03/simulated_03_gt_00044.png
399,msi_inputs/simulated_03/simulated_03_frame_00040.tif,gt_outputs/simulated_03/simulated_03_gt_00040.png
400,msi_inputs/simulated_03/simulated_03_frame_00178.tif,gt_outputs/simulated_03/simulated_03_gt_00178.png
401,msi_inputs/simulated_03/simulated_03_frame_00183.tif,gt_outputs/simulated_03/simulated_03_gt_00183.png
402,msi_inputs/simulated_03/simulated_03_frame_00162.tif,gt_outputs/simulated_03/simulated_03_gt_00162.png
403,msi_inputs/simulated_03/simulated_03_frame_00082.tif,gt_outputs/simulated_03/simulated_03_gt_00082.png
404,msi_inputs/simulated_03/simulated_03_frame_00086.tif,gt_outputs/simulated_03/simulated_03_gt_00086.png
405,msi_inputs/simulated_03/simulated_03_frame_00154.tif,gt_outputs/simulated_03/simulated_03_gt_00154.png
406,msi_inputs/simulated_03/simulated_03_frame_00136.tif,gt_outputs/simulated_03/simulated_03_gt_00136.png
407,msi_inputs/simulated_03/simulated_03_frame_00077.tif,gt_outputs/simulated_03/simulated_03_gt_00077.png
408,msi_inputs/simulated_03/simulated_03_frame_00084.tif,gt_outputs/simulated_03/simulated_03_gt_00084.png
409,msi_inputs/simulated_03/simulated_03_frame_00119.tif,gt_outputs/simulated_03/simulated_03_gt_00119.png
410,msi_inputs/simulated_03/simulated_03_frame_00008.tif,gt_outputs/simulated_03/simulated_03_gt_00008.png
411,msi_inputs/simulated_03/simulated_03_frame_00193.tif,gt_outputs/simulated_03/simulated_03_gt_00193.png
412,msi_inputs/simulated_03/simulated_03_frame_00026.tif,gt_outputs/simulated_03/simulated_03_gt_00026.png
413,msi_inputs/simulated_03/simulated_03_frame_00033.tif,gt_outputs/simulated_03/simulated_03_gt_00033.png
414,msi_inputs/simulated_03/simulated_03_frame_00045.tif,gt_outputs/simulated_03/simulated_03_gt_00045.png
415,msi_inputs/simulated_03/simulated_03_frame_00042.tif,gt_outputs/simulated_03/simulated_03_gt_00042.png
416,msi_inputs/simulated_03/simulated_03_frame_00024.tif,gt_outputs/simulated_03/simulated_03_gt_00024.png
417,msi_inputs/simulated_03/simulated_03_frame_00150.tif,gt_outputs/simulated_03/simulated_03_gt_00150.png
418,msi_inputs/simulated_03/simulated_03_frame_00010.tif,gt_outputs/simulated_03/simulated_03_gt_00010.png
419,msi_inputs/simulated_03/simulated_03_frame_00124.tif,gt_outputs/simulated_03/simulated_03_gt_00124.png
420,msi_inputs/simulated_04/simulated_04_frame_00174.tif,gt_outputs/simulated_04/simulated_04_gt_00174.png
421,msi_inputs/simulated_04/simulated_04_frame_00188.tif,gt_outputs/simulated_04/simulated_04_gt_00188.png
422,msi_inputs/simulated_04/simulated_04_frame_00069.tif,gt_outputs/simulated_04/simulated_04_gt_00069.png
423,msi_inputs/simulated_04/simulated_04_frame_00163.tif,gt_outputs/simulated_04/simulated_04_gt_00163.png
424,msi_inputs/simulated_04/simulated_04_frame_00006.tif,gt_outputs/simulated_04/simulated_04_gt_00006.png
425,msi_inputs/simulated_04/simulated_04_frame_00033.tif,gt_outputs/simulated_04/simulated_04_gt_00033.png
426,msi_inputs/simulated_04/simulated_04_frame_00157.tif,gt_outputs/simulated_04/simulated_04_gt_00157.png
427,msi_inputs/simulated_04/simulated_04_frame_00106.tif,gt_outputs/simulated_04/simulated_04_gt_00106.png
428,msi_inputs/simulated_04/simulated_04_frame_00180.tif,gt_outputs/simulated_04/simulated_04_gt_00180.png
429,msi_inputs/simulated_04/simulated_04_frame_00002.tif,gt_outputs/simulated_04/simulated_04_gt_00002.png
430,msi_inputs/simulated_04/simulated_04_frame_00141.tif,gt_outputs/simulated_04/simulated_04_gt_00141.png
431,msi_inputs/simulated_04/simulated_04_frame_00082.tif,gt_outputs/simulated_04/simulated_04_gt_00082.png
432,msi_inputs/simulated_04/simulated_04_frame_00032.tif,gt_outputs/simulated_04/simulated_04_gt_00032.png
433,msi_inputs/simulated_04/simulated_04_frame_00051.tif,gt_outputs/simulated_04/simulated_04_gt_00051.png
434,msi_inputs/simulated_04/simulated_04_frame_00149.tif,gt_outputs/simulated_04/simulated_04_gt_00149.png
435,msi_inputs/simulated_04/simulated_04_frame_00022.tif,gt_outputs/simulated_04/simulated_04_gt_00022.png
436,msi_inputs/simulated_04/simulated_04_frame_00042.tif,gt_outputs/simulated_04/simulated_04_gt_00042.png
437,msi_inputs/simulated_04/simulated_04_frame_00179.tif,gt_outputs/simulated_04/simulated_04_gt_00179.png
438,msi_inputs/simulated_04/simulated_04_frame_00184.tif,gt_outputs/simulated_04/simulated_04_gt_00184.png
439,msi_inputs/simulated_04/simulated_04_frame_00055.tif,gt_outputs/simulated_04/simulated_04_gt_00055.png
440,msi_inputs/simulated_04/simulated_04_frame_00143.tif,gt_outputs/simulated_04/simulated_04_gt_00143.png
441,msi_inputs/simulated_04/simulated_04_frame_00127.tif,gt_outputs/simulated_04/simulated_04_gt_00127.png
442,msi_inputs/simulated_04/simulated_04_frame_00074.tif,gt_outputs/simulated_04/simulated_04_gt_00074.png
443,msi_inputs/simulated_04/simulated_04_frame_00087.tif,gt_outputs/simulated_04/simulated_04_gt_00087.png
444,msi_inputs/simulated_04/simulated_04_frame_00198.tif,gt_outputs/simulated_04/simulated_04_gt_00198.png
445,msi_inputs/simulated_04/simulated_04_frame_00190.tif,gt_outputs/simulated_04/simulated_04_gt_00190.png
446,msi_inputs/simulated_04/simulated_04_frame_00126.tif,gt_outputs/simulated_04/simulated_04_gt_00126.png
447,msi_inputs/simulated_04/simulated_04_frame_00134.tif,gt_outputs/simulated_04/simulated_04_gt_00134.png
448,msi_inputs/simulated_04/simulated_04_frame_00089.tif,gt_outputs/simulated_04/simulated_04_gt_00089.png
449,msi_inputs/simulated_04/simulated_04_frame_00057.tif,gt_outputs/simulated_04/simulated_04_gt_00057.png
450,msi_inputs/simulated_04/simulated_04_frame_00014.tif,gt_outputs/simulated_04/simulated_04_gt_00014.png
451,msi_inputs/simulated_04/simulated_04_frame_00019.tif,gt_outputs/simulated_04/simulated_04_gt_00019.png
452,msi_inputs/simulated_04/simulated_04_frame_00007.tif,gt_outputs/simulated_04/simulated_04_gt_00007.png
453,msi_inputs/simulated_04/simulated_04_frame_00053.tif,gt_outputs/simulated_04/simulated_04_gt_00053.png
454,msi_inputs/simulated_04/simulated_04_frame_00012.tif,gt_outputs/simulated_04/simulated_04_gt_00012.png
455,msi_inputs/simulated_04/simulated_04_frame_00071.tif,gt_outputs/simulated_04/simulated_04_gt_00071.png
456,msi_inputs/simulated_04/simulated_04_frame_00146.tif,gt_outputs/simulated_04/simulated_04_gt_00146.png
457,msi_inputs/simulated_04/simulated_04_frame_00193.tif,gt_outputs/simulated_04/simulated_04_gt_00193.png
458,msi_inputs/simulated_04/simulated_04_frame_00159.tif,gt_outputs/simulated_04/simulated_04_gt_00159.png
459,msi_inputs/simulated_04/simulated_04_frame_00164.tif,gt_outputs/simulated_04/simulated_04_gt_00164.png
460,msi_inputs/simulated_04/simulated_04_frame_00145.tif,gt_outputs/simulated_04/simulated_04_gt_00145.png
461,msi_inputs/simulated_04/simulated_04_frame_00118.tif,gt_outputs/simulated_04/simulated_04_gt_00118.png
462,msi_inputs/simulated_04/simulated_04_frame_00183.tif,gt_outputs/simulated_04/simulated_04_gt_00183.png
463,msi_inputs/simulated_04/simulated_04_frame_00092.tif,gt_outputs/simulated_04/simulated_04_gt_00092.png
464,msi_inputs/simulated_04/simulated_04_frame_00136.tif,gt_outputs/simulated_04/simulated_04_gt_00136.png
465,msi_inputs/simulated_04/simulated_04_frame_00121.tif,gt_outputs/simulated_04/simulated_04_gt_00121.png
466,msi_inputs/simulated_04/simulated_04_frame_00199.tif,gt_outputs/simulated_04/simulated_04_gt_00199.png
467,msi_inputs/simulated_04/simulated_04_frame_00060.tif,gt_outputs/simulated_04/simulated_04_gt_00060.png
468,msi_inputs/simulated_04/simulated_04_frame_00061.tif,gt_outputs/simulated_04/simulated_04_gt_00061.png
469,msi_inputs/simulated_04/simulated_04_frame_00067.tif,gt_outputs/simulated_04/simulated_04_gt_00067.png
470,msi_inputs/simulated_04/simulated_04_frame_00021.tif,gt_outputs/simulated_04/simulated_04_gt_00021.png
471,msi_inputs/simulated_04/simulated_04_frame_00147.tif,gt_outputs/simulated_04/simulated_04_gt_00147.png
472,msi_inputs/simulated_04/simulated_04_frame_00152.tif,gt_outputs/simulated_04/simulated_04_gt_00152.png
473,msi_inputs/simulated_04/simulated_04_frame_00072.tif,gt_outputs/simulated_04/simulated_04_gt_00072.png
474,msi_inputs/simulated_04/simulated_04_frame_00114.tif,gt_outputs/simulated_04/simulated_04_gt_00114.png
475,msi_inputs/simulated_04/simulated_04_frame_00088.tif,gt_outputs/simulated_04/simulated_04_gt_00088.png
476,msi_inputs/simulated_04/simulated_04_frame_00083.tif,gt_outputs/simulated_04/simulated_04_gt_00083.png
477,msi_inputs/simulated_04/simulated_04_frame_00123.tif,gt_outputs/simulated_04/simulated_04_gt_00123.png
478,msi_inputs/simulated_04/simulated_04_frame_00196.tif,gt_outputs/simulated_04/simulated_04_gt_00196.png
479,msi_inputs/simulated_04/simulated_04_frame_00073.tif,gt_outputs/simulated_04/simulated_04_gt_00073.png
480,msi_inputs/simulated_04/simulated_04_frame_00037.tif,gt_outputs/simulated_04/simulated_04_gt_00037.png
481,msi_inputs/simulated_04/simulated_04_frame_00115.tif,gt_outputs/simulated_04/simulated_04_gt_00115.png
482,msi_inputs/simulated_04/simulated_04_frame_00154.tif,gt_outputs/simulated_04/simulated_04_gt_00154.png
483,msi_inputs/simulated_04/simulated_04_frame_00008.tif,gt_outputs/simulated_04/simulated_04_gt_00008.png
484,msi_inputs/simulated_04/simulated_04_frame_00161.tif,gt_outputs/simulated_04/simulated_04_gt_00161.png
485,msi_inputs/simulated_04/simulated_04_frame_00122.tif,gt_outputs/simulated_04/simulated_04_gt_00122.png
486,msi_inputs/simulated_04/simulated_04_frame_00054.tif,gt_outputs/simulated_04/simulated_04_gt_00054.png
487,msi_inputs/simulated_04/simulated_04_frame_00016.tif,gt_outputs/simulated_04/simulated_04_gt_00016.png
488,msi_inputs/simulated_04/simulated_04_frame_00124.tif,gt_outputs/simulated_04/simulated_04_gt_00124.png
489,msi_inputs/simulated_04/simulated_04_frame_00135.tif,gt_outputs/simulated_04/simulated_04_gt_00135.png
490,msi_inputs/simulated_04/simulated_04_frame_00079.tif,gt_outputs/simulated_04/simulated_04_gt_00079.png
491,msi_inputs/simulated_04/simulated_04_frame_00030.tif,gt_outputs/simulated_04/simulated_04_gt_00030.png
492,msi_inputs/simulated_04/simulated_04_frame_00095.tif,gt_outputs/simulated_04/simulated_04_gt_00095.png
493,msi_inputs/simulated_04/simulated_04_frame_00099.tif,gt_outputs/simulated_04/simulated_04_gt_00099.png
494,msi_inputs/simulated_04/simulated_04_frame_00129.tif,gt_outputs/simulated_04/simulated_04_gt_00129.png
495,msi_inputs/simulated_04/simulated_04_frame_00139.tif,gt_outputs/simulated_04/simulated_04_gt_00139.png
496,msi_inputs/simulated_04/simulated_04_frame_00105.tif,gt_outputs/simulated_04/simulated_04_gt_00105.png
497,msi_inputs/simulated_04/simulated_04_frame_00056.tif,gt_outputs/simulated_04/simulated_04_gt_00056.png
498,msi_inputs/simulated_04/simulated_04_frame_00153.tif,gt_outputs/simulated_04/simulated_04_gt_00153.png
499,msi_inputs/simulated_04/simulated_04_frame_00093.tif,gt_outputs/simulated_04/simulated_04_gt_00093.png
500,msi_inputs/simulated_04/simulated_04_frame_00151.tif,gt_outputs/simulated_04/simulated_04_gt_00151.png
501,msi_inputs/simulated_04/simulated_04_frame_00150.tif,gt_outputs/simulated_04/simulated_04_gt_00150.png
502,msi_inputs/simulated_04/simulated_04_frame_00091.tif,gt_outputs/simulated_04/simulated_04_gt_00091.png
503,msi_inputs/simulated_04/simulated_04_frame_00140.tif,gt_outputs/simulated_04/simulated_04_gt_00140.png
504,msi_inputs/simulated_04/simulated_04_frame_00130.tif,gt_outputs/simulated_04/simulated_04_gt_00130.png
505,msi_inputs/simulated_04/simulated_04_frame_00125.tif,gt_outputs/simulated_04/simulated_04_gt_00125.png
506,msi_inputs/simulated_04/simulated_04_frame_00035.tif,gt_outputs/simulated_04/simulated_04_gt_00035.png
507,msi_inputs/simulated_04/simulated_04_frame_00001.tif,gt_outputs/simulated_04/simulated_04_gt_00001.png
508,msi_inputs/simulated_04/simulated_04_frame_00155.tif,gt_outputs/simulated_04/simulated_04_gt_00155.png
509,msi_inputs/simulated_04/simulated_04_frame_00029.tif,gt_outputs/simulated_04/simulated_04_gt_00029.png
510,msi_inputs/simulated_04/simulated_04_frame_00169.tif,gt_outputs/simulated_04/simulated_04_gt_00169.png
511,msi_inputs/simulated_04/simulated_04_frame_00039.tif,gt_outputs/simulated_04/simulated_04_gt_00039.png
512,msi_inputs/simulated_04/simulated_04_frame_00178.tif,gt_outputs/simulated_04/simulated_04_gt_00178.png
513,msi_inputs/simulated_04/simulated_04_frame_00113.tif,gt_outputs/simulated_04/simulated_04_gt_00113.png
514,msi_inputs/simulated_04/simulated_04_frame_00176.tif,gt_outputs/simulated_04/simulated_04_gt_00176.png
515,msi_inputs/simulated_04/simulated_04_frame_00148.tif,gt_outputs/simulated_04/simulated_04_gt_00148.png
516,msi_inputs/simulated_04/simulated_04_frame_00048.tif,gt_outputs/simulated_04/simulated_04_gt_00048.png
517,msi_inputs/simulated_04/simulated_04_frame_00142.tif,gt_outputs/simulated_04/simulated_04_gt_00142.png
518,msi_inputs/simulated_04/simulated_04_frame_00024.tif,gt_outputs/simulated_04/simulated_04_gt_00024.png
519,msi_inputs/simulated_04/simulated_04_frame_00000.tif,gt_outputs/simulated_04/simulated_04_gt_00000.png
520,msi_inputs/simulated_04/simulated_04_frame_00131.tif,gt_outputs/simulated_04/simulated_04_gt_00131.png
521,msi_inputs/simulated_04/simulated_04_frame_00050.tif,gt_outputs/simulated_04/simulated_04_gt_00050.png
522,msi_inputs/simulated_04/simulated_04_frame_00059.tif,gt_outputs/simulated_04/simulated_04_gt_00059.png
523,msi_inputs/simulated_04/simulated_04_frame_00045.tif,gt_outputs/simulated_04/simulated_04_gt_00045.png
524,msi_inputs/simulated_04/simulated_04_frame_00044.tif,gt_outputs/simulated_04/simulated_04_gt_00044.png
525,msi_inputs/simulated_04/simulated_04_frame_00156.tif,gt_outputs/simulated_04/simulated_04_gt_00156.png
526,msi_inputs/simulated_04/simulated_04_frame_00186.tif,gt_outputs/simulated_04/simulated_04_gt_00186.png
527,msi_inputs/simulated_04/simulated_04_frame_00013.tif,gt_outputs/simulated_04/simulated_04_gt_00013.png
528,msi_inputs/simulated_04/simulated_04_frame_00197.tif,gt_outputs/simulated_04/simulated_04_gt_00197.png
529,msi_inputs/simulated_04/simulated_04_frame_00189.tif,gt_outputs/simulated_04/simulated_04_gt_00189.png
530,msi_inputs/simulated_04/simulated_04_frame_00004.tif,gt_outputs/simulated_04/simulated_04_gt_00004.png
531,msi_inputs/simulated_04/simulated_04_frame_00107.tif,gt_outputs/simulated_04/simulated_04_gt_00107.png
532,msi_inputs/simulated_04/simulated_04_frame_00084.tif,gt_outputs/simulated_04/simulated_04_gt_00084.png
533,msi_inputs/simulated_04/simulated_04_frame_00128.tif,gt_outputs/simulated_04/simulated_04_gt_00128.png
534,msi_inputs/simulated_04/simulated_04_frame_00112.tif,gt_outputs/simulated_04/simulated_04_gt_00112.png
535,msi_inputs/simulated_04/simulated_04_frame_00065.tif,gt_outputs/simulated_04/simulated_04_gt_00065.png
536,msi_inputs/simulated_04/simulated_04_frame_00081.tif,gt_outputs/simulated_04/simulated_04_gt_00081.png
537,msi_inputs/simulated_04/simulated_04_frame_00192.tif,gt_outputs/simulated_04/simulated_04_gt_00192.png
538,msi_inputs/simulated_04/simulated_04_frame_00185.tif,gt_outputs/simulated_04/simulated_04_gt_00185.png
539,msi_inputs/simulated_04/simulated_04_frame_00078.tif,gt_outputs/simulated_04/simulated_04_gt_00078.png
540,msi_inputs/simulated_04/simulated_04_frame_00162.tif,gt_outputs/simulated_04/simulated_04_gt_00162.png
541,msi_inputs/simulated_04/simulated_04_frame_00040.tif,gt_outputs/simulated_04/simulated_04_gt_00040.png
542,msi_inputs/simulated_04/simulated_04_frame_00094.tif,gt_outputs/simulated_04/simulated_04_gt_00094.png
543,msi_inputs/simulated_04/simulated_04_frame_00077.tif,gt_outputs/simulated_04/simulated_04_gt_00077.png
544,msi_inputs/simulated_04/simulated_04_frame_00098.tif,gt_outputs/simulated_04/simulated_04_gt_00098.png
545,msi_inputs/simulated_04/simulated_04_frame_00025.tif,gt_outputs/simulated_04/simulated_04_gt_00025.png
546,msi_inputs/simulated_04/simulated_04_frame_00043.tif,gt_outputs/simulated_04/simulated_04_gt_00043.png
547,msi_inputs/simulated_04/simulated_04_frame_00158.tif,gt_outputs/simulated_04/simulated_04_gt_00158.png
548,msi_inputs/simulated_04/simulated_04_frame_00103.tif,gt_outputs/simulated_04/simulated_04_gt_00103.png
549,msi_inputs/simulated_04/simulated_04_frame_00119.tif,gt_outputs/simulated_04/simulated_04_gt_00119.png
550,msi_inputs/simulated_04/simulated_04_frame_00110.tif,gt_outputs/simulated_04/simulated_04_gt_00110.png
551,msi_inputs/simulated_04/simulated_04_frame_00102.tif,gt_outputs/simulated_04/simulated_04_gt_00102.png
552,msi_inputs/simulated_04/simulated_04_frame_00011.tif,gt_outputs/simulated_04/simulated_04_gt_00011.png
553,msi_inputs/simulated_04/simulated_04_frame_00100.tif,gt_outputs/simulated_04/simulated_04_gt_00100.png
554,msi_inputs/simulated_04/simulated_04_frame_00109.tif,gt_outputs/simulated_04/simulated_04_gt_00109.png
555,msi_inputs/simulated_04/simulated_04_frame_00182.tif,gt_outputs/simulated_04/simulated_04_gt_00182.png
556,msi_inputs/simulated_04/simulated_04_frame_00015.tif,gt_outputs/simulated_04/simulated_04_gt_00015.png
557,msi_inputs/simulated_04/simulated_04_frame_00171.tif,gt_outputs/simulated_04/simulated_04_gt_00171.png
558,msi_inputs/simulated_04/simulated_04_frame_00031.tif,gt_outputs/simulated_04/simulated_04_gt_00031.png
559,msi_inputs/simulated_04/simulated_04_frame_00173.tif,gt_outputs/simulated_04/simulated_04_gt_00173.png
560,msi_inputs/simulated_05/simulated_05_frame_00151.tif,gt_outputs/simulated_05/simulated_05_gt_00151.png
561,msi_inputs/simulated_05/simulated_05_frame_00130.tif,gt_outputs/simulated_05/simulated_05_gt_00130.png
562,msi_inputs/simulated_05/simulated_05_frame_00169.tif,gt_outputs/simulated_05/simulated_05_gt_00169.png
563,msi_inputs/simulated_05/simulated_05_frame_00075.tif,gt_outputs/simulated_05/simulated_05_gt_00075.png
564,msi_inputs/simulated_05/simulated_05_frame_00035.tif,gt_outputs/simulated_05/simulated_05_gt_00035.png
565,msi_inputs/simulated_05/simulated_05_frame_00125.tif,gt_outputs/simulated_05/simulated_05_gt_00125.png
566,msi_inputs/simulated_05/simulated_05_frame_00079.tif,gt_outputs/simulated_05/simulated_05_gt_00079.png
567,msi_inputs/simulated_05/simulated_05_frame_00034.tif,gt_outputs/simulated_05/simulated_05_gt_00034.png
568,msi_inputs/simulated_05/simulated_05_frame_00031.tif,gt_outputs/simulated_05/simulated_05_gt_00031.png
569,msi_inputs/simulated_05/simulated_05_frame_00077.tif,gt_outputs/simulated_05/simulated_05_gt_00077.png
570,msi_inputs/simulated_05/simulated_05_frame_00029.tif,gt_outputs/simulated_05/simulated_05_gt_00029.png
571,msi_inputs/simulated_05/simulated_05_frame_00008.tif,gt_outputs/simulated_05/simulated_05_gt_00008.png
572,msi_inputs/simulated_05/simulated_05_frame_00010.tif,gt_outputs/simulated_05/simulated_05_gt_00010.png
573,msi_inputs/simulated_05/simulated_05_frame_00058.tif,gt_outputs/simulated_05/simulated_05_gt_00058.png
574,msi_inputs/simulated_05/simulated_05_frame_00027.tif,gt_outputs/simulated_05/simulated_05_gt_00027.png
575,msi_inputs/simulated_05/simulated_05_frame_00187.tif,gt_outputs/simulated_05/simulated_05_gt_00187.png
576,msi_inputs/simulated_05/simulated_05_frame_00106.tif,gt_outputs/simulated_05/simulated_05_gt_00106.png
577,msi_inputs/simulated_05/simulated_05_frame_00123.tif,gt_outputs/simulated_05/simulated_05_gt_00123.png
578,msi_inputs/simulated_05/simulated_05_frame_00164.tif,gt_outputs/simulated_05/simulated_05_gt_00164.png
579,msi_inputs/simulated_05/simulated_05_frame_00126.tif,gt_outputs/simulated_05/simulated_05_gt_00126.png
580,msi_inputs/simulated_05/simulated_05_frame_00183.tif,gt_outputs/simulated_05/simulated_05_gt_00183.png
581,msi_inputs/simulated_05/simulated_05_frame_00124.tif,gt_outputs/simulated_05/simulated_05_gt_00124.png
582,msi_inputs/simulated_05/simulated_05_frame_00163.tif,gt_outputs/simulated_05/simulated_05_gt_00163.png
583,msi_inputs/simulated_05/simulated_05_frame_00056.tif,gt_outputs/simulated_05/simulated_05_gt_00056.png
584,msi_inputs/simulated_05/simulated_05_frame_00171.tif,gt_outputs/simulated_05/simulated_05_gt_00171.png
585,msi_inputs/simulated_05/simulated_05_frame_00087.tif,gt_outputs/simulated_05/simulated_05_gt_00087.png
586,msi_inputs/simulated_05/simulated_05_frame_00032.tif,gt_outputs/simulated_05/simulated_05_gt_00032.png
587,msi_inputs/simulated_05/simulated_05_frame_00170.tif,gt_outputs/simulated_05/simulated_05_gt_00170.png
588,msi_inputs/simulated_05/simulated_05_frame_00092.tif,gt_outputs/simulated_05/simulated_05_gt_00092.png
589,msi_inputs/simulated_05/simulated_05_frame_00071.tif,gt_outputs/simulated_05/simulated_05_gt_00071.png
590,msi_inputs/simulated_05/simulated_05_frame_00089.tif,gt_outputs/simulated_05/simulated_05_gt_00089.png
591,msi_inputs/simulated_05/simulated_05_frame_00040.tif,gt_outputs/simulated_05/simulated_05_gt_00040.png
592,msi_inputs/simulated_05/simulated_05_frame_00180.tif,gt_outputs/simulated_05/simulated_05_gt_00180.png
593,msi_inputs/simulated_05/simulated_05_frame_00101.tif,gt_outputs/simulated_05/simulated_05_gt_00101.png
594,msi_inputs/simulated_05/simulated_05_frame_00070.tif,gt_outputs/simulated_05/simulated_05_gt_00070.png
595,msi_inputs/simulated_05/simulated_05_frame_00052.tif,gt_outputs/simulated_05/simulated_05_gt_00052.png
596,msi_inputs/simulated_05/simulated_05_frame_00016.tif,gt_outputs/simulated_05/simulated_05_gt_00016.png
597,msi_inputs/simulated_05/simulated_05_frame_00166.tif,gt_outputs/simulated_05/simulated_05_gt_00166.png
598,msi_inputs/simulated_05/simulated_05_frame_00063.tif,gt_outputs/simulated_05/simulated_05_gt_00063.png
599,msi_inputs/simulated_05/simulated_05_frame_00186.tif,gt_outputs/simulated_05/simulated_05_gt_00186.png
600,msi_inputs/simulated_05/simulated_05_frame_00004.tif,gt_outputs/simulated_05/simulated_05_gt_00004.png
601,msi_inputs/simulated_05/simulated_05_frame_00118.tif,gt_outputs/simulated_05/simulated_05_gt_00118.png
602,msi_inputs/simulated_05/simulated_05_frame_00134.tif,gt_outputs/simulated_05/simulated_05_gt_00134.png
603,msi_inputs/simulated_05/simulated_05_frame_00024.tif,gt_outputs/simulated_05/simulated_05_gt_00024.png
604,msi_inputs/simulated_05/simulated_05_frame_00078.tif,gt_outputs/simulated_05/simulated_05_gt_00078.png
605,msi_inputs/simulated_05/simulated_05_frame_00167.tif,gt_outputs/simulated_05/simulated_05_gt_00167.png
606,msi_inputs/simulated_05/simulated_05_frame_00142.tif,gt_outputs/simulated_05/simulated_05_gt_00142.png
607,msi_inputs/simulated_05/simulated_05_frame_00112.tif,gt_outputs/simulated_05/simulated_05_gt_00112.png
608,msi_inputs/simulated_05/simulated_05_frame_00127.tif,gt_outputs/simulated_05/simulated_05_gt_00127.png
609,msi_inputs/simulated_05/simulated_05_frame_00194.tif,gt_outputs/simulated_05/simulated_05_gt_00194.png
610,msi_inputs/simulated_05/simulated_05_frame_00046.tif,gt_outputs/simulated_05/simulated_05_gt_00046.png
611,msi_inputs/simulated_05/simulated_05_frame_00196.tif,gt_outputs/simulated_05/simulated_05_gt_00196.png
612,msi_inputs/simulated_05/simulated_05_frame_00100.tif,gt_outputs/simulated_05/simulated_05_gt_00100.png
613,msi_inputs/simulated_05/simulated_05_frame_00107.tif,gt_outputs/simulated_05/simulated_05_gt_00107.png
614,msi_inputs/simulated_05/simulated_05_frame_00083.tif,gt_outputs/simulated_05/simulated_05_gt_00083.png
615,msi_inputs/simulated_05/simulated_05_frame_00093.tif,gt_outputs/simulated_05/simulated_05_gt_00093.png
616,msi_inputs/simulated_05/simulated_05_frame_00145.tif,gt_outputs/simulated_05/simulated_05_gt_00145.png
617,msi_inputs/simulated_05/simulated_05_frame_00184.tif,gt_outputs/simulated_05/simulated_05_gt_00184.png
618,msi_inputs/simulated_05/simulated_05_frame_00172.tif,gt_outputs/simulated_05/simulated_05_gt_00172.png
619,msi_inputs/simulated_05/simulated_05_frame_00009.tif,gt_outputs/simulated_05/simulated_05_gt_00009.png
620,msi_inputs/simulated_05/simulated_05_frame_00147.tif,gt_outputs/simulated_05/simulated_05_gt_00147.png
621,msi_inputs/simulated_05/simulated_05_frame_00018.tif,gt_outputs/simulated_05/simulated_05_gt_00018.png
622,msi_inputs/simulated_05/simulated_05_frame_00049.tif,gt_outputs/simulated_05/simulated_05_gt_00049.png
623,msi_inputs/simulated_05/simulated_05_frame_00043.tif,gt_outputs/simulated_05/simulated_05_gt_00043.png
624,msi_inputs/simulated_05/simulated_05_frame_00161.tif,gt_outputs/simulated_05/simulated_05_gt_00161.png
625,msi_inputs/simulated_05/simulated_05_frame_00036.tif,gt_outputs/simulated_05/simulated_05_gt_00036.png
626,msi_inputs/simulated_05/simulated_05_frame_00015.tif,gt_outputs/simulated_05/simulated_05_gt_00015.png
627,msi_inputs/simulated_05/simulated_05_frame_00085.tif,gt_outputs/simulated_05/simulated_05_gt_00085.png
628,msi_inputs/simulated_05/simulated_05_frame_00082.tif,gt_outputs/simulated_05/simulated_05_gt_00082.png
629,msi_inputs/simulated_05/simulated_05_frame_00141.tif,gt_outputs/simulated_05/simulated_05_gt_00141.png
630,msi_inputs/simulated_05/simulated_05_frame_00159.tif,gt_outputs/simulated_05/simulated_05_gt_00159.png
631,msi_inputs/simulated_05/simulated_05_frame_00048.tif,gt_outputs/simulated_05/simulated_05_gt_00048.png
632,msi_inputs/simulated_05/simulated_05_frame_00025.tif,gt_outputs/simulated_05/simulated_05_gt_00025.png
633,msi_inputs/simulated_05/simulated_05_frame_00067.tif,gt_outputs/simulated_05/simulated_05_gt_00067.png
634,msi_inputs/simulated_05/simulated_05_frame_00020.tif,gt_outputs/simulated_05/simulated_05_gt_00020.png
635,msi_inputs/simulated_05/simulated_05_frame_00088.tif,gt_outputs/simulated_05/simulated_05_gt_00088.png
636,msi_inputs/simulated_05/simulated_05_frame_00044.tif,gt_outputs/simulated_05/simulated_05_gt_00044.png
637,msi_inputs/simulated_05/simulated_05_frame_00103.tif,gt_outputs/simulated_05/simulated_05_gt_00103.png
638,msi_inputs/simulated_05/simulated_05_frame_00084.tif,gt_outputs/simulated_05/simulated_05_gt_00084.png
639,msi_inputs/simulated_05/simulated_05_frame_00188.tif,gt_outputs/simulated_05/simulated_05_gt_00188.png
640,msi_inputs/simulated_05/simulated_05_frame_00158.tif,gt_outputs/simulated_05/simulated_05_gt_00158.png
641,msi_inputs/simulated_05/simulated_05_frame_00111.tif,gt_outputs/simulated_05/simulated_05_gt_00111.png
642,msi_inputs/simulated_05/simulated_05_frame_00193.tif,gt_outputs/simulated_05/simulated_05_gt_00193.png
643,msi_inputs/simulated_05/simulated_05_frame_00073.tif,gt_outputs/simulated_05/simulated_05_gt_00073.png
644,msi_inputs/simulated_05/simulated_05_frame_00104.tif,gt_outputs/simulated_05/simulated_05_gt_00104.png
645,msi_inputs/simulated_05/simulated_05_frame_00091.tif,gt_outputs/simulated_05/simulated_05_gt_00091.png
646,msi_inputs/simulated_05/simulated_05_frame_00038.tif,gt_outputs/simulated_05/simulated_05_gt_00038.png
647,msi_inputs/simulated_05/simulated_05_frame_00181.tif,gt_outputs/simulated_05/simulated_05_gt_00181.png
648,msi_inputs/simulated_05/simulated_05_frame_00139.tif,gt_outputs/simulated_05/simulated_05_gt_00139.png
649,msi_inputs/simulated_05/simulated_05_frame_00132.tif,gt_outputs/simulated_05/simulated_05_gt_00132.png
650,msi_inputs/simulated_05/simulated_05_frame_00149.tif,gt_outputs/simulated_05/simulated_05_gt_00149.png
651,msi_inputs/simulated_05/simulated_05_frame_00109.tif,gt_outputs/simulated_05/simulated_05_gt_00109.png
652,msi_inputs/simulated_05/simulated_05_frame_00177.tif,gt_outputs/simulated_05/simulated_05_gt_00177.png
653,msi_inputs/simulated_05/simulated_05_frame_00150.tif,gt_outputs/simulated_05/simulated_05_gt_00150.png
654,msi_inputs/simulated_05/simulated_05_frame_00000.tif,gt_outputs/simulated_05/simulated_05_gt_00000.png
655,msi_inputs/simulated_05/simulated_05_frame_00061.tif,gt_outputs/simulated_05/simulated_05_gt_00061.png
656,msi_inputs/simulated_05/simulated_05_frame_00022.tif,gt_outputs/simulated_05/simulated_05_gt_00022.png
657,msi_inputs/simulated_05/simulated_05_frame_00191.tif,gt_outputs/simulated_05/simulated_05_gt_00191.png
658,msi_inputs/simulated_05/simulated_05_frame_00001.tif,gt_outputs/simulated_05/simulated_05_gt_00001.png
659,msi_inputs/simulated_05/simulated_05_frame_00069.tif,gt_outputs/simulated_05/simulated_05_gt_00069.png
660,msi_inputs/simulated_05/simulated_05_frame_00097.tif,gt_outputs/simulated_05/simulated_05_gt_00097.png
661,msi_inputs/simulated_05/simulated_05_frame_00026.tif,gt_outputs/simulated_05/simulated_05_gt_00026.png
662,msi_inputs/simulated_05/simulated_05_frame_00065.tif,gt_outputs/simulated_05/simulated_05_gt_00065.png
663,msi_inputs/simulated_05/simulated_05_frame_00105.tif,gt_outputs/simulated_05/simulated_05_gt_00105.png
664,msi_inputs/simulated_05/simulated_05_frame_00179.tif,gt_outputs/simulated_05/simulated_05_gt_00179.png
665,msi_inputs/simulated_05/simulated_05_frame_00133.tif,gt_outputs/simulated_05/simulated_05_gt_00133.png
666,msi_inputs/simulated_05/simulated_05_frame_00037.tif,gt_outputs/simulated_05/simulated_05_gt_00037.png
667,msi_inputs/simulated_05/simulated_05_frame_00080.tif,gt_outputs/simulated_05/simulated_05_gt_00080.png
668,msi_inputs/simulated_05/simulated_05_frame_00039.tif,gt_outputs/simulated_05/simulated_05_gt_00039.png
669,msi_inputs/simulated_05/simulated_05_frame_00137.tif,gt_outputs/simulated_05/simulated_05_gt_00137.png
670,msi_inputs/simulated_05/simulated_05_frame_00115.tif,gt_outputs/simulated_05/simulated_05_gt_00115.png
671,msi_inputs/simulated_05/simulated_05_frame_00108.tif,gt_outputs/simulated_05/simulated_05_gt_00108.png
672,msi_inputs/simulated_05/simulated_05_frame_00113.tif,gt_outputs/simulated_05/simulated_05_gt_00113.png
673,msi_inputs/simulated_05/simulated_05_frame_00059.tif,gt_outputs/simulated_05/simulated_05_gt_00059.png
674,msi_inputs/simulated_05/simulated_05_frame_00173.tif,gt_outputs/simulated_05/simulated_05_gt_00173.png
675,msi_inputs/simulated_05/simulated_05_frame_00064.tif,gt_outputs/simulated_05/simulated_05_gt_00064.png
676,msi_inputs/simulated_05/simulated_05_frame_00102.tif,gt_outputs/simulated_05/simulated_05_gt_00102.png
677,msi_inputs/simulated_05/simulated_05_frame_00131.tif,gt_outputs/simulated_05/simulated_05_gt_00131.png
678,msi_inputs/simulated_05/simulated_05_frame_00086.tif,gt_outputs/simulated_05/simulated_05_gt_00086.png
679,msi_inputs/simulated_05/simulated_05_frame_00014.tif,gt_outputs/simulated_05/simulated_05_gt_00014.png
680,msi_inputs/simulated_05/simulated_05_frame_00011.tif,gt_outputs/simulated_05/simulated_05_gt_00011.png
681,msi_inputs/simulated_05/simulated_05_frame_00095.tif,gt_outputs/simulated_05/simulated_05_gt_00095.png
682,msi_inputs/simulated_05/simulated_05_frame_00074.tif,gt_outputs/simulated_05/simulated_05_gt_00074.png
683,msi_inputs/simulated_05/simulated_05_frame_00055.tif,gt_outputs/simulated_05/simulated_05_gt_00055.png
684,msi_inputs/simulated_05/simulated_05_frame_00028.tif,gt_outputs/simulated_05/simulated_05_gt_00028.png
685,msi_inputs/simulated_05/simulated_05_frame_00116.tif,gt_outputs/simulated_05/simulated_05_gt_00116.png
686,msi_inputs/simulated_05/simulated_05_frame_00013.tif,gt_outputs/simulated_05/simulated_05_gt_00013.png
687,msi_inputs/simulated_05/simulated_05_frame_00050.tif,gt_outputs/simulated_05/simulated_05_gt_00050.png
688,msi_inputs/simulated_05/simulated_05_frame_00189.tif,gt_outputs/simulated_05/simulated_05_gt_00189.png
689,msi_inputs/simulated_05/simulated_05_frame_00017.tif,gt_outputs/simulated_05/simulated_05_gt_00017.png
690,msi_inputs/simulated_05/simulated_05_frame_00160.tif,gt_outputs/simulated_05/simulated_05_gt_00160.png
691,msi_inputs/simulated_05/simulated_05_frame_00098.tif,gt_outputs/simulated_05/simulated_05_gt_00098.png
692,msi_inputs/simulated_05/simulated_05_frame_00110.tif,gt_outputs/simulated_05/simulated_05_gt_00110.png
693,msi_inputs/simulated_05/simulated_05_frame_00042.tif,gt_outputs/simulated_05/simulated_05_gt_00042.png
694,msi_inputs/simulated_05/simulated_05_frame_00199.tif,gt_outputs/simulated_05/simulated_05_gt_00199.png
695,msi_inputs/simulated_05/simulated_05_frame_00185.tif,gt_outputs/simulated_05/simulated_05_gt_00185.png
696,msi_inputs/simulated_05/simulated_05_frame_00143.tif,gt_outputs/simulated_05/simulated_05_gt_00143.png
697,msi_inputs/simulated_05/simulated_05_frame_00144.tif,gt_outputs/simulated_05/simulated_05_gt_00144.png
698,msi_inputs/simulated_05/simulated_05_frame_00021.tif,gt_outputs/simulated_05/simulated_05_gt_00021.png
699,msi_inputs/simulated_05/simulated_05_frame_00002.tif,gt_outputs/simulated_05/simulated_05_gt_00002.png
700,msi_inputs/simulated_06/simulated_06_frame_00078.tif,gt_outputs/simulated_06/simulated_06_gt_00078.png
701,msi_inputs/simulated_06/simulated_06_frame_00070.tif,gt_outputs/simulated_06/simulated_06_gt_00070.png
702,msi_inputs/simulated_06/simulated_06_frame_00158.tif,gt_outputs/simulated_06/simulated_06_gt_00158.png
703,msi_inputs/simulated_06/simulated_06_frame_00143.tif,gt_outputs/simulated_06/simulated_06_gt_00143.png
704,msi_inputs/simulated_06/simulated_06_frame_00045.tif,gt_outputs/simulated_06/simulated_06_gt_00045.png
705,msi_inputs/simulated_06/simulated_06_frame_00050.tif,gt_outputs/simulated_06/simulated_06_gt_00050.png
706,msi_inputs/simulated_06/simulated_06_frame_00152.tif,gt_outputs/simulated_06/simulated_06_gt_00152.png
707,msi_inputs/simulated_06/simulated_06_frame_00126.tif,gt_outputs/simulated_06/simulated_06_gt_00126.png
708,msi_inputs/simulated_06/simulated_06_frame_00164.tif,gt_outputs/simulated_06/simulated_06_gt_00164.png
709,msi_inputs/simulated_06/simulated_06_frame_00053.tif,gt_outputs/simulated_06/simulated_06_gt_00053.png
710,msi_inputs/simulated_06/simulated_06_frame_00030.tif,gt_outputs/simulated_06/simulated_06_gt_00030.png
711,msi_inputs/simulated_06/simulated_06_frame_00118.tif,gt_outputs/simulated_06/simulated_06_gt_00118.png
712,msi_inputs/simulated_06/simulated_06_frame_00155.tif,gt_outputs/simulated_06/simulated_06_gt_00155.png
713,msi_inputs/simulated_06/simulated_06_frame_00046.tif,gt_outputs/simulated_06/simulated_06_gt_00046.png
714,msi_inputs/simulated_06/simulated_06_frame_00040.tif,gt_outputs/simulated_06/simulated_06_gt_00040.png
715,msi_inputs/simulated_06/simulated_06_frame_00183.tif,gt_outputs/simulated_06/simulated_06_gt_00183.png
716,msi_inputs/simulated_06/simulated_06_frame_00037.tif,gt_outputs/simulated_06/simulated_06_gt_00037.png
717,msi_inputs/simulated_06/simulated_06_frame_00060.tif,gt_outputs/simulated_06/simulated_06_gt_00060.png
718,msi_inputs/simulated_06/simulated_06_frame_00089.tif,gt_outputs/simulated_06/simulated_06_gt_00089.png
719,msi_inputs/simulated_06/simulated_06_frame_00061.tif,gt_outputs/simulated_06/simulated_06_gt_00061.png
720,msi_inputs/simulated_06/simulated_06_frame_00161.tif,gt_outputs/simulated_06/simulated_06_gt_00161.png
721,msi_inputs/simulated_06/simulated_06_frame_00175.tif,gt_outputs/simulated_06/simulated_06_gt_00175.png
722,msi_inputs/simulated_06/simulated_06_frame_00137.tif,gt_outputs/simulated_06/simulated_06_gt_00137.png
723,msi_inputs/simulated_06/simulated_06_frame_00124.tif,gt_outputs/simulated_06/simulated_06_gt_00124.png
724,msi_inputs/simulated_06/simulated_06_frame_00139.tif,gt_outputs/simulated_06/simulated_06_gt_00139.png
725,msi_inputs/simulated_06/simulated_06_frame_00150.tif,gt_outputs/simulated_06/simulated_06_gt_00150.png
726,msi_inputs/simulated_06/simulated_06_frame_00056.tif,gt_outputs/simulated_06/simulated_06_gt_00056.png
727,msi_inputs/simulated_06/simulated_06_frame_00178.tif,gt_outputs/simulated_06/simulated_06_gt_00178.png
728,msi_inputs/simulated_06/simulated_06_frame_00170.tif,gt_outputs/simulated_06/simulated_06_gt_00170.png
729,msi_inputs/simulated_06/simulated_06_frame_00127.tif,gt_outputs/simulated_06/simulated_06_gt_00127.png
730,msi_inputs/simulated_06/simulated_06_frame_00144.tif,gt_outputs/simulated_06/simulated_06_gt_00144.png
731,msi_inputs/simulated_06/simulated_06_frame_00119.tif,gt_outputs/simulated_06/simulated_06_gt_00119.png
732,msi_inputs/simulated_06/simulated_06_frame_00038.tif,gt_outputs/simulated_06/simulated_06_gt_00038.png
733,msi_inputs/simulated_06/simulated_06_frame_00082.tif,gt_outputs/simulated_06/simulated_06_gt_00082.png
734,msi_inputs/simulated_06/simulated_06_frame_00197.tif,gt_outputs/simulated_06/simulated_06_gt_00197.png
735,msi_inputs/simulated_06/simulated_06_frame_00031.tif,gt_outputs/simulated_06/simulated_06_gt_00031.png
736,msi_inputs/simulated_06/simulated_06_frame_00168.tif,gt_outputs/simulated_06/simulated_06_gt_00168.png
737,msi_inputs/simulated_06/simulated_06_frame_00081.tif,gt_outputs/simulated_06/simulated_06_gt_00081.png
738,msi_inputs/simulated_06/simulated_06_frame_00075.tif,gt_outputs/simulated_06/simulated_06_gt_00075.png
739,msi_inputs/simulated_06/simulated_06_frame_00166.tif,gt_outputs/simulated_06/simulated_06_gt_00166.png
740,msi_inputs/simulated_06/simulated_06_frame_00199.tif,gt_outputs/simulated_06/simulated_06_gt_00199.png
741,msi_inputs/simulated_06/simulated_06_frame_00047.tif,gt_outputs/simulated_06/simulated_06_gt_00047.png
742,msi_inputs/simulated_06/simulated_06_frame_00136.tif,gt_outputs/simulated_06/simulated_06_gt_00136.png
743,msi_inputs/simulated_06/simulated_06_frame_00063.tif,gt_outputs/simulated_06/simulated_06_gt_00063.png
744,msi_inputs/simulated_06/simulated_06_frame_00102.tif,gt_outputs/simulated_06/simulated_06_gt_00102.png
745,msi_inputs/simulated_06/simulated_06_frame_00026.tif,gt_outputs/simulated_06/simulated_06_gt_00026.png
746,msi_inputs/simulated_06/simulated_06_frame_00067.tif,gt_outputs/simulated_06/simulated_06_gt_00067.png
747,msi_inputs/simulated_06/simulated_06_frame_00121.tif,gt_outputs/simulated_06/simulated_06_gt_00121.png
748,msi_inputs/simulated_06/simulated_06_frame_00176.tif,gt_outputs/simulated_06/simulated_06_gt_00176.png
749,msi_inputs/simulated_06/simulated_06_frame_00065.tif,gt_outputs/simulated_06/simulated_06_gt_00065.png
750,msi_inputs/simulated_06/simulated_06_frame_00007.tif,gt_outputs/simulated_06/simulated_06_gt_00007.png
751,msi_inputs/simulated_06/simulated_06_frame_00148.tif,gt_outputs/simulated_06/simulated_06_gt_00148.png
752,msi_inputs/simulated_06/simulated_06_frame_00154.tif,gt_outputs/simulated_06/simulated_06_gt_00154.png
753,msi_inputs/simulated_06/simulated_06_frame_00025.tif,gt_outputs/simulated_06/simulated_06_gt_00025.png
754,msi_inputs/simulated_06/simulated_06_frame_00173.tif,gt_outputs/simulated_06/simulated_06_gt_00173.png
755,msi_inputs/simulated_06/simulated_06_frame_00159.tif,gt_outputs/simulated_06/simulated_06_gt_00159.png
756,msi_inputs/simulated_06/simulated_06_frame_00165.tif,gt_outputs/simulated_06/simulated_06_gt_00165.png
757,msi_inputs/simulated_06/simulated_06_frame_00169.tif,gt_outputs/simulated_06/simulated_06_gt_00169.png
758,msi_inputs/simulated_06/simulated_06_frame_00044.tif,gt_outputs/simulated_06/simulated_06_gt_00044.png
759,msi_inputs/simulated_06/simulated_06_frame_00191.tif,gt_outputs/simulated_06/simulated_06_gt_00191.png
760,msi_inputs/simulated_06/simulated_06_frame_00033.tif,gt_outputs/simulated_06/simulated_06_gt_00033.png
761,msi_inputs/simulated_06/simulated_06_frame_00189.tif,gt_outputs/simulated_06/simulated_06_gt_00189.png
762,msi_inputs/simulated_06/simulated_06_frame_00122.tif,gt_outputs/simulated_06/simulated_06_gt_00122.png
763,msi_inputs/simulated_06/simulated_06_frame_00142.tif,gt_outputs/simulated_06/simulated_06_gt_00142.png
764,msi_inputs/simulated_06/simulated_06_frame_00064.tif,gt_outputs/simulated_06/simulated_06_gt_00064.png
765,msi_inputs/simulated_06/simulated_06_frame_00020.tif,gt_outputs/simulated_06/simulated_06_gt_00020.png
766,msi_inputs/simulated_06/simulated_06_frame_00177.tif,gt_outputs/simulated_06/simulated_06_gt_00177.png
767,msi_inputs/simulated_06/simulated_06_frame_00097.tif,gt_outputs/simulated_06/simulated_06_gt_00097.png
768,msi_inputs/simulated_06/simulated_06_frame_00004.tif,gt_outputs/simulated_06/simulated_06_gt_00004.png
769,msi_inputs/simulated_06/simulated_06_frame_00099.tif,gt_outputs/simulated_06/simulated_06_gt_00099.png
770,msi_inputs/simulated_06/simulated_06_frame_00141.tif,gt_outputs/simulated_06/simulated_06_gt_00141.png
771,msi_inputs/simulated_06/simulated_06_frame_00035.tif,gt_outputs/simulated_06/simulated_06_gt_00035.png
772,msi_inputs/simulated_06/simulated_06_frame_00129.tif,gt_outputs/simulated_06/simulated_06_gt_00129.png
773,msi_inputs/simulated_06/simulated_06_frame_00190.tif,gt_outputs/simulated_06/simulated_06_gt_00190.png
774,msi_inputs/simulated_06/simulated_06_frame_00043.tif,gt_outputs/simulated_06/simulated_06_gt_00043.png
775,msi_inputs/simulated_06/simulated_06_frame_00112.tif,gt_outputs/simulated_06/simulated_06_gt_00112.png
776,msi_inputs/simulated_06/simulated_06_frame_00051.tif,gt_outputs/simulated_06/simulated_06_gt_00051.png
777,msi_inputs/simulated_06/simulated_06_frame_00196.tif,gt_outputs/simulated_06/simulated_06_gt_00196.png
778,msi_inputs/simulated_06/simulated_06_frame_00024.tif,gt_outputs/simulated_06/simulated_06_gt_00024.png
779,msi_inputs/simulated_06/simulated_06_frame_00059.tif,gt_outputs/simulated_06/simulated_06_gt_00059.png
780,msi_inputs/simulated_06/simulated_06_frame_00093.tif,gt_outputs/simulated_06/simulated_06_gt_00093.png
781,msi_inputs/simulated_06/simulated_06_frame_00187.tif,gt_outputs/simulated_06/simulated_06_gt_00187.png
782,msi_inputs/simulated_06/simulated_06_frame_00032.tif,gt_outputs/simulated_06/simulated_06_gt_00032.png
783,msi_inputs/simulated_06/simulated_06_frame_00184.tif,gt_outputs/simulated_06/simulated_06_gt_00184.png
784,msi_inputs/simulated_06/simulated_06_frame_00074.tif,gt_outputs/simulated_06/simulated_06_gt_00074.png
785,msi_inputs/simulated_06/simulated_06_frame_00171.tif,gt_outputs/simulated_06/simulated_06_gt_00171.png
786,msi_inputs/simulated_06/simulated_06_frame_00131.tif,gt_outputs/simulated_06/simulated_06_gt_00131.png
787,msi_inputs/simulated_06/simulated_06_frame_00085.tif,gt_outputs/simulated_06/simulated_06_gt_00085.png
788,msi_inputs/simulated_06/simulated_06_frame_00133.tif,gt_outputs/simulated_06/simulated_06_gt_00133.png
789,msi_inputs/simulated_06/simulated_06_frame_00022.tif,gt_outputs/simulated_06/simulated_06_gt_00022.png
790,msi_inputs/simulated_06/simulated_06_frame_00062.tif,gt_outputs/simulated_06/simulated_06_gt_00062.png
791,msi_inputs/simulated_06/simulated_06_frame_00049.tif,gt_outputs/simulated_06/simulated_06_gt_00049.png
792,msi_inputs/simulated_06/simulated_06_frame_00162.tif,gt_outputs/simulated_06/simulated_06_gt_00162.png
793,msi_inputs/simulated_06/simulated_06_frame_00103.tif,gt_outputs/simulated_06/simulated_06_gt_00103.png
794,msi_inputs/simulated_06/simulated_06_frame_00108.tif,gt_outputs/simulated_06/simulated_06_gt_00108.png
795,msi_inputs/simulated_06/simulated_06_frame_00138.tif,gt_outputs/simulated_06/simulated_06_gt_00138.png
796,msi_inputs/simulated_06/simulated_06_frame_00167.tif,gt_outputs/simulated_06/simulated_06_gt_00167.png
797,msi_inputs/simulated_06/simulated_06_frame_00010.tif,gt_outputs/simulated_06/simulated_06_gt_00010.png
798,msi_inputs/simulated_06/simulated_06_frame_00006.tif,gt_outputs/simulated_06/simulated_06_gt_00006.png
799,msi_inputs/simulated_06/simulated_06_frame_00160.tif,gt_outputs/simulated_06/simulated_06_gt_00160.png
800,msi_inputs/simulated_06/simulated_06_frame_00023.tif,gt_outputs/simulated_06/simulated_06_gt_00023.png
801,msi_inputs/simulated_06/simulated_06_frame_00048.tif,gt_outputs/simulated_06/simulated_06_gt_00048.png
802,msi_inputs/simulated_06/simulated_06_frame_00104.tif,gt_outputs/simulated_06/simulated_06_gt_00104.png
803,msi_inputs/simulated_06/simulated_06_frame_00041.tif,gt_outputs/simulated_06/simulated_06_gt_00041.png
804,msi_inputs/simulated_06/simulated_06_frame_00110.tif,gt_outputs/simulated_06/simulated_06_gt_00110.png
805,msi_inputs/simulated_06/simulated_06_frame_00080.tif,gt_outputs/simulated_06/simulated_06_gt_00080.png
806,msi_inputs/simulated_06/simulated_06_frame_00149.tif,gt_outputs/simulated_06/simulated_06_gt_00149.png
807,msi_inputs/simulated_06/simulated_06_frame_00163.tif,gt_outputs/simulated_06/simulated_06_gt_00163.png
808,msi_inputs/simulated_06/simulated_06_frame_00120.tif,gt_outputs/simulated_06/simulated_06_gt_00120.png
809,msi_inputs/simulated_06/simulated_06_frame_00151.tif,gt_outputs/simulated_06/simulated_06_gt_00151.png
810,msi_inputs/simulated_06/simulated_06_frame_00021.tif,gt_outputs/simulated_06/simulated_06_gt_00021.png
811,msi_inputs/simulated_06/simulated_06_frame_00039.tif,gt_outputs/simulated_06/simulated_06_gt_00039.png
812,msi_inputs/simulated_06/simulated_06_frame_00019.tif,gt_outputs/simulated_06/simulated_06_gt_00019.png
813,msi_inputs/simulated_06/simulated_06_frame_00156.tif,gt_outputs/simulated_06/simulated_06_gt_00156.png
814,msi_inputs/simulated_06/simulated_06_frame_00147.tif,gt_outputs/simulated_06/simulated_06_gt_00147.png
815,msi_inputs/simulated_06/simulated_06_frame_00105.tif,gt_outputs/simulated_06/simulated_06_gt_00105.png
816,msi_inputs/simulated_06/simulated_06_frame_00017.tif,gt_outputs/simulated_06/simulated_06_gt_00017.png
817,msi_inputs/simulated_06/simulated_06_frame_00054.tif,gt_outputs/simulated_06/simulated_06_gt_00054.png
818,msi_inputs/simulated_06/simulated_06_frame_00100.tif,gt_outputs/simulated_06/simulated_06_gt_00100.png
819,msi_inputs/simulated_06/simulated_06_frame_00052.tif,gt_outputs/simulated_06/simulated_06_gt_00052.png
820,msi_inputs/simulated_06/simulated_06_frame_00095.tif,gt_outputs/simulated_06/simulated_06_gt_00095.png
821,msi_inputs/simulated_06/simulated_06_frame_00086.tif,gt_outputs/simulated_06/simulated_06_gt_00086.png
822,msi_inputs/simulated_06/simulated_06_frame_00034.tif,gt_outputs/simulated_06/simulated_06_gt_00034.png
823,msi_inputs/simulated_06/simulated_06_frame_00188.tif,gt_outputs/simulated_06/simulated_06_gt_00188.png
824,msi_inputs/simulated_06/simulated_06_frame_00146.tif,gt_outputs/simulated_06/simulated_06_gt_00146.png
825,msi_inputs/simulated_06/simulated_06_frame_00117.tif,gt_outputs/simulated_06/simulated_06_gt_00117.png
826,msi_inputs/simulated_06/simulated_06_frame_00180.tif,gt_outputs/simulated_06/simulated_06_gt_00180.png
827,msi_inputs/simulated_06/simulated_06_frame_00140.tif,gt_outputs/simulated_06/simulated_06_gt_00140.png
828,msi_inputs/simulated_06/simulated_06_frame_00172.tif,gt_outputs/simulated_06/simulated_06_gt_00172.png
829,msi_inputs/simulated_06/simulated_06_frame_00194.tif,gt_outputs/simulated_06/simulated_06_gt_00194.png
830,msi_inputs/simulated_06/simulated_06_frame_00042.tif,gt_outputs/simulated_06/simulated_06_gt_00042.png
831,msi_inputs/simulated_06/simulated_06_frame_00072.tif,gt_outputs/simulated_06/simulated_06_gt_00072.png
832,msi_inputs/simulated_06/simulated_06_frame_00011.tif,gt_outputs/simulated_06/simulated_06_gt_00011.png
833,msi_inputs/simulated_06/simulated_06_frame_00090.tif,gt_outputs/simulated_06/simulated_06_gt_00090.png
834,msi_inputs/simulated_06/simulated_06_frame_00015.tif,gt_outputs/simulated_06/simulated_06_gt_00015.png
835,msi_inputs/simulated_06/simulated_06_frame_00179.tif,gt_outputs/simulated_06/simulated_06_gt_00179.png
836,msi_inputs/simulated_06/simulated_06_frame_00058.tif,gt_outputs/simulated_06/simulated_06_gt_00058.png
837,msi_inputs/simulated_06/simulated_06_frame_00186.tif,gt_outputs/simulated_06/simulated_06_gt_00186.png
838,msi_inputs/simulated_06/simulated_06_frame_00092.tif,gt_outputs/simulated_06/simulated_06_gt_00092.png
839,msi_inputs/simulated_06/simulated_06_frame_00185.tif,gt_outputs/simulated_06/simulated_06_gt_00185.png
840,msi_inputs/simulated_07/simulated_07_frame_00135.tif,gt_outputs/simulated_07/simulated_07_gt_00135.png
841,msi_inputs/simulated_07/simulated_07_frame_00185.tif,gt_outputs/simulated_07/simulated_07_gt_00185.png
842,msi_inputs/simulated_07/simulated_07_frame_00018.tif,gt_outputs/simulated_07/simulated_07_gt_00018.png
843,msi_inputs/simulated_07/simulated_07_frame_00124.tif,gt_outputs/simulated_07/simulated_07_gt_00124.png
844,msi_inputs/simulated_07/simulated_07_frame_00082.tif,gt_outputs/simulated_07/simulated_07_gt_00082.png
845,msi_inputs/simulated_07/simulated_07_frame_00121.tif,gt_outputs/simulated_07/simulated_07_gt_00121.png
846,msi_inputs/simulated_07/simulated_07_frame_00155.tif,gt_outputs/simulated_07/simulated_07_gt_00155.png
847,msi_inputs/simulated_07/simulated_07_frame_00164.tif,gt_outputs/simulated_07/simulated_07_gt_00164.png
848,msi_inputs/simulated_07/simulated_07_frame_00095.tif,gt_outputs/simulated_07/simulated_07_gt_00095.png
849,msi_inputs/simulated_07/simulated_07_frame_00004.tif,gt_outputs/simulated_07/simulated_07_gt_00004.png
850,msi_inputs/simulated_07/simulated_07_frame_00071.tif,gt_outputs/simulated_07/simulated_07_gt_00071.png
851,msi_inputs/simulated_07/simulated_07_frame_00111.tif,gt_outputs/simulated_07/simulated_07_gt_00111.png
852,msi_inputs/simulated_07/simulated_07_frame_00093.tif,gt_outputs/simulated_07/simulated_07_gt_00093.png
853,msi_inputs/simulated_07/simulated_07_frame_00161.tif,gt_outputs/simulated_07/simulated_07_gt_00161.png
854,msi_inputs/simulated_07/simulated_07_frame_00008.tif,gt_outputs/simulated_07/simulated_07_gt_00008.png
855,msi_inputs/simulated_07/simulated_07_frame_00003.tif,gt_outputs/simulated_07/simulated_07_gt_00003.png
856,msi_inputs/simulated_07/simulated_07_frame_00055.tif,gt_outputs/simulated_07/simulated_07_gt_00055.png
857,msi_inputs/simulated_07/simulated_07_frame_00096.tif,gt_outputs/simulated_07/simulated_07_gt_00096.png
858,msi_inputs/simulated_07/simulated_07_frame_00138.tif,gt_outputs/simulated_07/simulated_07_gt_00138.png
859,msi_inputs/simulated_07/simulated_07_frame_00180.tif,gt_outputs/simulated_07/simulated_07_gt_00180.png
860,msi_inputs/simulated_07/simulated_07_frame_00162.tif,gt_outputs/simulated_07/simulated_07_gt_00162.png
861,msi_inputs/simulated_07/simulated_07_frame_00105.tif,gt_outputs/simulated_07/simulated_07_gt_00105.png
862,msi_inputs/simulated_07/simulated_07_frame_00165.tif,gt_outputs/simulated_07/simulated_07_gt_00165.png
863,msi_inputs/simulated_07/simulated_07_frame_00053.tif,gt_outputs/simulated_07/simulated_07_gt_00053.png
864,msi_inputs/simulated_07/simulated_07_frame_00059.tif,gt_outputs/simulated_07/simulated_07_gt_00059.png
865,msi_inputs/simulated_07/simulated_07_frame_00199.tif,gt_outputs/simulated_07/simulated_07_gt_00199.png
866,msi_inputs/simulated_07/simulated_07_frame_00148.tif,gt_outputs/simulated_07/simulated_07_gt_00148.png
867,msi_inputs/simulated_07/simulated_07_frame_00009.tif,gt_outputs/simulated_07/simulated_07_gt_00009.png
868,msi_inputs/simulated_07/simulated_07_frame_00025.tif,gt_outputs/simulated_07/simulated_07_gt_00025.png
869,msi_inputs/simulated_07/simulated_07_frame_00076.tif,gt_outputs/simulated_07/simulated_07_gt_00076.png
870,msi_inputs/simulated_07/simulated_07_frame_00140.tif,gt_outputs/simulated_07/simulated_07_gt_00140.png
871,msi_inputs/simulated_07/simulated_07_frame_00158.tif,gt_outputs/simulated_07/simulated_07_gt_00158.png
872,msi_inputs/simulated_07/simulated_07_frame_00188.tif,gt_outputs/simulated_07/simulated_07_gt_00188.png
873,msi_inputs/simulated_07/simulated_07_frame_00077.tif,gt_outputs/simulated_07/simulated_07_gt_00077.png
874,msi_inputs/simulated_07/simulated_07_frame_00142.tif,gt_outputs/simulated_07/simulated_07_gt_00142.png
875,msi_inputs/simulated_07/simulated_07_frame_00125.tif,gt_outputs/simulated_07/simulated_07_gt_00125.png
876,msi_inputs/simulated_07/simulated_07_frame_00115.tif,gt_outputs/simulated_07/simulated_07_gt_00115.png
877,msi_inputs/simulated_07/simulated_07_frame_00183.tif,gt_outputs/simulated_07/simulated_07_gt_00183.png
878,msi_inputs/simulated_07/simulated_07_frame_00117.tif,gt_outputs/simulated_07/simulated_07_gt_00117.png
879,msi_inputs/simulated_07/simulated_07_frame_00089.tif,gt_outputs/simulated_07/simulated_07_gt_00089.png
880,msi_inputs/simulated_07/simulated_07_frame_00149.tif,gt_outputs/simulated_07/simulated_07_gt_00149.png
881,msi_inputs/simulated_07/simulated_07_frame_00066.tif,gt_outputs/simulated_07/simulated_07_gt_00066.png
882,msi_inputs/simulated_07/simulated_07_frame_00177.tif,gt_outputs/simulated_07/simulated_07_gt_00177.png
883,msi_inputs/simulated_07/simulated_07_frame_00011.tif,gt_outputs/simulated_07/simulated_07_gt_00011.png
884,msi_inputs/simulated_07/simulated_07_frame_00103.tif,gt_outputs/simulated_07/simulated_07_gt_00103.png
885,msi_inputs/simulated_07/simulated_07_frame_00086.tif,gt_outputs/simulated_07/simulated_07_gt_00086.png
886,msi_inputs/simulated_07/simulated_07_frame_00061.tif,gt_outputs/simulated_07/simulated_07_gt_00061.png
887,msi_inputs/simulated_07/simulated_07_frame_00042.tif,gt_outputs/simulated_07/simulated_07_gt_00042.png
888,msi_inputs/simulated_07/simulated_07_frame_00109.tif,gt_outputs/simulated_07/simulated_07_gt_00109.png
889,msi_inputs/simulated_07/simulated_07_frame_00175.tif,gt_outputs/simulated_07/simulated_07_gt_00175.png
890,msi_inputs/simulated_07/simulated_07_frame_00137.tif,gt_outputs/simulated_07/simulated_07_gt_00137.png
891,msi_inputs/simulated_07/simulated_07_frame_00032.tif,gt_outputs/simulated_07/simulated_07_gt_00032.png
892,msi_inputs/simulated_07/simulated_07_frame_00039.tif,gt_outputs/simulated_07/simulated_07_gt_00039.png
893,msi_inputs/simulated_07/simulated_07_frame_00000.tif,gt_outputs/simulated_07/simulated_07_gt_00000.png
894,msi_inputs/simulated_07/simulated_07_frame_00171.tif,gt_outputs/simulated_07/simulated_07_gt_00171.png
895,msi_inputs/simulated_07/simulated_07_frame_00107.tif,gt_outputs/simulated_07/simulated_07_gt_00107.png
896,msi_inputs/simulated_07/simulated_07_frame_00054.tif,gt_outputs/simulated_07/simulated_07_gt_00054.png
897,msi_inputs/simulated_07/simulated_07_frame_00128.tif,gt_outputs/simulated_07/simulated_07_gt_00128.png
898,msi_inputs/simulated_07/simulated_07_frame_00195.tif,gt_outputs/simulated_07/simulated_07_gt_00195.png
899,msi_inputs/simulated_07/simulated_07_frame_00027.tif,gt_outputs/simulated_07/simulated_07_gt_00027.png
900,msi_inputs/simulated_07/simulated_07_frame_00156.tif,gt_outputs/simulated_07/simulated_07_gt_00156.png
901,msi_inputs/simulated_07/simulated_07_frame_00021.tif,gt_outputs/simulated_07/simulated_07_gt_00021.png
902,msi_inputs/simulated_07/simulated_07_frame_00075.tif,gt_outputs/simulated_07/simulated_07_gt_00075.png
903,msi_inputs/simulated_07/simulated_07_frame_00092.tif,gt_outputs/simulated_07/simulated_07_gt_00092.png
904,msi_inputs/simulated_07/simulated_07_frame_00079.tif,gt_outputs/simulated_07/simulated_07_gt_00079.png
905,msi_inputs/simulated_07/simulated_07_frame_00184.tif,gt_outputs/simulated_07/simulated_07_gt_00184.png
906,msi_inputs/simulated_07/simulated_07_frame_00198.tif,gt_outputs/simulated_07/simulated_07_gt_00198.png
907,msi_inputs/simulated_07/simulated_07_frame_00186.tif,gt_outputs/simulated_07/simulated_07_gt_00186.png
908,msi_inputs/simulated_07/simulated_07_frame_00033.tif,gt_outputs/simulated_07/simulated_07_gt_00033.png
909,msi_inputs/simulated_07/simulated_07_frame_00030.tif,gt_outputs/simulated_07/simulated_07_gt_00030.png
910,msi_inputs/simulated_07/simulated_07_frame_00084.tif,gt_outputs/simulated_07/simulated_07_gt_00084.png
911,msi_inputs/simulated_07/simulated_07_frame_00081.tif,gt_outputs/simulated_07/simulated_07_gt_00081.png
912,msi_inputs/simulated_07/simulated_07_frame_00013.tif,gt_outputs/simulated_07/simulated_07_gt_00013.png
913,msi_inputs/simulated_07/simulated_07_frame_00196.tif,gt_outputs/simulated_07/simulated_07_gt_00196.png
914,msi_inputs/simulated_07/simulated_07_frame_00038.tif,gt_outputs/simulated_07/simulated_07_gt_00038.png
915,msi_inputs/simulated_07/simulated_07_frame_00052.tif,gt_outputs/simulated_07/simulated_07_gt_00052.png
916,msi_inputs/simulated_07/simulated_07_frame_00151.tif,gt_outputs/simulated_07/simulated_07_gt_00151.png
917,msi_inputs/simulated_07/simulated_07_frame_00099.tif,gt_outputs/simulated_07/simulated_07_gt_00099.png
918,msi_inputs/simulated_07/simulated_07_frame_00104.tif,gt_outputs/simulated_07/simulated_07_gt_00104.png
919,msi_inputs/simulated_07/simulated_07_frame_00069.tif,gt_outputs/simulated_07/simulated_07_gt_00069.png
920,msi_inputs/simulated_07/simulated_07_frame_00015.tif,gt_outputs/simulated_07/simulated_07_gt_00015.png
921,msi_inputs/simulated_07/simulated_07_frame_00062.tif,gt_outputs/simulated_07/simulated_07_gt_00062.png
922,msi_inputs/simulated_07/simulated_07_frame_00097.tif,gt_outputs/simulated_07/simulated_07_gt_00097.png
923,msi_inputs/simulated_07/simulated_07_frame_00050.tif,gt_outputs/simulated_07/simulated_07_gt_00050.png
924,msi_inputs/simulated_07/simulated_07_frame_00026.tif,gt_outputs/simulated_07/simulated_07_gt_00026.png
925,msi_inputs/simulated_07/simulated_07_frame_00090.tif,gt_outputs/simulated_07/simulated_07_gt_00090.png
926,msi_inputs/simulated_07/simulated_07_frame_00145.tif,gt_outputs/simulated_07/simulated_07_gt_00145.png
927,msi_inputs/simulated_07/simulated_07_frame_00166.tif,gt_outputs/simulated_07/simulated_07_gt_00166.png
928,msi_inputs/simulated_07/simulated_07_frame_00048.tif,gt_outputs/simulated_07/simulated_07_gt_00048.png
929,msi_inputs/simulated_07/simulated_07_frame_00088.tif,gt_outputs/simulated_07/simulated_07_gt_00088.png
930,msi_inputs/simulated_07/simulated_07_frame_00127.tif,gt_outputs/simulated_07/simulated_07_gt_00127.png
931,msi_inputs/simulated_07/simulated_07_frame_00187.tif,gt_outputs/simulated_07/simulated_07_gt_00187.png
932,msi_inputs/simulated_07/simulated_07_frame_00120.tif,gt_outputs/simulated_07/simulated_07_gt_00120.png
933,msi_inputs/simulated_07/simulated_07_frame_00063.tif,gt_outputs/simulated_07/simulated_07_gt_00063.png
934,msi_inputs/simulated_07/simulated_07_frame_00122.tif,gt_outputs/simulated_07/simulated_07_gt_00122.png
935,msi_inputs/simulated_07/simulated_07_frame_00014.tif,gt_outputs/simulated_07/simulated_07_gt_00014.png
936,msi_inputs/simulated_07/simulated_07_frame_00193.tif,gt_outputs/simulated_07/simulated_07_gt_00193.png
937,msi_inputs/simulated_07/simulated_07_frame_00102.tif,gt_outputs/simulated_07/simulated_07_gt_00102.png
938,msi_inputs/simulated_07/simulated_07_frame_00017.tif,gt_outputs/simulated_07/simulated_07_gt_00017.png
939,msi_inputs/simulated_07/simulated_07_frame_00005.tif,gt_outputs/simulated_07/simulated_07_gt_00005.png
940,msi_inputs/simulated_07/simulated_07_frame_00002.tif,gt_outputs/simulated_07/simulated_07_gt_00002.png
941,msi_inputs/simulated_07/simulated_07_frame_00133.tif,gt_outputs/simulated_07/simulated_07_gt_00133.png
942,msi_inputs/simulated_07/simulated_07_frame_00106.tif,gt_outputs/simulated_07/simulated_07_gt_00106.png
943,msi_inputs/simulated_07/simulated_07_frame_00134.tif,gt_outputs/simulated_07/simulated_07_gt_00134.png
944,msi_inputs/simulated_07/simulated_07_frame_00130.tif,gt_outputs/simulated_07/simulated_07_gt_00130.png
945,msi_inputs/simulated_07/simulated_07_frame_00174.tif,gt_outputs/simulated_07/simulated_07_gt_00174.png
946,msi_inputs/simulated_07/simulated_07_frame_00068.tif,gt_outputs/simulated_07/simulated_07_gt_00068.png
947,msi_inputs/simulated_07/simulated_07_frame_00051.tif,gt_outputs/simulated_07/simulated_07_gt_00051.png
948,msi_inputs/simulated_07/simulated_07_frame_00028.tif,gt_outputs/simulated_07/simulated_07_gt_00028.png
949,msi_inputs/simulated_07/simulated_07_frame_00020.tif,gt_outputs/simulated_07/simulated_07_gt_00020.png
950,msi_inputs/simulated_07/simulated_07_frame_00167.tif,gt_outputs/simulated_07/simulated_07_gt_00167.png
951,msi_inputs/simulated_07/simulated_07_frame_00116.tif,gt_outputs/simulated_07/simulated_07_gt_00116.png
952,msi_inputs/simulated_07/simulated_07_frame_00045.tif,gt_outputs/simulated_07/simulated_07_gt_00045.png
953,msi_inputs/simulated_07/simulated_07_frame_00085.tif,gt_outputs/simulated_07/simulated_07_gt_00085.png
954,msi_inputs/simulated_07/simulated_07_frame_00060.tif,gt_outputs/simulated_07/simulated_07_gt_00060.png
955,msi_inputs/simulated_07/simulated_07_frame_00070.tif,gt_outputs/simulated_07/simulated_07_gt_00070.png
956,msi_inputs/simulated_07/simulated_07_frame_00098.tif,gt_outputs/simulated_07/simulated_07_gt_00098.png
957,msi_inputs/simulated_07/simulated_07_frame_00110.tif,gt_outputs/simulated_07/simulated_07_gt_00110.png
958,msi_inputs/simulated_07/simulated_07_frame_00152.tif,gt_outputs/simulated_07/simulated_07_gt_00152.png
959,msi_inputs/simulated_07/simulated_07_frame_00190.tif,gt_outputs/simulated_07/simulated_07_gt_00190.png
960,msi_inputs/simulated_07/simulated_07_frame_00118.tif,gt_outputs/simulated_07/simulated_07_gt_00118.png
961,msi_inputs/simulated_07/simulated_07_frame_00058.tif,gt_outputs/simulated_07/simulated_07_gt_00058.png
962,msi_inputs/simulated_07/simulated_07_frame_00080.tif,gt_outputs/simulated_07/simulated_07_gt_00080.png
963,msi_inputs/simulated_07/simulated_07_frame_00126.tif,gt_outputs/simulated_07/simulated_07_gt_00126.png
964,msi_inputs/simulated_07/simulated_07_frame_00160.tif,gt_outputs/simulated_07/simulated_07_gt_00160.png
965,msi_inputs/simulated_07/simulated_07_frame_00065.tif,gt_outputs/simulated_07/simulated_07_gt_00065.png
966,msi_inputs/simulated_07/simulated_07_frame_00019.tif,gt_outputs/simulated_07/simulated_07_gt_00019.png
967,msi_inputs/simulated_07/simulated_07_frame_00189.tif,gt_outputs/simulated_07/simulated_07_gt_00189.png
968,msi_inputs/simulated_07/simulated_07_frame_00179.tif,gt_outputs/simulated_07/simulated_07_gt_00179.png
969,msi_inputs/simulated_07/simulated_07_frame_00112.tif,gt_outputs/simulated_07/simulated_07_gt_00112.png
970,msi_inputs/simulated_07/simulated_07_frame_00016.tif,gt_outputs/simulated_07/simulated_07_gt_00016.png
971,msi_inputs/simulated_07/simulated_07_frame_00131.tif,gt_outputs/simulated_07/simulated_07_gt_00131.png
972,msi_inputs/simulated_07/simulated_07_frame_00067.tif,gt_outputs/simulated_07/simulated_07_gt_00067.png
973,msi_inputs/simulated_07/simulated_07_frame_00087.tif,gt_outputs/simulated_07/simulated_07_gt_00087.png
974,msi_inputs/simulated_07/simulated_07_frame_00157.tif,gt_outputs/simulated_07/simulated_07_gt_00157.png
975,msi_inputs/simulated_07/simulated_07_frame_00141.tif,gt_outputs/simulated_07/simulated_07_gt_00141.png
976,msi_inputs/simulated_07/simulated_07_frame_00037.tif,gt_outputs/simulated_07/simulated_07_gt_00037.png
977,msi_inputs/simulated_07/simulated_07_frame_00119.tif,gt_outputs/simulated_07/simulated_07_gt_00119.png
978,msi_inputs/simulated_07/simulated_07_frame_00132.tif,gt_outputs/simulated_07/simulated_07_gt_00132.png
979,msi_inputs/simulated_07/simulated_07_frame_00194.tif,gt_outputs/simulated_07/simulated_07_gt_00194.png
980,msi_inputs/simulated_08/simulated_08_frame_00063.tif,gt_outputs/simulated_08/simulated_08_gt_00063.png
981,msi_inputs/simulated_08/simulated_08_frame_00032.tif,gt_outputs/simulated_08/simulated_08_gt_00032.png
982,msi_inputs/simulated_08/simulated_08_frame_00060.tif,gt_outputs/simulated_08/simulated_08_gt_00060.png
983,msi_inputs/simulated_08/simulated_08_frame_00052.tif,gt_outputs/simulated_08/simulated_08_gt_00052.png
984,msi_inputs/simulated_08/simulated_08_frame_00003.tif,gt_outputs/simulated_08/simulated_08_gt_00003.png
985,msi_inputs/simulated_08/simulated_08_frame_00044.tif,gt_outputs/simulated_08/simulated_08_gt_00044.png
986,msi_inputs/simulated_08/simulated_08_frame_00097.tif,gt_outputs/simulated_08/simulated_08_gt_00097.png
987,msi_inputs/simulated_08/simulated_08_frame_00018.tif,gt_outputs/simulated_08/simulated_08_gt_00018.png
988,msi_inputs/simulated_08/simulated_08_frame_00192.tif,gt_outputs/simulated_08/simulated_08_gt_00192.png
989,msi_inputs/simulated_08/simulated_08_frame_00006.tif,gt_outputs/simulated_08/simulated_08_gt_00006.png
990,msi_inputs/simulated_08/simulated_08_frame_00095.tif,gt_outputs/simulated_08/simulated_08_gt_00095.png
991,msi_inputs/simulated_08/simulated_08_frame_00116.tif,gt_outputs/simulated_08/simulated_08_gt_00116.png
992,msi_inputs/simulated_08/simulated_08_frame_00115.tif,gt_outputs/simulated_08/simulated_08_gt_00115.png
993,msi_inputs/simulated_08/simulated_08_frame_00086.tif,gt_outputs/simulated_08/simulated_08_gt_00086.png
994,msi_inputs/simulated_08/simulated_08_frame_00119.tif,gt_outputs/simulated_08/simulated_08_gt_00119.png
995,msi_inputs/simulated_08/simulated_08_frame_00072.tif,gt_outputs/simulated_08/simulated_08_gt_00072.png
996,msi_inputs/simulated_08/simulated_08_frame_00147.tif,gt_outputs/simulated_08/simulated_08_gt_00147.png
997,msi_inputs/simulated_08/simulated_08_frame_00168.tif,gt_outputs/simulated_08/simulated_08_gt_00168.png
998,msi_inputs/simulated_08/simulated_08_frame_00151.tif,gt_outputs/simulated_08/simulated_08_gt_00151.png
999,msi_inputs/simulated_08/simulated_08_frame_00059.tif,gt_outputs/simulated_08/simulated_08_gt_00059.png
1000,msi_inputs/simulated_08/simulated_08_frame_00105.tif,gt_outputs/simulated_08/simulated_08_gt_00105.png
1001,msi_inputs/simulated_08/simulated_08_frame_00112.tif,gt_outputs/simulated_08/simulated_08_gt_00112.png
1002,msi_inputs/simulated_08/simulated_08_frame_00035.tif,gt_outputs/simulated_08/simulated_08_gt_00035.png
1003,msi_inputs/simulated_08/simulated_08_frame_00127.tif,gt_outputs/simulated_08/simulated_08_gt_00127.png
1004,msi_inputs/simulated_08/simulated_08_frame_00185.tif,gt_outputs/simulated_08/simulated_08_gt_00185.png
1005,msi_inputs/simulated_08/simulated_08_frame_00146.tif,gt_outputs/simulated_08/simulated_08_gt_00146.png
1006,msi_inputs/simulated_08/simulated_08_frame_00047.tif,gt_outputs/simulated_08/simulated_08_gt_00047.png
1007,msi_inputs/simulated_08/simulated_08_frame_00066.tif,gt_outputs/simulated_08/simulated_08_gt_00066.png
1008,msi_inputs/simulated_08/simulated_08_frame_00011.tif,gt_outputs/simulated_08/simulated_08_gt_00011.png
1009,msi_inputs/simulated_08/simulated_08_frame_00163.tif,gt_outputs/simulated_08/simulated_08_gt_00163.png
1010,msi_inputs/simulated_08/simulated_08_frame_00142.tif,gt_outputs/simulated_08/simulated_08_gt_00142.png
1011,msi_inputs/simulated_08/simulated_08_frame_00099.tif,gt_outputs/simulated_08/simulated_08_gt_00099.png
1012,msi_inputs/simulated_08/simulated_08_frame_00188.tif,gt_outputs/simulated_08/simulated_08_gt_00188.png
1013,msi_inputs/simulated_08/simulated_08_frame_00088.tif,gt_outputs/simulated_08/simulated_08_gt_00088.png
1014,msi_inputs/simulated_08/simulated_08_frame_00083.tif,gt_outputs/simulated_08/simulated_08_gt_00083.png
1015,msi_inputs/simulated_08/simulated_08_frame_00181.tif,gt_outputs/simulated_08/simulated_08_gt_00181.png
1016,msi_inputs/simulated_08/simulated_08_frame_00176.tif,gt_outputs/simulated_08/simulated_08_gt_00176.png
1017,msi_inputs/simulated_08/simulated_08_frame_00135.tif,gt_outputs/simulated_08/simulated_08_gt_00135.png
1018,msi_inputs/simulated_08/simulated_08_frame_00078.tif,gt_outputs/simulated_08/simulated_08_gt_00078.png
1019,msi_inputs/simulated_08/simulated_08_frame_00144.tif,gt_outputs/simulated_08/simulated_08_gt_00144.png
1020,msi_inputs/simulated_08/simulated_08_frame_00186.tif,gt_outputs/simulated_08/simulated_08_gt_00186.png
1021,msi_inputs/simulated_08/simulated_08_frame_00111.tif,gt_outputs/simulated_08/simulated_08_gt_00111.png
1022,msi_inputs/simulated_08/simulated_08_frame_00007.tif,gt_outputs/simulated_08/simulated_08_gt_00007.png
1023,msi_inputs/simulated_08/simulated_08_frame_00074.tif,gt_outputs/simulated_08/simulated_08_gt_00074.png
1024,msi_inputs/simulated_08/simulated_08_frame_00062.tif,gt_outputs/simulated_08/simulated_08_gt_00062.png
1025,msi_inputs/simulated_08/simulated_08_frame_00002.tif,gt_outputs/simulated_08/simulated_08_gt_00002.png
1026,msi_inputs/simulated_08/simulated_08_frame_00122.tif,gt_outputs/simulated_08/simulated_08_gt_00122.png
1027,msi_inputs/simulated_08/simulated_08_frame_00040.tif,gt_outputs/simulated_08/simulated_08_gt_00040.png
1028,msi_inputs/simulated_08/simulated_08_frame_00180.tif,gt_outputs/simulated_08/simulated_08_gt_00180.png
1029,msi_inputs/simulated_08/simulated_08_frame_00092.tif,gt_outputs/simulated_08/simulated_08_gt_00092.png
1030,msi_inputs/simulated_08/simulated_08_frame_00067.tif,gt_outputs/simulated_08/simulated_08_gt_00067.png
1031,msi_inputs/simulated_08/simulated_08_frame_00085.tif,gt_outputs/simulated_08/simulated_08_gt_00085.png
1032,msi_inputs/simulated_08/simulated_08_frame_00159.tif,gt_outputs/simulated_08/simulated_08_gt_00159.png
1033,msi_inputs/simulated_08/simulated_08_frame_00110.tif,gt_outputs/simulated_08/simulated_08_gt_00110.png
1034,msi_inputs/simulated_08/simulated_08_frame_00081.tif,gt_outputs/simulated_08/simulated_08_gt_00081.png
1035,msi_inputs/simulated_08/simulated_08_frame_00041.tif,gt_outputs/simulated_08/simulated_08_gt_00041.png
1036,msi_inputs/simulated_08/simulated_08_frame_00033.tif,gt_outputs/simulated_08/simulated_08_gt_00033.png
1037,msi_inputs/simulated_08/simulated_08_frame_00094.tif,gt_outputs/simulated_08/simulated_08_gt_00094.png
1038,msi_inputs/simulated_08/simulated_08_frame_00152.tif,gt_outputs/simulated_08/simulated_08_gt_00152.png
1039,msi_inputs/simulated_08/simulated_08_frame_00065.tif,gt_outputs/simulated_08/simulated_08_gt_00065.png
1040,msi_inputs/simulated_08/simulated_08_frame_00169.tif,gt_outputs/simulated_08/simulated_08_gt_00169.png
1041,msi_inputs/simulated_08/simulated_08_frame_00149.tif,gt_outputs/simulated_08/simulated_08_gt_00149.png
1042,msi_inputs/simulated_08/simulated_08_frame_00084.tif,gt_outputs/simulated_08/simulated_08_gt_00084.png
1043,msi_inputs/simulated_08/simulated_08_frame_00064.tif,gt_outputs/simulated_08/simulated_08_gt_00064.png
1044,msi_inputs/simulated_08/simulated_08_frame_00030.tif,gt_outputs/simulated_08/simulated_08_gt_00030.png
1045,msi_inputs/simulated_08/simulated_08_frame_00026.tif,gt_outputs/simulated_08/simulated_08_gt_00026.png
1046,msi_inputs/simulated_08/simulated_08_frame_00114.tif,gt_outputs/simulated_08/simulated_08_gt_00114.png
1047,msi_inputs/simulated_08/simulated_08_frame_00129.tif,gt_outputs/simulated_08/simulated_08_gt_00129.png
1048,msi_inputs/simulated_08/simulated_08_frame_00048.tif,gt_outputs/simulated_08/simulated_08_gt_00048.png
1049,msi_inputs/simulated_08/simulated_08_frame_00008.tif,gt_outputs/simulated_08/simulated_08_gt_00008.png
1050,msi_inputs/simulated_08/simulated_08_frame_00160.tif,gt_outputs/simulated_08/simulated_08_gt_00160.png
1051,msi_inputs/simulated_08/simulated_08_frame_00013.tif,gt_outputs/simulated_08/simulated_08_gt_00013.png
1052,msi_inputs/simulated_08/simulated_08_frame_00077.tif,gt_outputs/simulated_08/simulated_08_gt_00077.png
1053,msi_inputs/simulated_08/simulated_08_frame_00190.tif,gt_outputs/simulated_08/simulated_08_gt_00190.png
1054,msi_inputs/simulated_08/simulated_08_frame_00109.tif,gt_outputs/simulated_08/simulated_08_gt_00109.png
1055,msi_inputs/simulated_08/simulated_08_frame_00197.tif,gt_outputs/simulated_08/simulated_08_gt_00197.png
1056,msi_inputs/simulated_08/simulated_08_frame_00036.tif,gt_outputs/simulated_08/simulated_08_gt_00036.png
1057,msi_inputs/simulated_08/simulated_08_frame_00128.tif,gt_outputs/simulated_08/simulated_08_gt_00128.png
1058,msi_inputs/simulated_08/simulated_08_frame_00031.tif,gt_outputs/simulated_08/simulated_08_gt_00031.png
1059,msi_inputs/simulated_08/simulated_08_frame_00022.tif,gt_outputs/simulated_08/simulated_08_gt_00022.png
1060,msi_inputs/simulated_08/simulated_08_frame_00005.tif,gt_outputs/simulated_08/simulated_08_gt_00005.png
1061,msi_inputs/simulated_08/simulated_08_frame_00123.tif,gt_outputs/simulated_08/simulated_08_gt_00123.png
1062,msi_inputs/simulated_08/simulated_08_frame_00028.tif,gt_outputs/simulated_08/simulated_08_gt_00028.png
1063,msi_inputs/simulated_08/simulated_08_frame_00001.tif,gt_outputs/simulated_08/simulated_08_gt_00001.png
1064,msi_inputs/simulated_08/simulated_08_frame_00150.tif,gt_outputs/simulated_08/simulated_08_gt_00150.png
1065,msi_inputs/simulated_08/simulated_08_frame_00021.tif,gt_outputs/simulated_08/simulated_08_gt_00021.png
1066,msi_inputs/simulated_08/simulated_08_frame_00167.tif,gt_outputs/simulated_08/simulated_08_gt_00167.png
1067,msi_inputs/simulated_08/simulated_08_frame_00045.tif,gt_outputs/simulated_08/simulated_08_gt_00045.png
1068,msi_inputs/simulated_08/simulated_08_frame_00069.tif,gt_outputs/simulated_08/simulated_08_gt_00069.png
1069,msi_inputs/simulated_08/simulated_08_frame_00012.tif,gt_outputs/simulated_08/simulated_08_gt_00012.png
1070,msi_inputs/simulated_08/simulated_08_frame_00009.tif,gt_outputs/simulated_08/simulated_08_gt_00009.png
1071,msi_inputs/simulated_08/simulated_08_frame_00108.tif,gt_outputs/simulated_08/simulated_08_gt_00108.png
1072,msi_inputs/simulated_08/simulated_08_frame_00080.tif,gt_outputs/simulated_08/simulated_08_gt_00080.png
1073,msi_inputs/simulated_08/simulated_08_frame_00075.tif,gt_outputs/simulated_08/simulated_08_gt_00075.png
1074,msi_inputs/simulated_08/simulated_08_frame_00004.tif,gt_outputs/simulated_08/simulated_08_gt_00004.png
1075,msi_inputs/simulated_08/simulated_08_frame_00056.tif,gt_outputs/simulated_08/simulated_08_gt_00056.png
1076,msi_inputs/simulated_08/simulated_08_frame_00161.tif,gt_outputs/simulated_08/simulated_08_gt_00161.png
1077,msi_inputs/simulated_08/simulated_08_frame_00106.tif,gt_outputs/simulated_08/simulated_08_gt_00106.png
1078,msi_inputs/simulated_08/simulated_08_frame_00089.tif,gt_outputs/simulated_08/simulated_08_gt_00089.png
1079,msi_inputs/simulated_08/simulated_08_frame_00145.tif,gt_outputs/simulated_08/simulated_08_gt_00145.png
1080,msi_inputs/simulated_08/simulated_08_frame_00061.tif,gt_outputs/simulated_08/simulated_08_gt_00061.png
1081,msi_inputs/simulated_08/simulated_08_frame_00133.tif,gt_outputs/simulated_08/simulated_08_gt_00133.png
1082,msi_inputs/simulated_08/simulated_08_frame_00107.tif,gt_outputs/simulated_08/simulated_08_gt_00107.png
1083,msi_inputs/simulated_08/simulated_08_frame_00199.tif,gt_outputs/simulated_08/simulated_08_gt_00199.png
1084,msi_inputs/simulated_08/simulated_08_frame_00118.tif,gt_outputs/simulated_08/simulated_08_gt_00118.png
1085,msi_inputs/simulated_08/simulated_08_frame_00042.tif,gt_outputs/simulated_08/simulated_08_gt_00042.png
1086,msi_inputs/simulated_08/simulated_08_frame_00136.tif,gt_outputs/simulated_08/simulated_08_gt_00136.png
1087,msi_inputs/simulated_08/simulated_08_frame_00171.tif,gt_outputs/simulated_08/simulated_08_gt_00171.png
1088,msi_inputs/simulated_08/simulated_08_frame_00187.tif,gt_outputs/simulated_08/simulated_08_gt_00187.png
1089,msi_inputs/simulated_08/simulated_08_frame_00037.tif,gt_outputs/simulated_08/simulated_08_gt_00037.png
1090,msi_inputs/simulated_08/simulated_08_frame_00096.tif,gt_outputs/simulated_08/simulated_08_gt_00096.png
1091,msi_inputs/simulated_08/simulated_08_frame_00178.tif,gt_outputs/simulated_08/simulated_08_gt_00178.png
1092,msi_inputs/simulated_08/simulated_08_frame_00057.tif,gt_outputs/simulated_08/simulated_08_gt_00057.png
1093,msi_inputs/simulated_08/simulated_08_frame_00039.tif,gt_outputs/simulated_08/simulated_08_gt_00039.png
1094,msi_inputs/simulated_08/simulated_08_frame_00034.tif,gt_outputs/simulated_08/simulated_08_gt_00034.png
1095,msi_inputs/simulated_08/simulated_08_frame_00103.tif,gt_outputs/simulated_08/simulated_08_gt_00103.png
1096,msi_inputs/simulated_08/simulated_08_frame_00184.tif,gt_outputs/simulated_08/simulated_08_gt_00184.png
1097,msi_inputs/simulated_08/simulated_08_frame_00195.tif,gt_outputs/simulated_08/simulated_08_gt_00195.png
1098,msi_inputs/simulated_08/simulated_08_frame_00162.tif,gt_outputs/simulated_08/simulated_08_gt_00162.png
1099,msi_inputs/simulated_08/simulated_08_frame_00050.tif,gt_outputs/simulated_08/simulated_08_gt_00050.png
1100,msi_inputs/simulated_08/simulated_08_frame_00175.tif,gt_outputs/simulated_08/simulated_08_gt_00175.png
1101,msi_inputs/simulated_08/simulated_08_frame_00148.tif,gt_outputs/simulated_08/simulated_08_gt_00148.png
1102,msi_inputs/simulated_08/simulated_08_frame_00196.tif,gt_outputs/simulated_08/simulated_08_gt_00196.png
1103,msi_inputs/simulated_08/simulated_08_frame_00143.tif,gt_outputs/simulated_08/simulated_08_gt_00143.png
1104,msi_inputs/simulated_08/simulated_08_frame_00165.tif,gt_outputs/simulated_08/simulated_08_gt_00165.png
1105,msi_inputs/simulated_08/simulated_08_frame_00198.tif,gt_outputs/simulated_08/simulated_08_gt_00198.png
1106,msi_inputs/simulated_08/simulated_08_frame_00131.tif,gt_outputs/simulated_08/simulated_08_gt_00131.png
1107,msi_inputs/simulated_08/simulated_08_frame_00046.tif,gt_outputs/simulated_08/simulated_08_gt_00046.png
1108,msi_inputs/simulated_08/simulated_08_frame_00126.tif,gt_outputs/simulated_08/simulated_08_gt_00126.png
1109,msi_inputs/simulated_08/simulated_08_frame_00166.tif,gt_outputs/simulated_08/simulated_08_gt_00166.png
1110,msi_inputs/simulated_08/simulated_08_frame_00170.tif,gt_outputs/simulated_08/simulated_08_gt_00170.png
1111,msi_inputs/simulated_08/simulated_08_frame_00016.tif,gt_outputs/simulated_08/simulated_08_gt_00016.png
1112,msi_inputs/simulated_08/simulated_08_frame_00043.tif,gt_outputs/simulated_08/simulated_08_gt_00043.png
1113,msi_inputs/simulated_08/simulated_08_frame_00029.tif,gt_outputs/simulated_08/simulated_08_gt_00029.png
1114,msi_inputs/simulated_08/simulated_08_frame_00023.tif,gt_outputs/simulated_08/simulated_08_gt_00023.png
1115,msi_inputs/simulated_08/simulated_08_frame_00153.tif,gt_outputs/simulated_08/simulated_08_gt_00153.png
1116,msi_inputs/simulated_08/simulated_08_frame_00101.tif,gt_outputs/simulated_08/simulated_08_gt_00101.png
1117,msi_inputs/simulated_08/simulated_08_frame_00164.tif,gt_outputs/simulated_08/simulated_08_gt_00164.png
1118,msi_inputs/simulated_08/simulated_08_frame_00157.tif,gt_outputs/simulated_08/simulated_08_gt_00157.png
1119,msi_inputs/simulated_08/simulated_08_frame_00015.tif,gt_outputs/simulated_08/simulated_08_gt_00015.png
1120,msi_inputs/simulated_09/simulated_09_frame_00032.tif,gt_outputs/simulated_09/simulated_09_gt_00032.png
1121,msi_inputs/simulated_09/simulated_09_frame_00185.tif,gt_outputs/simulated_09/simulated_09_gt_00185.png
1122,msi_inputs/simulated_09/simulated_09_frame_00162.tif,gt_outputs/simulated_09/simulated_09_gt_00162.png
1123,msi_inputs/simulated_09/simulated_09_frame_00101.tif,gt_outputs/simulated_09/simulated_09_gt_00101.png
1124,msi_inputs/simulated_09/simulated_09_frame_00018.tif,gt_outputs/simulated_09/simulated_09_gt_00018.png
1125,msi_inputs/simulated_09/simulated_09_frame_00158.tif,gt_outputs/simulated_09/simulated_09_gt_00158.png
1126,msi_inputs/simulated_09/simulated_09_frame_00088.tif,gt_outputs/simulated_09/simulated_09_gt_00088.png
1127,msi_inputs/simulated_09/simulated_09_frame_00052.tif,gt_outputs/simulated_09/simulated_09_gt_00052.png
1128,msi_inputs/simulated_09/simulated_09_frame_00015.tif,gt_outputs/simulated_09/simulated_09_gt_00015.png
1129,msi_inputs/simulated_09/simulated_09_frame_00157.tif,gt_outputs/simulated_09/simulated_09_gt_00157.png
1130,msi_inputs/simulated_09/simulated_09_frame_00130.tif,gt_outputs/simulated_09/simulated_09_gt_00130.png
1131,msi_inputs/simulated_09/simulated_09_frame_00100.tif,gt_outputs/simulated_09/simulated_09_gt_00100.png
1132,msi_inputs/simulated_09/simulated_09_frame_00080.tif,gt_outputs/simulated_09/simulated_09_gt_00080.png
1133,msi_inputs/simulated_09/simulated_09_frame_00134.tif,gt_outputs/simulated_09/simulated_09_gt_00134.png
1134,msi_inputs/simulated_09/simulated_09_frame_00103.tif,gt_outputs/simulated_09/simulated_09_gt_00103.png
1135,msi_inputs/simulated_09/simulated_09_frame_00091.tif,gt_outputs/simulated_09/simulated_09_gt_00091.png
1136,msi_inputs/simulated_09/simulated_09_frame_00129.tif,gt_outputs/simulated_09/simulated_09_gt_00129.png
1137,msi_inputs/simulated_09/simulated_09_frame_00068.tif,gt_outputs/simulated_09/simulated_09_gt_00068.png
1138,msi_inputs/simulated_09/simulated_09_frame_00161.tif,gt_outputs/simulated_09/simulated_09_gt_00161.png
1139,msi_inputs/simulated_09/simulated_09_frame_00125.tif,gt_outputs/simulated_09/simulated_09_gt_00125.png
1140,msi_inputs/simulated_09/simulated_09_frame_00076.tif,gt_outputs/simulated_09/simulated_09_gt_00076.png
1141,msi_inputs/simulated_09/simulated_09_frame_00180.tif,gt_outputs/simulated_09/simulated_09_gt_00180.png
1142,msi_inputs/simulated_09/simulated_09_frame_00042.tif,gt_outputs/simulated_09/simulated_09_gt_00042.png
1143,msi_inputs/simulated_09/simulated_09_frame_00055.tif,gt_outputs/simulated_09/simulated_09_gt_00055.png
1144,msi_inputs/simulated_09/simulated_09_frame_00132.tif,gt_outputs/simulated_09/simulated_09_gt_00132.png
1145,msi_inputs/simulated_09/simulated_09_frame_00007.tif,gt_outputs/simulated_09/simulated_09_gt_00007.png
1146,msi_inputs/simulated_09/simulated_09_frame_00001.tif,gt_outputs/simulated_09/simulated_09_gt_00001.png
1147,msi_inputs/simulated_09/simulated_09_frame_00004.tif,gt_outputs/simulated_09/simulated_09_gt_00004.png
1148,msi_inputs/simulated_09/simulated_09_frame_00067.tif,gt_outputs/simulated_09/simulated_09_gt_00067.png
1149,msi_inputs/simulated_09/simulated_09_frame_00016.tif,gt_outputs/simulated_09/simulated_09_gt_00016.png
1150,msi_inputs/simulated_09/simulated_09_frame_00194.tif,gt_outputs/simulated_09/simulated_09_gt_00194.png
1151,msi_inputs/simulated_09/simulated_09_frame_00046.tif,gt_outputs/simulated_09/simulated_09_gt_00046.png
1152,msi_inputs/simulated_09/simulated_09_frame_00095.tif,gt_outputs/simulated_09/simulated_09_gt_00095.png
1153,msi_inputs/simulated_09/simulated_09_frame_00152.tif,gt_outputs/simulated_09/simulated_09_gt_00152.png
1154,msi_inputs/simulated_09/simulated_09_frame_00050.tif,gt_outputs/simulated_09/simulated_09_gt_00050.png
1155,msi_inputs/simulated_09/simulated_09_frame_00114.tif,gt_outputs/simulated_09/simulated_09_gt_00114.png
1156,msi_inputs/simulated_09/simulated_09_frame_00093.tif,gt_outputs/simulated_09/simulated_09_gt_00093.png
1157,msi_inputs/simulated_09/simulated_09_frame_00056.tif,gt_outputs/simulated_09/simulated_09_gt_00056.png
1158,msi_inputs/simulated_09/simulated_09_frame_00005.tif,gt_outputs/simulated_09/simulated_09_gt_00005.png
1159,msi_inputs/simulated_09/simulated_09_frame_00107.tif,gt_outputs/simulated_09/simulated_09_gt_00107.png
1160,msi_inputs/simulated_09/simulated_09_frame_00191.tif,gt_outputs/simulated_09/simulated_09_gt_00191.png
1161,msi_inputs/simulated_09/simulated_09_frame_00187.tif,gt_outputs/simulated_09/simulated_09_gt_00187.png
1162,msi_inputs/simulated_09/simulated_09_frame_00113.tif,gt_outputs/simulated_09/simulated_09_gt_00113.png
1163,msi_inputs/simulated_09/simulated_09_frame_00012.tif,gt_outputs/simulated_09/simulated_09_gt_00012.png
1164,msi_inputs/simulated_09/simulated_09_frame_00127.tif,gt_outputs/simulated_09/simulated_09_gt_00127.png
1165,msi_inputs/simulated_09/simulated_09_frame_00019.tif,gt_outputs/simulated_09/simulated_09_gt_00019.png
1166,msi_inputs/simulated_09/simulated_09_frame_00150.tif,gt_outputs/simulated_09/simulated_09_gt_00150.png
1167,msi_inputs/simulated_09/simulated_09_frame_00011.tif,gt_outputs/simulated_09/simulated_09_gt_00011.png
1168,msi_inputs/simulated_09/simulated_09_frame_00183.tif,gt_outputs/simulated_09/simulated_09_gt_00183.png
1169,msi_inputs/simulated_09/simulated_09_frame_00000.tif,gt_outputs/simulated_09/simulated_09_gt_00000.png
1170,msi_inputs/simulated_09/simulated_09_frame_00078.tif,gt_outputs/simulated_09/simulated_09_gt_00078.png
1171,msi_inputs/simulated_09/simulated_09_frame_00054.tif,gt_outputs/simulated_09/simulated_09_gt_00054.png
1172,msi_inputs/simulated_09/simulated_09_frame_00031.tif,gt_outputs/simulated_09/simulated_09_gt_00031.png
1173,msi_inputs/simulated_09/simulated_09_frame_00074.tif,gt_outputs/simulated_09/simulated_09_gt_00074.png
1174,msi_inputs/simulated_09/simulated_09_frame_00036.tif,gt_outputs/simulated_09/simulated_09_gt_00036.png
1175,msi_inputs/simulated_09/simulated_09_frame_00128.tif,gt_outputs/simulated_09/simulated_09_gt_00128.png
1176,msi_inputs/simulated_09/simulated_09_frame_00010.tif,gt_outputs/simulated_09/simulated_09_gt_00010.png
1177,msi_inputs/simulated_09/simulated_09_frame_00063.tif,gt_outputs/simulated_09/simulated_09_gt_00063.png
1178,msi_inputs/simulated_09/simulated_09_frame_00020.tif,gt_outputs/simulated_09/simulated_09_gt_00020.png
1179,msi_inputs/simulated_09/simulated_09_frame_00070.tif,gt_outputs/simulated_09/simulated_09_gt_00070.png
1180,msi_inputs/simulated_09/simulated_09_frame_00034.tif,gt_outputs/simulated_09/simulated_09_gt_00034.png
1181,msi_inputs/simulated_09/simulated_09_frame_00025.tif,gt_outputs/simulated_09/simulated_09_gt_00025.png
1182,msi_inputs/simulated_09/simulated_09_frame_00081.tif,gt_outputs/simulated_09/simulated_09_gt_00081.png
1183,msi_inputs/simulated_09/simulated_09_frame_00065.tif,gt_outputs/simulated_09/simulated_09_gt_00065.png
1184,msi_inputs/simulated_09/simulated_09_frame_00059.tif,gt_outputs/simulated_09/simulated_09_gt_00059.png
1185,msi_inputs/simulated_09/simulated_09_frame_00139.tif,gt_outputs/simulated_09/simulated_09_gt_00139.png
1186,msi_inputs/simulated_09/simulated_09_frame_00040.tif,gt_outputs/simulated_09/simulated_09_gt_00040.png
1187,msi_inputs/simulated_09/simulated_09_frame_00024.tif,gt_outputs/simulated_09/simulated_09_gt_00024.png
1188,msi_inputs/simulated_09/simulated_09_frame_00159.tif,gt_outputs/simulated_09/simulated_09_gt_00159.png
1189,msi_inputs/simulated_09/simulated_09_frame_00171.tif,gt_outputs/simulated_09/simulated_09_gt_00171.png
1190,msi_inputs/simulated_09/simulated_09_frame_00116.tif,gt_outputs/simulated_09/simulated_09_gt_00116.png
1191,msi_inputs/simulated_09/simulated_09_frame_00166.tif,gt_outputs/simulated_09/simulated_09_gt_00166.png
1192,msi_inputs/simulated_09/simulated_09_frame_00014.tif,gt_outputs/simulated_09/simulated_09_gt_00014.png
1193,msi_inputs/simulated_09/simulated_09_frame_00121.tif,gt_outputs/simulated_09/simulated_09_gt_00121.png
1194,msi_inputs/simulated_09/simulated_09_frame_00155.tif,gt_outputs/simulated_09/simulated_09_gt_00155.png
1195,msi_inputs/simulated_09/simulated_09_frame_00165.tif,gt_outputs/simulated_09/simulated_09_gt_00165.png
1196,msi_inputs/simulated_09/simulated_09_frame_00102.tif,gt_outputs/simulated_09/simulated_09_gt_00102.png
1197,msi_inputs/simulated_09/simulated_09_frame_00133.tif,gt_outputs/simulated_09/simulated_09_gt_00133.png
1198,msi_inputs/simulated_09/simulated_09_frame_00086.tif,gt_outputs/simulated_09/simulated_09_gt_00086.png
1199,msi_inputs/simulated_09/simulated_09_frame_00048.tif,gt_outputs/simulated_09/simulated_09_gt_00048.png
1200,msi_inputs/simulated_09/simulated_09_frame_00175.tif,gt_outputs/simulated_09/simulated_09_gt_00175.png
1201,msi_inputs/simulated_09/simulated_09_frame_00092.tif,gt_outputs/simulated_09/simulated_09_gt_00092.png
1202,msi_inputs/simulated_09/simulated_09_frame_00119.tif,gt_outputs/simulated_09/simulated_09_gt_00119.png
1203,msi_inputs/simulated_09/simulated_09_frame_00137.tif,gt_outputs/simulated_09/simulated_09_gt_00137.png
1204,msi_inputs/simulated_09/simulated_09_frame_00043.tif,gt_outputs/simulated_09/simulated_09_gt_00043.png
1205,msi_inputs/simulated_09/simulated_09_frame_00173.tif,gt_outputs/simulated_09/simulated_09_gt_00173.png
1206,msi_inputs/simulated_09/simulated_09_frame_00140.tif,gt_outputs/simulated_09/simulated_09_gt_00140.png
1207,msi_inputs/simulated_09/simulated_09_frame_00141.tif,gt_outputs/simulated_09/simulated_09_gt_00141.png
1208,msi_inputs/simulated_09/simulated_09_frame_00164.tif,gt_outputs/simulated_09/simulated_09_gt_00164.png
1209,msi_inputs/simulated_09/simulated_09_frame_00053.tif,gt_outputs/simulated_09/simulated_09_gt_00053.png
1210,msi_inputs/simulated_09/simulated_09_frame_00033.tif,gt_outputs/simulated_09/simulated_09_gt_00033.png
1211,msi_inputs/simulated_09/simulated_09_frame_00030.tif,gt_outputs/simulated_09/simulated_09_gt_00030.png
1212,msi_inputs/simulated_09/simulated_09_frame_00066.tif,gt_outputs/simulated_09/simulated_09_gt_00066.png
1213,msi_inputs/simulated_09/simulated_09_frame_00044.tif,gt_outputs/simulated_09/simulated_09_gt_00044.png
1214,msi_inputs/simulated_09/simulated_09_frame_00029.tif,gt_outputs/simulated_09/simulated_09_gt_00029.png
1215,msi_inputs/simulated_09/simulated_09_frame_00160.tif,gt_outputs/simulated_09/simulated_09_gt_00160.png
1216,msi_inputs/simulated_09/simulated_09_frame_00045.tif,gt_outputs/simulated_09/simulated_09_gt_00045.png
1217,msi_inputs/simulated_09/simulated_09_frame_00017.tif,gt_outputs/simulated_09/simulated_09_gt_00017.png
1218,msi_inputs/simulated_09/simulated_09_frame_00196.tif,gt_outputs/simulated_09/simulated_09_gt_00196.png
1219,msi_inputs/simulated_09/simulated_09_frame_00198.tif,gt_outputs/simulated_09/simulated_09_gt_00198.png
1220,msi_inputs/simulated_09/simulated_09_frame_00097.tif,gt_outputs/simulated_09/simulated_09_gt_00097.png
1221,msi_inputs/simulated_09/simulated_09_frame_00172.tif,gt_outputs/simulated_09/simulated_09_gt_00172.png
1222,msi_inputs/simulated_09/simulated_09_frame_00192.tif,gt_outputs/simulated_09/simulated_09_gt_00192.png
1223,msi_inputs/simulated_09/simulated_09_frame_00111.tif,gt_outputs/simulated_09/simulated_09_gt_00111.png
1224,msi_inputs/simulated_09/simulated_09_frame_00003.tif,gt_outputs/simulated_09/simulated_09_gt_00003.png
1225,msi_inputs/simulated_09/simulated_09_frame_00087.tif,gt_outputs/simulated_09/simulated_09_gt_00087.png
1226,msi_inputs/simulated_09/simulated_09_frame_00174.tif,gt_outputs/simulated_09/simulated_09_gt_00174.png
1227,msi_inputs/simulated_09/simulated_09_frame_00039.tif,gt_outputs/simulated_09/simulated_09_gt_00039.png
1228,msi_inputs/simulated_09/simulated_09_frame_00135.tif,gt_outputs/simulated_09/simulated_09_gt_00135.png
1229,msi_inputs/simulated_09/simulated_09_frame_00131.tif,gt_outputs/simulated_09/simulated_09_gt_00131.png
1230,msi_inputs/simulated_09/simulated_09_frame_00038.tif,gt_outputs/simulated_09/simulated_09_gt_00038.png
1231,msi_inputs/simulated_09/simulated_09_frame_00177.tif,gt_outputs/simulated_09/simulated_09_gt_00177.png
1232,msi_inputs/simulated_09/simulated_09_frame_00189.tif,gt_outputs/simulated_09/simulated_09_gt_00189.png
1233,msi_inputs/simulated_09/simulated_09_frame_00082.tif,gt_outputs/simulated_09/simulated_09_gt_00082.png
1234,msi_inputs/simulated_09/simulated_09_frame_00022.tif,gt_outputs/simulated_09/simulated_09_gt_00022.png
1235,msi_inputs/simulated_09/simulated_09_frame_00188.tif,gt_outputs/simulated_09/simulated_09_gt_00188.png
1236,msi_inputs/simulated_09/simulated_09_frame_00013.tif,gt_outputs/simulated_09/simulated_09_gt_00013.png
1237,msi_inputs/simulated_09/simulated_09_frame_00058.tif,gt_outputs/simulated_09/simulated_09_gt_00058.png
1238,msi_inputs/simulated_09/simulated_09_frame_00178.tif,gt_outputs/simulated_09/simulated_09_gt_00178.png
1239,msi_inputs/simulated_09/simulated_09_frame_00197.tif,gt_outputs/simulated_09/simulated_09_gt_00197.png
1240,msi_inputs/simulated_09/simulated_09_frame_00002.tif,gt_outputs/simulated_09/simulated_09_gt_00002.png
1241,msi_inputs/simulated_09/simulated_09_frame_00006.tif,gt_outputs/simulated_09/simulated_09_gt_00006.png
1242,msi_inputs/simulated_09/simulated_09_frame_00176.tif,gt_outputs/simulated_09/simulated_09_gt_00176.png
1243,msi_inputs/simulated_09/simulated_09_frame_00156.tif,gt_outputs/simulated_09/simulated_09_gt_00156.png
1244,msi_inputs/simulated_09/simulated_09_frame_00181.tif,gt_outputs/simulated_09/simulated_09_gt_00181.png
1245,msi_inputs/simulated_09/simulated_09_frame_00124.tif,gt_outputs/simulated_09/simulated_09_gt_00124.png
1246,msi_inputs/simulated_09/simulated_09_frame_00026.tif,gt_outputs/simulated_09/simulated_09_gt_00026.png
1247,msi_inputs/simulated_09/simulated_09_frame_00190.tif,gt_outputs/simulated_09/simulated_09_gt_00190.png
1248,msi_inputs/simulated_09/simulated_09_frame_00099.tif,gt_outputs/simulated_09/simulated_09_gt_00099.png
1249,msi_inputs/simulated_09/simulated_09_frame_00123.tif,gt_outputs/simulated_09/simulated_09_gt_00123.png
1250,msi_inputs/simulated_09/simulated_09_frame_00071.tif,gt_outputs/simulated_09/simulated_09_gt_00071.png
1251,msi_inputs/simulated_09/simulated_09_frame_00049.tif,gt_outputs/simulated_09/simulated_09_gt_00049.png
1252,msi_inputs/simulated_09/simulated_09_frame_00182.tif,gt_outputs/simulated_09/simulated_09_gt_00182.png
1253,msi_inputs/simulated_09/simulated_09_frame_00083.tif,gt_outputs/simulated_09/simulated_09_gt_00083.png
1254,msi_inputs/simulated_09/simulated_09_frame_00069.tif,gt_outputs/simulated_09/simulated_09_gt_00069.png
1255,msi_inputs/simulated_09/simulated_09_frame_00138.tif,gt_outputs/simulated_09/simulated_09_gt_00138.png
1256,msi_inputs/simulated_09/simulated_09_frame_00153.tif,gt_outputs/simulated_09/simulated_09_gt_00153.png
1257,msi_inputs/simulated_09/simulated_09_frame_00035.tif,gt_outputs/simulated_09/simulated_09_gt_00035.png
1258,msi_inputs/simulated_09/simulated_09_frame_00079.tif,gt_outputs/simulated_09/simulated_09_gt_00079.png
1259,msi_inputs/simulated_09/simulated_09_frame_00085.tif,gt_outputs/simulated_09/simulated_09_gt_00085.png
1260,msi_inputs/simulated_10/simulated_10_frame_00132.tif,gt_outputs/simulated_10/simulated_10_gt_00132.png
1261,msi_inputs/simulated_10/simulated_10_frame_00178.tif,gt_outputs/simulated_10/simulated_10_gt_00178.png
1262,msi_inputs/simulated_10/simulated_10_frame_00013.tif,gt_outputs/simulated_10/simulated_10_gt_00013.png
1263,msi_inputs/simulated_10/simulated_10_frame_00066.tif,gt_outputs/simulated_10/simulated_10_gt_00066.png
1264,msi_inputs/simulated_10/simulated_10_frame_00097.tif,gt_outputs/simulated_10/simulated_10_gt_00097.png
1265,msi_inputs/simulated_10/simulated_10_frame_00135.tif,gt_outputs/simulated_10/simulated_10_gt_00135.png
1266,msi_inputs/simulated_10/simulated_10_frame_00090.tif,gt_outputs/simulated_10/simulated_10_gt_00090.png
1267,msi_inputs/simulated_10/simulated_10_frame_00155.tif,gt_outputs/simulated_10/simulated_10_gt_00155.png
1268,msi_inputs/simulated_10/simulated_10_frame_00185.tif,gt_outputs/simulated_10/simulated_10_gt_00185.png
1269,msi_inputs/simulated_10/simulated_10_frame_00056.tif,gt_outputs/simulated_10/simulated_10_gt_00056.png
1270,msi_inputs/simulated_10/simulated_10_frame_00189.tif,gt_outputs/simulated_10/simulated_10_gt_00189.png
1271,msi_inputs/simulated_10/simulated_10_frame_00043.tif,gt_outputs/simulated_10/simulated_10_gt_00043.png
1272,msi_inputs/simulated_10/simulated_10_frame_00060.tif,gt_outputs/simulated_10/simulated_10_gt_00060.png
1273,msi_inputs/simulated_10/simulated_10_frame_00091.tif,gt_outputs/simulated_10/simulated_10_gt_00091.png
1274,msi_inputs/simulated_10/simulated_10_frame_00117.tif,gt_outputs/simulated_10/simulated_10_gt_00117.png
1275,msi_inputs/simulated_10/simulated_10_frame_00163.tif,gt_outputs/simulated_10/simulated_10_gt_00163.png
1276,msi_inputs/simulated_10/simulated_10_frame_00002.tif,gt_outputs/simulated_10/simulated_10_gt_00002.png
1277,msi_inputs/simulated_10/simulated_10_frame_00075.tif,gt_outputs/simulated_10/simulated_10_gt_00075.png
1278,msi_inputs/simulated_10/simulated_10_frame_00054.tif,gt_outputs/simulated_10/simulated_10_gt_00054.png
1279,msi_inputs/simulated_10/simulated_10_frame_00047.tif,gt_outputs/simulated_10/simulated_10_gt_00047.png
1280,msi_inputs/simulated_10/simulated_10_frame_00044.tif,gt_outputs/simulated_10/simulated_10_gt_00044.png
1281,msi_inputs/simulated_10/simulated_10_frame_00025.tif,gt_outputs/simulated_10/simulated_10_gt_00025.png
1282,msi_inputs/simulated_10/simulated_10_frame_00112.tif,gt_outputs/simulated_10/simulated_10_gt_00112.png
1283,msi_inputs/simulated_10/simulated_10_frame_00080.tif,gt_outputs/simulated_10/simulated_10_gt_00080.png
1284,msi_inputs/simulated_10/simulated_10_frame_00055.tif,gt_outputs/simulated_10/simulated_10_gt_00055.png
1285,msi_inputs/simulated_10/simulated_10_frame_00105.tif,gt_outputs/simulated_10/simulated_10_gt_00105.png
1286,msi_inputs/simulated_10/simulated_10_frame_00126.tif,gt_outputs/simulated_10/simulated_10_gt_00126.png
1287,msi_inputs/simulated_10/simulated_10_frame_00071.tif,gt_outputs/simulated_10/simulated_10_gt_00071.png
1288,msi_inputs/simulated_10/simulated_10_frame_00036.tif,gt_outputs/simulated_10/simulated_10_gt_00036.png
1289,msi_inputs/simulated_10/simulated_10_frame_00041.tif,gt_outputs/simulated_10/simulated_10_gt_00041.png
1290,msi_inputs/simulated_10/simulated_10_frame_00082.tif,gt_outputs/simulated_10/simulated_10_gt_00082.png
1291,msi_inputs/simulated_10/simulated_10_frame_00170.tif,gt_outputs/simulated_10/simulated_10_gt_00170.png
1292,msi_inputs/simulated_10/simulated_10_frame_00058.tif,gt_outputs/simulated_10/simulated_10_gt_00058.png
1293,msi_inputs/simulated_10/simulated_10_frame_00119.tif,gt_outputs/simulated_10/simulated_10_gt_00119.png
1294,msi_inputs/simulated_10/simulated_10_frame_00059.tif,gt_outputs/simulated_10/simulated_10_gt_00059.png
1295,msi_inputs/simulated_10/simulated_10_frame_00042.tif,gt_outputs/simulated_10/simulated_10_gt_00042.png
1296,msi_inputs/simulated_10/simulated_10_frame_00048.tif,gt_outputs/simulated_10/simulated_10_gt_00048.png
1297,msi_inputs/simulated_10/simulated_10_frame_00139.tif,gt_outputs/simulated_10/simulated_10_gt_00139.png
1298,msi_inputs/simulated_10/simulated_10_frame_00152.tif,gt_outputs/simulated_10/simulated_10_gt_00152.png
1299,msi_inputs/simulated_10/simulated_10_frame_00188.tif,gt_outputs/simulated_10/simulated_10_gt_00188.png
1300,msi_inputs/simulated_10/simulated_10_frame_00159.tif,gt_outputs/simulated_10/simulated_10_gt_00159.png
1301,msi_inputs/simulated_10/simulated_10_frame_00089.tif,gt_outputs/simulated_10/simulated_10_gt_00089.png
1302,msi_inputs/simulated_10/simulated_10_frame_00133.tif,gt_outputs/simulated_10/simulated_10_gt_00133.png
1303,msi_inputs/simulated_10/simulated_10_frame_00045.tif,gt_outputs/simulated_10/simulated_10_gt_00045.png
1304,msi_inputs/simulated_10/simulated_10_frame_00026.tif,gt_outputs/simulated_10/simulated_10_gt_00026.png
1305,msi_inputs/simulated_10/simulated_10_frame_00134.tif,gt_outputs/simulated_10/simulated_10_gt_00134.png
1306,msi_inputs/simulated_10/simulated_10_frame_00006.tif,gt_outputs/simulated_10/simulated_10_gt_00006.png
1307,msi_inputs/simulated_10/simulated_10_frame_00081.tif,gt_outputs/simulated_10/simulated_10_gt_00081.png
1308,msi_inputs/simulated_10/simulated_10_frame_00151.tif,gt_outputs/simulated_10/simulated_10_gt_00151.png
1309,msi_inputs/simulated_10/simulated_10_frame_00061.tif,gt_outputs/simulated_10/simulated_10_gt_00061.png
1310,msi_inputs/simulated_10/simulated_10_frame_00087.tif,gt_outputs/simulated_10/simulated_10_gt_00087.png
1311,msi_inputs/simulated_10/simulated_10_frame_00093.tif,gt_outputs/simulated_10/simulated_10_gt_00093.png
1312,msi_inputs/simulated_10/simulated_10_frame_00123.tif,gt_outputs/simulated_10/simulated_10_gt_00123.png
1313,msi_inputs/simulated_10/simulated_10_frame_00167.tif,gt_outputs/simulated_10/simulated_10_gt_00167.png
1314,msi_inputs/simulated_10/simulated_10_frame_00031.tif,gt_outputs/simulated_10/simulated_10_gt_00031.png
1315,msi_inputs/simulated_10/simulated_10_frame_00165.tif,gt_outputs/simulated_10/simulated_10_gt_00165.png
1316,msi_inputs/simulated_10/simulated_10_frame_00069.tif,gt_outputs/simulated_10/simulated_10_gt_00069.png
1317,msi_inputs/simulated_10/simulated_10_frame_00101.tif,gt_outputs/simulated_10/simulated_10_gt_00101.png
1318,msi_inputs/simulated_10/simulated_10_frame_00127.tif,gt_outputs/simulated_10/simulated_10_gt_00127.png
1319,msi_inputs/simulated_10/simulated_10_frame_00067.tif,gt_outputs/simulated_10/simulated_10_gt_00067.png
1320,msi_inputs/simulated_10/simulated_10_frame_00027.tif,gt_outputs/simulated_10/simulated_10_gt_00027.png
1321,msi_inputs/simulated_10/simulated_10_frame_00186.tif,gt_outputs/simulated_10/simulated_10_gt_00186.png
1322,msi_inputs/simulated_10/simulated_10_frame_00030.tif,gt_outputs/simulated_10/simulated_10_gt_00030.png
1323,msi_inputs/simulated_10/simulated_10_frame_00111.tif,gt_outputs/simulated_10/simulated_10_gt_00111.png
1324,msi_inputs/simulated_10/simulated_10_frame_00035.tif,gt_outputs/simulated_10/simulated_10_gt_00035.png
1325,msi_inputs/simulated_10/simulated_10_frame_00070.tif,gt_outputs/simulated_10/simulated_10_gt_00070.png
1326,msi_inputs/simulated_10/simulated_10_frame_00074.tif,gt_outputs/simulated_10/simulated_10_gt_00074.png
1327,msi_inputs/simulated_10/simulated_10_frame_00018.tif,gt_outputs/simulated_10/simulated_10_gt_00018.png
1328,msi_inputs/simulated_10/simulated_10_frame_00118.tif,gt_outputs/simulated_10/simulated_10_gt_00118.png
1329,msi_inputs/simulated_10/simulated_10_frame_00046.tif,gt_outputs/simulated_10/simulated_10_gt_00046.png
1330,msi_inputs/simulated_10/simulated_10_frame_00116.tif,gt_outputs/simulated_10/simulated_10_gt_00116.png
1331,msi_inputs/simulated_10/simulated_10_frame_00068.tif,gt_outputs/simulated_10/simulated_10_gt_00068.png
1332,msi_inputs/simulated_10/simulated_10_frame_00077.tif,gt_outputs/simulated_10/simulated_10_gt_00077.png
1333,msi_inputs/simulated_10/simulated_10_frame_00177.tif,gt_outputs/simulated_10/simulated_10_gt_00177.png
1334,msi_inputs/simulated_10/simulated_10_frame_00109.tif,gt_outputs/simulated_10/simulated_10_gt_00109.png
1335,msi_inputs/simulated_10/simulated_10_frame_00145.tif,gt_outputs/simulated_10/simulated_10_gt_00145.png
1336,msi_inputs/simulated_10/simulated_10_frame_00064.tif,gt_outputs/simulated_10/simulated_10_gt_00064.png
1337,msi_inputs/simulated_10/simulated_10_frame_00024.tif,gt_outputs/simulated_10/simulated_10_gt_00024.png
1338,msi_inputs/simulated_10/simulated_10_frame_00190.tif,gt_outputs/simulated_10/simulated_10_gt_00190.png
1339,msi_inputs/simulated_10/simulated_10_frame_00020.tif,gt_outputs/simulated_10/simulated_10_gt_00020.png
1340,msi_inputs/simulated_10/simulated_10_frame_00194.tif,gt_outputs/simulated_10/simulated_10_gt_00194.png
1341,msi_inputs/simulated_10/simulated_10_frame_00166.tif,gt_outputs/simulated_10/simulated_10_gt_00166.png
1342,msi_inputs/simulated_10/simulated_10_frame_00039.tif,gt_outputs/simulated_10/simulated_10_gt_00039.png
1343,msi_inputs/simulated_10/simulated_10_frame_00128.tif,gt_outputs/simulated_10/simulated_10_gt_00128.png
1344,msi_inputs/simulated_10/simulated_10_frame_00063.tif,gt_outputs/simulated_10/simulated_10_gt_00063.png
1345,msi_inputs/simulated_10/simulated_10_frame_00049.tif,gt_outputs/simulated_10/simulated_10_gt_00049.png
1346,msi_inputs/simulated_10/simulated_10_frame_00154.tif,gt_outputs/simulated_10/simulated_10_gt_00154.png
1347,msi_inputs/simulated_10/simulated_10_frame_00191.tif,gt_outputs/simulated_10/simulated_10_gt_00191.png
1348,msi_inputs/simulated_10/simulated_10_frame_00050.tif,gt_outputs/simulated_10/simulated_10_gt_00050.png
1349,msi_inputs/simulated_10/simulated_10_frame_00169.tif,gt_outputs/simulated_10/simulated_10_gt_00169.png
1350,msi_inputs/simulated_10/simulated_10_frame_00162.tif,gt_outputs/simulated_10/simulated_10_gt_00162.png
1351,msi_inputs/simulated_10/simulated_10_frame_00053.tif,gt_outputs/simulated_10/simulated_10_gt_00053.png
1352,msi_inputs/simulated_10/simulated_10_frame_00079.tif,gt_outputs/simulated_10/simulated_10_gt_00079.png
1353,msi_inputs/simulated_10/simulated_10_frame_00143.tif,gt_outputs/simulated_10/simulated_10_gt_00143.png
1354,msi_inputs/simulated_10/simulated_10_frame_00157.tif,gt_outputs/simulated_10/simulated_10_gt_00157.png
1355,msi_inputs/simulated_10/simulated_10_frame_00014.tif,gt_outputs/simulated_10/simulated_10_gt_00014.png
1356,msi_inputs/simulated_10/simulated_10_frame_00022.tif,gt_outputs/simulated_10/simulated_10_gt_00022.png
1357,msi_inputs/simulated_10/simulated_10_frame_00088.tif,gt_outputs/simulated_10/simulated_10_gt_00088.png
1358,msi_inputs/simulated_10/simulated_10_frame_00114.tif,gt_outputs/simulated_10/simulated_10_gt_00114.png
1359,msi_inputs/simulated_10/simulated_10_frame_00171.tif,gt_outputs/simulated_10/simulated_10_gt_00171.png
1360,msi_inputs/simulated_10/simulated_10_frame_00142.tif,gt_outputs/simulated_10/simulated_10_gt_00142.png
1361,msi_inputs/simulated_10/simulated_10_frame_00181.tif,gt_outputs/simulated_10/simulated_10_gt_00181.png
1362,msi_inputs/simulated_10/simulated_10_frame_00164.tif,gt_outputs/simulated_10/simulated_10_gt_00164.png
1363,msi_inputs/simulated_10/simulated_10_frame_00120.tif,gt_outputs/simulated_10/simulated_10_gt_00120.png
1364,msi_inputs/simulated_10/simulated_10_frame_00175.tif,gt_outputs/simulated_10/simulated_10_gt_00175.png
1365,msi_inputs/simulated_10/simulated_10_frame_00195.tif,gt_outputs/simulated_10/simulated_10_gt_00195.png
1366,msi_inputs/simulated_10/simulated_10_frame_00158.tif,gt_outputs/simulated_10/simulated_10_gt_00158.png
1367,msi_inputs/simulated_10/simulated_10_frame_00084.tif,gt_outputs/simulated_10/simulated_10_gt_00084.png
1368,msi_inputs/simulated_10/simulated_10_frame_00038.tif,gt_outputs/simulated_10/simulated_10_gt_00038.png
1369,msi_inputs/simulated_10/simulated_10_frame_00147.tif,gt_outputs/simulated_10/simulated_10_gt_00147.png
1370,msi_inputs/simulated_10/simulated_10_frame_00176.tif,gt_outputs/simulated_10/simulated_10_gt_00176.png
1371,msi_inputs/simulated_10/simulated_10_frame_00098.tif,gt_outputs/simulated_10/simulated_10_gt_00098.png
1372,msi_inputs/simulated_10/simulated_10_frame_00192.tif,gt_outputs/simulated_10/simulated_10_gt_00192.png
1373,msi_inputs/simulated_10/simulated_10_frame_00007.tif,gt_outputs/simulated_10/simulated_10_gt_00007.png
1374,msi_inputs/simulated_10/simulated_10_frame_00122.tif,gt_outputs/simulated_10/simulated_10_gt_00122.png
1375,msi_inputs/simulated_10/simulated_10_frame_00094.tif,gt_outputs/simulated_10/simulated_10_gt_00094.png
1376,msi_inputs/simulated_10/simulated_10_frame_00141.tif,gt_outputs/simulated_10/simulated_10_gt_00141.png
1377,msi_inputs/simulated_10/simulated_10_frame_00106.tif,gt_outputs/simulated_10/simulated_10_gt_00106.png
1378,msi_inputs/simulated_10/simulated_10_frame_00076.tif,gt_outputs/simulated_10/simulated_10_gt_00076.png
1379,msi_inputs/simulated_10/simulated_10_frame_00187.tif,gt_outputs/simulated_10/simulated_10_gt_00187.png
1380,msi_inputs/simulated_10/simulated_10_frame_00146.tif,gt_outputs/simulated_10/simulated_10_gt_00146.png
1381,msi_inputs/simulated_10/simulated_10_frame_00199.tif,gt_outputs/simulated_10/simulated_10_gt_00199.png
1382,msi_inputs/simulated_10/simulated_10_frame_00197.tif,gt_outputs/simulated_10/simulated_10_gt_00197.png
1383,msi_inputs/simulated_10/simulated_10_frame_00083.tif,gt_outputs/simulated_10/simulated_10_gt_00083.png
1384,msi_inputs/simulated_10/simulated_10_frame_00144.tif,gt_outputs/simulated_10/simulated_10_gt_00144.png
1385,msi_inputs/simulated_10/simulated_10_frame_00130.tif,gt_outputs/simulated_10/simulated_10_gt_00130.png
1386,msi_inputs/simulated_10/simulated_10_frame_00004.tif,gt_outputs/simulated_10/simulated_10_gt_00004.png
1387,msi_inputs/simulated_10/simulated_10_frame_00125.tif,gt_outputs/simulated_10/simulated_10_gt_00125.png
1388,msi_inputs/simulated_10/simulated_10_frame_00010.tif,gt_outputs/simulated_10/simulated_10_gt_00010.png
1389,msi_inputs/simulated_10/simulated_10_frame_00015.tif,gt_outputs/simulated_10/simulated_10_gt_00015.png
1390,msi_inputs/simulated_10/simulated_10_frame_00183.tif,gt_outputs/simulated_10/simulated_10_gt_00183.png
1391,msi_inputs/simulated_10/simulated_10_frame_00156.tif,gt_outputs/simulated_10/simulated_10_gt_00156.png
1392,msi_inputs/simulated_10/simulated_10_frame_00065.tif,gt_outputs/simulated_10/simulated_10_gt_00065.png
1393,msi_inputs/simulated_10/simulated_10_frame_00008.tif,gt_outputs/simulated_10/simulated_10_gt_00008.png
1394,msi_inputs/simulated_10/simulated_10_frame_00124.tif,gt_outputs/simulated_10/simulated_10_gt_00124.png
1395,msi_inputs/simulated_10/simulated_10_frame_00121.tif,gt_outputs/simulated_10/simulated_10_gt_00121.png
1396,msi_inputs/simulated_10/simulated_10_frame_00149.tif,gt_outputs/simulated_10/simulated_10_gt_00149.png
1397,msi_inputs/simulated_10/simulated_10_frame_00003.tif,gt_outputs/simulated_10/simulated_10_gt_00003.png
1398,msi_inputs/simulated_10/simulated_10_frame_00073.tif,gt_outputs/simulated_10/simulated_10_gt_00073.png
1399,msi_inputs/simulated_10/simulated_10_frame_00140.tif,gt_outputs/simulated_10/simulated_10_gt_00140.png
1400,msi_inputs/simulated_11/simulated_11_frame_00071.tif,gt_outputs/simulated_11/simulated_11_gt_00071.png
1401,msi_inputs/simulated_11/simulated_11_frame_00123.tif,gt_outputs/simulated_11/simulated_11_gt_00123.png
1402,msi_inputs/simulated_11/simulated_11_frame_00070.tif,gt_outputs/simulated_11/simulated_11_gt_00070.png
1403,msi_inputs/simulated_11/simulated_11_frame_00117.tif,gt_outputs/simulated_11/simulated_11_gt_00117.png
1404,msi_inputs/simulated_11/simulated_11_frame_00037.tif,gt_outputs/simulated_11/simulated_11_gt_00037.png
1405,msi_inputs/simulated_11/simulated_11_frame_00080.tif,gt_outputs/simulated_11/simulated_11_gt_00080.png
1406,msi_inputs/simulated_11/simulated_11_frame_00178.tif,gt_outputs/simulated_11/simulated_11_gt_00178.png
1407,msi_inputs/simulated_11/simulated_11_frame_00036.tif,gt_outputs/simulated_11/simulated_11_gt_00036.png
1408,msi_inputs/simulated_11/simulated_11_frame_00073.tif,gt_outputs/simulated_11/simulated_11_gt_00073.png
1409,msi_inputs/simulated_11/simulated_11_frame_00146.tif,gt_outputs/simulated_11/simulated_11_gt_00146.png
1410,msi_inputs/simulated_11/simulated_11_frame_00107.tif,gt_outputs/simulated_11/simulated_11_gt_00107.png
1411,msi_inputs/simulated_11/simulated_11_frame_00052.tif,gt_outputs/simulated_11/simulated_11_gt_00052.png
1412,msi_inputs/simulated_11/simulated_11_frame_00081.tif,gt_outputs/simulated_11/simulated_11_gt_00081.png
1413,msi_inputs/simulated_11/simulated_11_frame_00167.tif,gt_outputs/simulated_11/simulated_11_gt_00167.png
1414,msi_inputs/simulated_11/simulated_11_frame_00149.tif,gt_outputs/simulated_11/simulated_11_gt_00149.png
1415,msi_inputs/simulated_11/simulated_11_frame_00019.tif,gt_outputs/simulated_11/simulated_11_gt_00019.png
1416,msi_inputs/simulated_11/simulated_11_frame_00185.tif,gt_outputs/simulated_11/simulated_11_gt_00185.png
1417,msi_inputs/simulated_11/simulated_11_frame_00075.tif,gt_outputs/simulated_11/simulated_11_gt_00075.png
1418,msi_inputs/simulated_11/simulated_11_frame_00097.tif,gt_outputs/simulated_11/simulated_11_gt_00097.png
1419,msi_inputs/simulated_11/simulated_11_frame_00119.tif,gt_outputs/simulated_11/simulated_11_gt_00119.png
1420,msi_inputs/simulated_11/simulated_11_frame_00082.tif,gt_outputs/simulated_11/simulated_11_gt_00082.png
1421,msi_inputs/simulated_11/simulated_11_frame_00135.tif,gt_outputs/simulated_11/simulated_11_gt_00135.png
1422,msi_inputs/simulated_11/simulated_11_frame_00040.tif,gt_outputs/simulated_11/simulated_11_gt_00040.png
1423,msi_inputs/simulated_11/simulated_11_frame_00100.tif,gt_outputs/simulated_11/simulated_11_gt_00100.png
1424,msi_inputs/simulated_11/simulated_11_frame_00110.tif,gt_outputs/simulated_11/simulated_11_gt_00110.png
1425,msi_inputs/simulated_11/simulated_11_frame_00011.tif,gt_outputs/simulated_11/simulated_11_gt_00011.png
1426,msi_inputs/simulated_11/simulated_11_frame_00111.tif,gt_outputs/simulated_11/simulated_11_gt_00111.png
1427,msi_inputs/simulated_11/simulated_11_frame_00008.tif,gt_outputs/simulated_11/simulated_11_gt_00008.png
1428,msi_inputs/simulated_11/simulated_11_frame_00193.tif,gt_outputs/simulated_11/simulated_11_gt_00193.png
1429,msi_inputs/simulated_11/simulated_11_frame_00015.tif,gt_outputs/simulated_11/simulated_11_gt_00015.png
1430,msi_inputs/simulated_11/simulated_11_frame_00145.tif,gt_outputs/simulated_11/simulated_11_gt_00145.png
1431,msi_inputs/simulated_11/simulated_11_frame_00195.tif,gt_outputs/simulated_11/simulated_11_gt_00195.png
1432,msi_inputs/simulated_11/simulated_11_frame_00010.tif,gt_outputs/simulated_11/simulated_11_gt_00010.png
1433,msi_inputs/simulated_11/simulated_11_frame_00140.tif,gt_outputs/simulated_11/simulated_11_gt_00140.png
1434,msi_inputs/simulated_11/simulated_11_frame_00183.tif,gt_outputs/simulated_11/simulated_11_gt_00183.png
1435,msi_inputs/simulated_11/simulated_11_frame_00169.tif,gt_outputs/simulated_11/simulated_11_gt_00169.png
1436,msi_inputs/simulated_11/simulated_11_frame_00018.tif,gt_outputs/simulated_11/simulated_11_gt_00018.png
1437,msi_inputs/simulated_11/simulated_11_frame_00047.tif,gt_outputs/simulated_11/simulated_11_gt_00047.png
1438,msi_inputs/simulated_11/simulated_11_frame_00137.tif,gt_outputs/simulated_11/simulated_11_gt_00137.png
1439,msi_inputs/simulated_11/simulated_11_frame_00053.tif,gt_outputs/simulated_11/simulated_11_gt_00053.png
1440,msi_inputs/simulated_11/simulated_11_frame_00114.tif,gt_outputs/simulated_11/simulated_11_gt_00114.png
1441,msi_inputs/simulated_11/simulated_11_frame_00199.tif,gt_outputs/simulated_11/simulated_11_gt_00199.png
1442,msi_inputs/simulated_11/simulated_11_frame_00173.tif,gt_outputs/simulated_11/simulated_11_gt_00173.png
1443,msi_inputs/simulated_11/simulated_11_frame_00000.tif,gt_outputs/simulated_11/simulated_11_gt_00000.png
1444,msi_inputs/simulated_11/simulated_11_frame_00181.tif,gt_outputs/simulated_11/simulated_11_gt_00181.png
1445,msi_inputs/simulated_11/simulated_11_frame_00152.tif,gt_outputs/simulated_11/simulated_11_gt_00152.png
1446,msi_inputs/simulated_11/simulated_11_frame_00095.tif,gt_outputs/simulated_11/simulated_11_gt_00095.png
1447,msi_inputs/simulated_11/simulated_11_frame_00104.tif,gt_outputs/simulated_11/simulated_11_gt_00104.png
1448,msi_inputs/simulated_11/simulated_11_frame_00004.tif,gt_outputs/simulated_11/simulated_11_gt_00004.png
1449,msi_inputs/simulated_11/simulated_11_frame_00041.tif,gt_outputs/simulated_11/simulated_11_gt_00041.png
1450,msi_inputs/simulated_11/simulated_11_frame_00065.tif,gt_outputs/simulated_11/simulated_11_gt_00065.png
1451,msi_inputs/simulated_11/simulated_11_frame_00099.tif,gt_outputs/simulated_11/simulated_11_gt_00099.png
1452,msi_inputs/simulated_11/simulated_11_frame_00127.tif,gt_outputs/simulated_11/simulated_11_gt_00127.png
1453,msi_inputs/simulated_11/simulated_11_frame_00154.tif,gt_outputs/simulated_11/simulated_11_gt_00154.png
1454,msi_inputs/simulated_11/simulated_11_frame_00023.tif,gt_outputs/simulated_11/simulated_11_gt_00023.png
1455,msi_inputs/simulated_11/simulated_11_frame_00091.tif,gt_outputs/simulated_11/simulated_11_gt_00091.png
1456,msi_inputs/simulated_11/simulated_11_frame_00161.tif,gt_outputs/simulated_11/simulated_11_gt_00161.png
1457,msi_inputs/simulated_11/simulated_11_frame_00055.tif,gt_outputs/simulated_11/simulated_11_gt_00055.png
1458,msi_inputs/simulated_11/simulated_11_frame_00056.tif,gt_outputs/simulated_11/simulated_11_gt_00056.png
1459,msi_inputs/simulated_11/simulated_11_frame_00118.tif,gt_outputs/simulated_11/simulated_11_gt_00118.png
1460,msi_inputs/simulated_11/simulated_11_frame_00014.tif,gt_outputs/simulated_11/simulated_11_gt_00014.png
1461,msi_inputs/simulated_11/simulated_11_frame_00197.tif,gt_outputs/simulated_11/simulated_11_gt_00197.png
1462,msi_inputs/simulated_11/simulated_11_frame_00009.tif,gt_outputs/simulated_11/simulated_11_gt_00009.png
1463,msi_inputs/simulated_11/simulated_11_frame_00187.tif,gt_outputs/simulated_11/simulated_11_gt_00187.png
1464,msi_inputs/simulated_11/simulated_11_frame_00188.tif,gt_outputs/simulated_11/simulated_11_gt_00188.png
1465,msi_inputs/simulated_11/simulated_11_frame_00086.tif,gt_outputs/simulated_11/simulated_11_gt_00086.png
1466,msi_inputs/simulated_11/simulated_11_frame_00035.tif,gt_outputs/simulated_11/simulated_11_gt_00035.png
1467,msi_inputs/simulated_11/simulated_11_frame_00059.tif,gt_outputs/simulated_11/simulated_11_gt_00059.png
1468,msi_inputs/simulated_11/simulated_11_frame_00027.tif,gt_outputs/simulated_11/simulated_11_gt_00027.png
1469,msi_inputs/simulated_11/simulated_11_frame_00069.tif,gt_outputs/simulated_11/simulated_11_gt_00069.png
1470,msi_inputs/simulated_11/simulated_11_frame_00030.tif,gt_outputs/simulated_11/simulated_11_gt_00030.png
1471,msi_inputs/simulated_11/simulated_11_frame_00060.tif,gt_outputs/simulated_11/simulated_11_gt_00060.png
1472,msi_inputs/simulated_11/simulated_11_frame_00103.tif,gt_outputs/simulated_11/simulated_11_gt_00103.png
1473,msi_inputs/simulated_11/simulated_11_frame_00033.tif,gt_outputs/simulated_11/simulated_11_gt_00033.png
1474,msi_inputs/simulated_11/simulated_11_frame_00165.tif,gt_outputs/simulated_11/simulated_11_gt_00165.png
1475,msi_inputs/simulated_11/simulated_11_frame_00160.tif,gt_outputs/simulated_11/simulated_11_gt_00160.png
1476,msi_inputs/simulated_11/simulated_11_frame_00089.tif,gt_outputs/simulated_11/simulated_11_gt_00089.png
1477,msi_inputs/simulated_11/simulated_11_frame_00022.tif,gt_outputs/simulated_11/simulated_11_gt_00022.png
1478,msi_inputs/simulated_11/simulated_11_frame_00006.tif,gt_outputs/simulated_11/simulated_11_gt_00006.png
1479,msi_inputs/simulated_11/simulated_11_frame_00189.tif,gt_outputs/simulated_11/simulated_11_gt_00189.png
1480,msi_inputs/simulated_11/simulated_11_frame_00162.tif,gt_outputs/simulated_11/simulated_11_gt_00162.png
1481,msi_inputs/simulated_11/simulated_11_frame_00007.tif,gt_outputs/simulated_11/simulated_11_gt_00007.png
1482,msi_inputs/simulated_11/simulated_11_frame_00138.tif,gt_outputs/simulated_11/simulated_11_gt_00138.png
1483,msi_inputs/simulated_11/simulated_11_frame_00134.tif,gt_outputs/simulated_11/simulated_11_gt_00134.png
1484,msi_inputs/simulated_11/simulated_11_frame_00049.tif,gt_outputs/simulated_11/simulated_11_gt_00049.png
1485,msi_inputs/simulated_11/simulated_11_frame_00028.tif,gt_outputs/simulated_11/simulated_11_gt_00028.png
1486,msi_inputs/simulated_11/simulated_11_frame_00157.tif,gt_outputs/simulated_11/simulated_11_gt_00157.png
1487,msi_inputs/simulated_11/simulated_11_frame_00158.tif,gt_outputs/simulated_11/simulated_11_gt_00158.png
1488,msi_inputs/simulated_11/simulated_11_frame_00172.tif,gt_outputs/simulated_11/simulated_11_gt_00172.png
1489,msi_inputs/simulated_11/simulated_11_frame_00102.tif,gt_outputs/simulated_11/simulated_11_gt_00102.png
1490,msi_inputs/simulated_11/simulated_11_frame_00042.tif,gt_outputs/simulated_11/simulated_11_gt_00042.png
1491,msi_inputs/simulated_11/simulated_11_frame_00113.tif,gt_outputs/simulated_11/simulated_11_gt_00113.png
1492,msi_inputs/simulated_11/simulated_11_frame_00164.tif,gt_outputs/simulated_11/simulated_11_gt_00164.png
1493,msi_inputs/simulated_11/simulated_11_frame_00093.tif,gt_outputs/simulated_11/simulated_11_gt_00093.png
1494,msi_inputs/simulated_11/simulated_11_frame_00078.tif,gt_outputs/simulated_11/simulated_11_gt_00078.png
1495,msi_inputs/simulated_11/simulated_11_frame_00159.tif,gt_outputs/simulated_11/simulated_11_gt_00159.png
1496,msi_inputs/simulated_11/simulated_11_frame_00122.tif,gt_outputs/simulated_11/simulated_11_gt_00122.png
1497,msi_inputs/simulated_11/simulated_11_frame_00168.tif,gt_outputs/simulated_11/simulated_11_gt_00168.png
1498,msi_inputs/simulated_11/simulated_11_frame_00046.tif,gt_outputs/simulated_11/simulated_11_gt_00046.png
1499,msi_inputs/simulated_11/simulated_11_frame_00144.tif,gt_outputs/simulated_11/simulated_11_gt_00144.png
1500,msi_inputs/simulated_11/simulated_11_frame_00148.tif,gt_outputs/simulated_11/simulated_11_gt_00148.png
1501,msi_inputs/simulated_11/simulated_11_frame_00147.tif,gt_outputs/simulated_11/simulated_11_gt_00147.png
1502,msi_inputs/simulated_11/simulated_11_frame_00196.tif,gt_outputs/simulated_11/simulated_11_gt_00196.png
1503,msi_inputs/simulated_11/simulated_11_frame_00108.tif,gt_outputs/simulated_11/simulated_11_gt_00108.png
1504,msi_inputs/simulated_11/simulated_11_frame_00177.tif,gt_outputs/simulated_11/simulated_11_gt_00177.png
1505,msi_inputs/simulated_11/simulated_11_frame_00072.tif,gt_outputs/simulated_11/simulated_11_gt_00072.png
1506,msi_inputs/simulated_11/simulated_11_frame_00013.tif,gt_outputs/simulated_11/simulated_11_gt_00013.png
1507,msi_inputs/simulated_11/simulated_11_frame_00064.tif,gt_outputs/simulated_11/simulated_11_gt_00064.png
1508,msi_inputs/simulated_11/simulated_11_frame_00061.tif,gt_outputs/simulated_11/simulated_11_gt_00061.png
1509,msi_inputs/simulated_11/simulated_11_frame_00186.tif,gt_outputs/simulated_11/simulated_11_gt_00186.png
1510,msi_inputs/simulated_11/simulated_11_frame_00170.tif,gt_outputs/simulated_11/simulated_11_gt_00170.png
1511,msi_inputs/simulated_11/simulated_11_frame_00068.tif,gt_outputs/simulated_11/simulated_11_gt_00068.png
1512,msi_inputs/simulated_11/simulated_11_frame_00050.tif,gt_outputs/simulated_11/simulated_11_gt_00050.png
1513,msi_inputs/simulated_11/simulated_11_frame_00001.tif,gt_outputs/simulated_11/simulated_11_gt_00001.png
1514,msi_inputs/simulated_11/simulated_11_frame_00151.tif,gt_outputs/simulated_11/simulated_11_gt_00151.png
1515,msi_inputs/simulated_11/simulated_11_frame_00121.tif,gt_outputs/simulated_11/simulated_11_gt_00121.png
1516,msi_inputs/simulated_11/simulated_11_frame_00150.tif,gt_outputs/simulated_11/simulated_11_gt_00150.png
1517,msi_inputs/simulated_11/simulated_11_frame_00054.tif,gt_outputs/simulated_11/simulated_11_gt_00054.png
1518,msi_inputs/simulated_11/simulated_11_frame_00088.tif,gt_outputs/simulated_11/simulated_11_gt_00088.png
1519,msi_inputs/simulated_11/simulated_11_frame_00066.tif,gt_outputs/simulated_11/simulated_11_gt_00066.png
1520,msi_inputs/simulated_11/simulated_11_frame_00112.tif,gt_outputs/simulated_11/simulated_11_gt_00112.png
1521,msi_inputs/simulated_11/simulated_11_frame_00043.tif,gt_outputs/simulated_11/simulated_11_gt_00043.png
1522,msi_inputs/simulated_11/simulated_11_frame_00184.tif,gt_outputs/simulated_11/simulated_11_gt_00184.png
1523,msi_inputs/simulated_11/simulated_11_frame_00124.tif,gt_outputs/simulated_11/simulated_11_gt_00124.png
1524,msi_inputs/simulated_11/simulated_11_frame_00016.tif,gt_outputs/simulated_11/simulated_11_gt_00016.png
1525,msi_inputs/simulated_11/simulated_11_frame_00003.tif,gt_outputs/simulated_11/simulated_11_gt_00003.png
1526,msi_inputs/simulated_11/simulated_11_frame_00032.tif,gt_outputs/simulated_11/simulated_11_gt_00032.png
1527,msi_inputs/simulated_11/simulated_11_frame_00083.tif,gt_outputs/simulated_11/simulated_11_gt_00083.png
1528,msi_inputs/simulated_11/simulated_11_frame_00094.tif,gt_outputs/simulated_11/simulated_11_gt_00094.png
1529,msi_inputs/simulated_11/simulated_11_frame_00174.tif,gt_outputs/simulated_11/simulated_11_gt_00174.png
1530,msi_inputs/simulated_11/simulated_11_frame_00179.tif,gt_outputs/simulated_11/simulated_11_gt_00179.png
1531,msi_inputs/simulated_11/simulated_11_frame_00017.tif,gt_outputs/simulated_11/simulated_11_gt_00017.png
1532,msi_inputs/simulated_11/simulated_11_frame_00116.tif,gt_outputs/simulated_11/simulated_11_gt_00116.png
1533,msi_inputs/simulated_11/simulated_11_frame_00079.tif,gt_outputs/simulated_11/simulated_11_gt_00079.png
1534,msi_inputs/simulated_11/simulated_11_frame_00194.tif,gt_outputs/simulated_11/simulated_11_gt_00194.png
1535,msi_inputs/simulated_11/simulated_11_frame_00130.tif,gt_outputs/simulated_11/simulated_11_gt_00130.png
1536,msi_inputs/simulated_11/simulated_11_frame_00085.tif,gt_outputs/simulated_11/simulated_11_gt_00085.png
1537,msi_inputs/simulated_11/simulated_11_frame_00012.tif,gt_outputs/simulated_11/simulated_11_gt_00012.png
1538,msi_inputs/simulated_11/simulated_11_frame_00115.tif,gt_outputs/simulated_11/simulated_11_gt_00115.png
1539,msi_inputs/simulated_11/simulated_11_frame_00143.tif,gt_outputs/simulated_11/simulated_11_gt_00143.png
1540,msi_inputs/simulated_12/simulated_12_frame_00070.tif,gt_outputs/simulated_12/simulated_12_gt_00070.png
1541,msi_inputs/simulated_12/simulated_12_frame_00165.tif,gt_outputs/simulated_12/simulated_12_gt_00165.png
1542,msi_inputs/simulated_12/simulated_12_frame_00021.tif,gt_outputs/simulated_12/simulated_12_gt_00021.png
1543,msi_inputs/simulated_12/simulated_12_frame_00142.tif,gt_outputs/simulated_12/simulated_12_gt_00142.png
1544,msi_inputs/simulated_12/simulated_12_frame_00119.tif,gt_outputs/simulated_12/simulated_12_gt_00119.png
1545,msi_inputs/simulated_12/simulated_12_frame_00162.tif,gt_outputs/simulated_12/simulated_12_gt_00162.png
1546,msi_inputs/simulated_12/simulated_12_frame_00188.tif,gt_outputs/simulated_12/simulated_12_gt_00188.png
1547,msi_inputs/simulated_12/simulated_12_frame_00136.tif,gt_outputs/simulated_12/simulated_12_gt_00136.png
1548,msi_inputs/simulated_12/simulated_12_frame_00103.tif,gt_outputs/simulated_12/simulated_12_gt_00103.png
1549,msi_inputs/simulated_12/simulated_12_frame_00082.tif,gt_outputs/simulated_12/simulated_12_gt_00082.png
1550,msi_inputs/simulated_12/simulated_12_frame_00072.tif,gt_outputs/simulated_12/simulated_12_gt_00072.png
1551,msi_inputs/simulated_12/simulated_12_frame_00053.tif,gt_outputs/simulated_12/simulated_12_gt_00053.png
1552,msi_inputs/simulated_12/simulated_12_frame_00023.tif,gt_outputs/simulated_12/simulated_12_gt_00023.png
1553,msi_inputs/simulated_12/simulated_12_frame_00079.tif,gt_outputs/simulated_12/simulated_12_gt_00079.png
1554,msi_inputs/simulated_12/simulated_12_frame_00150.tif,gt_outputs/simulated_12/simulated_12_gt_00150.png
1555,msi_inputs/simulated_12/simulated_12_frame_00169.tif,gt_outputs/simulated_12/simulated_12_gt_00169.png
1556,msi_inputs/simulated_12/simulated_12_frame_00063.tif,gt_outputs/simulated_12/simulated_12_gt_00063.png
1557,msi_inputs/simulated_12/simulated_12_frame_00081.tif,gt_outputs/simulated_12/simulated_12_gt_00081.png
1558,msi_inputs/simulated_12/simulated_12_frame_00091.tif,gt_outputs/simulated_12/simulated_12_gt_00091.png
1559,msi_inputs/simulated_12/simulated_12_frame_00133.tif,gt_outputs/simulated_12/simulated_12_gt_00133.png
1560,msi_inputs/simulated_12/simulated_12_frame_00068.tif,gt_outputs/simulated_12/simulated_12_gt_00068.png
1561,msi_inputs/simulated_12/simulated_12_frame_00175.tif,gt_outputs/simulated_12/simulated_12_gt_00175.png
1562,msi_inputs/simulated_12/simulated_12_frame_00174.tif,gt_outputs/simulated_12/simulated_12_gt_00174.png
1563,msi_inputs/simulated_12/simulated_12_frame_00001.tif,gt_outputs/simulated_12/simulated_12_gt_00001.png
1564,msi_inputs/simulated_12/simulated_12_frame_00061.tif,gt_outputs/simulated_12/simulated_12_gt_00061.png
1565,msi_inputs/simulated_12/simulated_12_frame_00158.tif,gt_outputs/simulated_12/simulated_12_gt_00158.png
1566,msi_inputs/simulated_12/simulated_12_frame_00156.tif,gt_outputs/simulated_12/simulated_12_gt_00156.png
1567,msi_inputs/simulated_12/simulated_12_frame_00141.tif,gt_outputs/simulated_12/simulated_12_gt_00141.png
1568,msi_inputs/simulated_12/simulated_12_frame_00167.tif,gt_outputs/simulated_12/simulated_12_gt_00167.png
1569,msi_inputs/simulated_12/simulated_12_frame_00042.tif,gt_outputs/simulated_12/simulated_12_gt_00042.png
1570,msi_inputs/simulated_12/simulated_12_frame_00116.tif,gt_outputs/simulated_12/simulated_12_gt_00116.png
1571,msi_inputs/simulated_12/simulated_12_frame_00094.tif,gt_outputs/simulated_12/simulated_12_gt_00094.png
1572,msi_inputs/simulated_12/simulated_12_frame_00145.tif,gt_outputs/simulated_12/simulated_12_gt_00145.png
1573,msi_inputs/simulated_12/simulated_12_frame_00046.tif,gt_outputs/simulated_12/simulated_12_gt_00046.png
1574,msi_inputs/simulated_12/simulated_12_frame_00122.tif,gt_outputs/simulated_12/simulated_12_gt_00122.png
1575,msi_inputs/simulated_12/simulated_12_frame_00197.tif,gt_outputs/simulated_12/simulated_12_gt_00197.png
1576,msi_inputs/simulated_12/simulated_12_frame_00071.tif,gt_outputs/simulated_12/simulated_12_gt_00071.png
1577,msi_inputs/simulated_12/simulated_12_frame_00065.tif,gt_outputs/simulated_12/simulated_12_gt_00065.png
1578,msi_inputs/simulated_12/simulated_12_frame_00018.tif,gt_outputs/simulated_12/simulated_12_gt_00018.png
1579,msi_inputs/simulated_12/simulated_12_frame_00077.tif,gt_outputs/simulated_12/simulated_12_gt_00077.png
1580,msi_inputs/simulated_12/simulated_12_frame_00138.tif,gt_outputs/simulated_12/simulated_12_gt_00138.png
1581,msi_inputs/simulated_12/simulated_12_frame_00058.tif,gt_outputs/simulated_12/simulated_12_gt_00058.png
1582,msi_inputs/simulated_12/simulated_12_frame_00140.tif,gt_outputs/simulated_12/simulated_12_gt_00140.png
1583,msi_inputs/simulated_12/simulated_12_frame_00086.tif,gt_outputs/simulated_12/simulated_12_gt_00086.png
1584,msi_inputs/simulated_12/simulated_12_frame_00090.tif,gt_outputs/simulated_12/simulated_12_gt_00090.png
1585,msi_inputs/simulated_12/simulated_12_frame_00185.tif,gt_outputs/simulated_12/simulated_12_gt_00185.png
1586,msi_inputs/simulated_12/simulated_12_frame_00121.tif,gt_outputs/simulated_12/simulated_12_gt_00121.png
1587,msi_inputs/simulated_12/simulated_12_frame_00002.tif,gt_outputs/simulated_12/simulated_12_gt_00002.png
1588,msi_inputs/simulated_12/simulated_12_frame_00056.tif,gt_outputs/simulated_12/simulated_12_gt_00056.png
1589,msi_inputs/simulated_12/simulated_12_frame_00124.tif,gt_outputs/simulated_12/simulated_12_gt_00124.png
1590,msi_inputs/simulated_12/simulated_12_frame_00055.tif,gt_outputs/simulated_12/simulated_12_gt_00055.png
1591,msi_inputs/simulated_12/simulated_12_frame_00115.tif,gt_outputs/simulated_12/simulated_12_gt_00115.png
1592,msi_inputs/simulated_12/simulated_12_frame_00195.tif,gt_outputs/simulated_12/simulated_12_gt_00195.png
1593,msi_inputs/simulated_12/simulated_12_frame_00049.tif,gt_outputs/simulated_12/simulated_12_gt_00049.png
1594,msi_inputs/simulated_12/simulated_12_frame_00060.tif,gt_outputs/simulated_12/simulated_12_gt_00060.png
1595,msi_inputs/simulated_12/simulated_12_frame_00129.tif,gt_outputs/simulated_12/simulated_12_gt_00129.png
1596,msi_inputs/simulated_12/simulated_12_frame_00127.tif,gt_outputs/simulated_12/simulated_12_gt_00127.png
1597,msi_inputs/simulated_12/simulated_12_frame_00113.tif,gt_outputs/simulated_12/simulated_12_gt_00113.png
1598,msi_inputs/simulated_12/simulated_12_frame_00047.tif,gt_outputs/simulated_12/simulated_12_gt_00047.png
1599,msi_inputs/simulated_12/simulated_12_frame_00153.tif,gt_outputs/simulated_12/simulated_12_gt_00153.png
1600,msi_inputs/simulated_12/simulated_12_frame_00161.tif,gt_outputs/simulated_12/simulated_12_gt_00161.png
1601,msi_inputs/simulated_12/simulated_12_frame_00084.tif,gt_outputs/simulated_12/simulated_12_gt_00084.png
1602,msi_inputs/simulated_12/simulated_12_frame_00128.tif,gt_outputs/simulated_12/simulated_12_gt_00128.png
1603,msi_inputs/simulated_12/simulated_12_frame_00109.tif,gt_outputs/simulated_12/simulated_12_gt_00109.png
1604,msi_inputs/simulated_12/simulated_12_frame_00101.tif,gt_outputs/simulated_12/simulated_12_gt_00101.png
1605,msi_inputs/simulated_12/simulated_12_frame_00181.tif,gt_outputs/simulated_12/simulated_12_gt_00181.png
1606,msi_inputs/simulated_12/simulated_12_frame_00044.tif,gt_outputs/simulated_12/simulated_12_gt_00044.png
1607,msi_inputs/simulated_12/simulated_12_frame_00016.tif,gt_outputs/simulated_12/simulated_12_gt_00016.png
1608,msi_inputs/simulated_12/simulated_12_frame_00183.tif,gt_outputs/simulated_12/simulated_12_gt_00183.png
1609,msi_inputs/simulated_12/simulated_12_frame_00076.tif,gt_outputs/simulated_12/simulated_12_gt_00076.png
1610,msi_inputs/simulated_12/simulated_12_frame_00083.tif,gt_outputs/simulated_12/simulated_12_gt_00083.png
1611,msi_inputs/simulated_12/simulated_12_frame_00008.tif,gt_outputs/simulated_12/simulated_12_gt_00008.png
1612,msi_inputs/simulated_12/simulated_12_frame_00152.tif,gt_outputs/simulated_12/simulated_12_gt_00152.png
1613,msi_inputs/simulated_12/simulated_12_frame_00028.tif,gt_outputs/simulated_12/simulated_12_gt_00028.png
1614,msi_inputs/simulated_12/simulated_12_frame_00191.tif,gt_outputs/simulated_12/simulated_12_gt_00191.png
1615,msi_inputs/simulated_12/simulated_12_frame_00013.tif,gt_outputs/simulated_12/simulated_12_gt_00013.png
1616,msi_inputs/simulated_12/simulated_12_frame_00037.tif,gt_outputs/simulated_12/simulated_12_gt_00037.png
1617,msi_inputs/simulated_12/simulated_12_frame_00110.tif,gt_outputs/simulated_12/simulated_12_gt_00110.png
1618,msi_inputs/simulated_12/simulated_12_frame_00036.tif,gt_outputs/simulated_12/simulated_12_gt_00036.png
1619,msi_inputs/simulated_12/simulated_12_frame_00029.tif,gt_outputs/simulated_12/simulated_12_gt_00029.png
1620,msi_inputs/simulated_12/simulated_12_frame_00149.tif,gt_outputs/simulated_12/simulated_12_gt_00149.png
1621,msi_inputs/simulated_12/simulated_12_frame_00022.tif,gt_outputs/simulated_12/simulated_12_gt_00022.png
1622,msi_inputs/simulated_12/simulated_12_frame_00038.tif,gt_outputs/simulated_12/simulated_12_gt_00038.png
1623,msi_inputs/simulated_12/simulated_12_frame_00179.tif,gt_outputs/simulated_12/simulated_12_gt_00179.png
1624,msi_inputs/simulated_12/simulated_12_frame_00148.tif,gt_outputs/simulated_12/simulated_12_gt_00148.png
1625,msi_inputs/simulated_12/simulated_12_frame_00182.tif,gt_outputs/simulated_12/simulated_12_gt_00182.png
1626,msi_inputs/simulated_12/simulated_12_frame_00193.tif,gt_outputs/simulated_12/simulated_12_gt_00193.png
1627,msi_inputs/simulated_12/simulated_12_frame_00025.tif,gt_outputs/simulated_12/simulated_12_gt_00025.png
1628,msi_inputs/simulated_12/simulated_12_frame_00064.tif,gt_outputs/simulated_12/simulated_12_gt_00064.png
1629,msi_inputs/simulated_12/simulated_12_frame_00163.tif,gt_outputs/simulated_12/simulated_12_gt_00163.png
1630,msi_inputs/simulated_12/simulated_12_frame_00095.tif,gt_outputs/simulated_12/simulated_12_gt_00095.png
1631,msi_inputs/simulated_12/simulated_12_frame_00172.tif,gt_outputs/simulated_12/simulated_12_gt_00172.png
1632,msi_inputs/simulated_12/simulated_12_frame_00102.tif,gt_outputs/simulated_12/simulated_12_gt_00102.png
1633,msi_inputs/simulated_12/simulated_12_frame_00007.tif,gt_outputs/simulated_12/simulated_12_gt_00007.png
1634,msi_inputs/simulated_12/simulated_12_frame_00078.tif,gt_outputs/simulated_12/simulated_12_gt_00078.png
1635,msi_inputs/simulated_12/simulated_12_frame_00139.tif,gt_outputs/simulated_12/simulated_12_gt_00139.png
1636,msi_inputs/simulated_12/simulated_12_frame_00108.tif,gt_outputs/simulated_12/simulated_12_gt_00108.png
1637,msi_inputs/simulated_12/simulated_12_frame_00088.tif,gt_outputs/simulated_12/simulated_12_gt_00088.png
1638,msi_inputs/simulated_12/simulated_12_frame_00186.tif,gt_outputs/simulated_12/simulated_12_gt_00186.png
1639,msi_inputs/simulated_12/simulated_12_frame_00052.tif,gt_outputs/simulated_12/simulated_12_gt_00052.png
1640,msi_inputs/simulated_12/simulated_12_frame_00144.tif,gt_outputs/simulated_12/simulated_12_gt_00144.png
1641,msi_inputs/simulated_12/simulated_12_frame_00031.tif,gt_outputs/simulated_12/simulated_12_gt_00031.png
1642,msi_inputs/simulated_12/simulated_12_frame_00085.tif,gt_outputs/simulated_12/simulated_12_gt_00085.png
1643,msi_inputs/simulated_12/simulated_12_frame_00012.tif,gt_outputs/simulated_12/simulated_12_gt_00012.png
1644,msi_inputs/simulated_12/simulated_12_frame_00062.tif,gt_outputs/simulated_12/simulated_12_gt_00062.png
1645,msi_inputs/simulated_12/simulated_12_frame_00020.tif,gt_outputs/simulated_12/simulated_12_gt_00020.png
1646,msi_inputs/simulated_12/simulated_12_frame_00019.tif,gt_outputs/simulated_12/simulated_12_gt_00019.png
1647,msi_inputs/simulated_12/simulated_12_frame_00171.tif,gt_outputs/simulated_12/simulated_12_gt_00171.png
1648,msi_inputs/simulated_12/simulated_12_frame_00014.tif,gt_outputs/simulated_12/simulated_12_gt_00014.png
1649,msi_inputs/simulated_12/simulated_12_frame_00112.tif,gt_outputs/simulated_12/simulated_12_gt_00112.png
1650,msi_inputs/simulated_12/simulated_12_frame_00054.tif,gt_outputs/simulated_12/simulated_12_gt_00054.png
1651,msi_inputs/simulated_12/simulated_12_frame_00009.tif,gt_outputs/simulated_12/simulated_12_gt_00009.png
1652,msi_inputs/simulated_12/simulated_12_frame_00117.tif,gt_outputs/simulated_12/simulated_12_gt_00117.png
1653,msi_inputs/simulated_12/simulated_12_frame_00003.tif,gt_outputs/simulated_12/simulated_12_gt_00003.png
1654,msi_inputs/simulated_12/simulated_12_frame_00168.tif,gt_outputs/simulated_12/simulated_12_gt_00168.png
1655,msi_inputs/simulated_12/simulated_12_frame_00051.tif,gt_outputs/simulated_12/simulated_12_gt_00051.png
1656,msi_inputs/simulated_12/simulated_12_frame_00039.tif,gt_outputs/simulated_12/simulated_12_gt_00039.png
1657,msi_inputs/simulated_12/simulated_12_frame_00045.tif,gt_outputs/simulated_12/simulated_12_gt_00045.png
1658,msi_inputs/simulated_12/simulated_12_frame_00075.tif,gt_outputs/simulated_12/simulated_12_gt_00075.png
1659,msi_inputs/simulated_12/simulated_12_frame_00164.tif,gt_outputs/simulated_12/simulated_12_gt_00164.png
1660,msi_inputs/simulated_12/simulated_12_frame_00087.tif,gt_outputs/simulated_12/simulated_12_gt_00087.png
1661,msi_inputs/simulated_12/simulated_12_frame_00192.tif,gt_outputs/simulated_12/simulated_12_gt_00192.png
1662,msi_inputs/simulated_12/simulated_12_frame_00120.tif,gt_outputs/simulated_12/simulated_12_gt_00120.png
1663,msi_inputs/simulated_12/simulated_12_frame_00170.tif,gt_outputs/simulated_12/simulated_12_gt_00170.png
1664,msi_inputs/simulated_12/simulated_12_frame_00130.tif,gt_outputs/simulated_12/simulated_12_gt_00130.png
1665,msi_inputs/simulated_12/simulated_12_frame_00160.tif,gt_outputs/simulated_12/simulated_12_gt_00160.png
1666,msi_inputs/simulated_12/simulated_12_frame_00004.tif,gt_outputs/simulated_12/simulated_12_gt_00004.png
1667,msi_inputs/simulated_12/simulated_12_frame_00059.tif,gt_outputs/simulated_12/simulated_12_gt_00059.png
1668,msi_inputs/simulated_12/simulated_12_frame_00050.tif,gt_outputs/simulated_12/simulated_12_gt_00050.png
1669,msi_inputs/simulated_12/simulated_12_frame_00030.tif,gt_outputs/simulated_12/simulated_12_gt_00030.png
1670,msi_inputs/simulated_12/simulated_12_frame_00196.tif,gt_outputs/simulated_12/simulated_12_gt_00196.png
1671,msi_inputs/simulated_12/simulated_12_frame_00034.tif,gt_outputs/simulated_12/simulated_12_gt_00034.png
1672,msi_inputs/simulated_12/simulated_12_frame_00147.tif,gt_outputs/simulated_12/simulated_12_gt_00147.png
1673,msi_inputs/simulated_12/simulated_12_frame_00035.tif,gt_outputs/simulated_12/simulated_12_gt_00035.png
1674,msi_inputs/simulated_12/simulated_12_frame_00092.tif,gt_outputs/simulated_12/simulated_12_gt_00092.png
1675,msi_inputs/simulated_12/simulated_12_frame_00132.tif,gt_outputs/simulated_12/simulated_12_gt_00132.png
1676,msi_inputs/simulated_12/simulated_12_frame_00057.tif,gt_outputs/simulated_12/simulated_12_gt_00057.png
1677,msi_inputs/simulated_12/simulated_12_frame_00099.tif,gt_outputs/simulated_12/simulated_12_gt_00099.png
1678,msi_inputs/simulated_12/simulated_12_frame_00135.tif,gt_outputs/simulated_12/simulated_12_gt_00135.png
1679,msi_inputs/simulated_12/simulated_12_frame_00151.tif,gt_outputs/simulated_12/simulated_12_gt_00151.png
