,msi_inputs,gt_outputs
0,msi_inputs/simulated_01/simulated_01_frame_00004.tif msi_inputs/simulated_01/simulated_01_frame_00009.tif msi_inputs/simulated_01/simulated_01_frame_00014.tif msi_inputs/simulated_01/simulated_01_frame_00019.tif msi_inputs/simulated_01/simulated_01_frame_00024.tif msi_inputs/simulated_01/simulated_01_frame_00029.tif msi_inputs/simulated_01/simulated_01_frame_00034.tif msi_inputs/simulated_01/simulated_01_frame_00039.tif,gt_outputs/simulated_01/simulated_01_gt_00004.png gt_outputs/simulated_01/simulated_01_gt_00009.png gt_outputs/simulated_01/simulated_01_gt_00014.png gt_outputs/simulated_01/simulated_01_gt_00019.png gt_outputs/simulated_01/simulated_01_gt_00024.png gt_outputs/simulated_01/simulated_01_gt_00029.png gt_outputs/simulated_01/simulated_01_gt_00034.png gt_outputs/simulated_01/simulated_01_gt_00039.png
1,msi_inputs/simulated_01/simulated_01_frame_00088.tif msi_inputs/simulated_01/simulated_01_frame_00089.tif msi_inputs/simulated_01/simulated_01_frame_00090.tif msi_inputs/simulated_01/simulated_01_frame_00091.tif msi_inputs/simulated_01/simulated_01_frame_00092.tif msi_inputs/simulated_01/simulated_01_frame_00093.tif msi_inputs/simulated_01/simulated_01_frame_00094.tif msi_inputs/simulated_01/simulated_01_frame_00095.tif,gt_outputs/simulated_01/simulated_01_gt_00088.png gt_outputs/simulated_01/simulated_01_gt_00089.png gt_outputs/simulated_01/simulated_01_gt_00090.png gt_outputs/simulated_01/simulated_01_gt_00091.png gt_outputs/simulated_01/simulated_01_gt_00092.png gt_outputs/simulated_01/simulated_01_gt_00093.png gt_outputs/simulated_01/simulated_01_gt_00094.png gt_outputs/simulated_01/simulated_01_gt_00095.png
2,msi_inputs/simulated_01/simulated_01_frame_00042.tif msi_inputs/simulated_01/simulated_01_frame_00047.tif msi_inputs/simulated_01/simulated_01_frame_00052.tif msi_inputs/simulated_01/simulated_01_frame_00057.tif msi_inputs/simulated_01/simulated_01_frame_00062.tif msi_inputs/simulated_01/simulated_01_frame_00067.tif msi_inputs/simulated_01/simulated_01_frame_00072.tif msi_inputs/simulated_01/simulated_01_frame_00077.tif,gt_outputs/simulated_01/simulated_01_gt_00042.png gt_outputs/simulated_01/simulated_01_gt_00047.png gt_outputs/simulated_01/simulated_01_gt_00052.png gt_outputs/simulated_01/simulated_01_gt_00057.png gt_outputs/simulated_01/simulated_01_gt_00062.png gt_outputs/simulated_01/simulated_01_gt_00067.png gt_outputs/simulated_01/simulated_01_gt_00072.png gt_outputs/simulated_01/simulated_01_gt_00077.png
3,msi_inputs/simulated_01/simulated_01_frame_00083.tif msi_inputs/simulated_01/simulated_01_frame_00088.tif msi_inputs/simulated_01/simulated_01_frame_00093.tif msi_inputs/simulated_01/simulated_01_frame_00098.tif msi_inputs/simulated_01/simulated_01_frame_00103.tif msi_inputs/simulated_01/simulated_01_frame_00108.tif msi_inputs/simulated_01/simulated_01_frame_00113.tif msi_inputs/simulated_01/simulated_01_frame_00118.tif,gt_outputs/simulated_01/simulated_01_gt_00083.png gt_outputs/simulated_01/simulated_01_gt_00088.png gt_outputs/simulated_01/simulated_01_gt_00093.png gt_outputs/simulated_01/simulated_01_gt_00098.png gt_outputs/simulated_01/simulated_01_gt_00103.png gt_outputs/simulated_01/simulated_01_gt_00108.png gt_outputs/simulated_01/simulated_01_gt_00113.png gt_outputs/simulated_01/simulated_01_gt_00118.png
4,msi_inputs/simulated_01/simulated_01_frame_00021.tif msi_inputs/simulated_01/simulated_01_frame_00046.tif msi_inputs/simulated_01/simulated_01_frame_00071.tif msi_inputs/simulated_01/simulated_01_frame_00096.tif msi_inputs/simulated_01/simulated_01_frame_00121.tif msi_inputs/simulated_01/simulated_01_frame_00146.tif msi_inputs/simulated_01/simulated_01_frame_00171.tif msi_inputs/simulated_01/simulated_01_frame_00196.tif,gt_outputs/simulated_01/simulated_01_gt_00021.png gt_outputs/simulated_01/simulated_01_gt_00046.png gt_outputs/simulated_01/simulated_01_gt_00071.png gt_outputs/simulated_01/simulated_01_gt_00096.png gt_outputs/simulated_01/simulated_01_gt_00121.png gt_outputs/simulated_01/simulated_01_gt_00146.png gt_outputs/simulated_01/simulated_01_gt_00171.png gt_outputs/simulated_01/simulated_01_gt_00196.png
5,msi_inputs/simulated_01/simulated_01_frame_00122.tif msi_inputs/simulated_01/simulated_01_frame_00127.tif msi_inputs/simulated_01/simulated_01_frame_00132.tif msi_inputs/simulated_01/simulated_01_frame_00137.tif msi_inputs/simulated_01/simulated_01_frame_00142.tif msi_inputs/simulated_01/simulated_01_frame_00147.tif msi_inputs/simulated_01/simulated_01_frame_00152.tif msi_inputs/simulated_01/simulated_01_frame_00157.tif,gt_outputs/simulated_01/simulated_01_gt_00122.png gt_outputs/simulated_01/simulated_01_gt_00127.png gt_outputs/simulated_01/simulated_01_gt_00132.png gt_outputs/simulated_01/simulated_01_gt_00137.png gt_outputs/simulated_01/simulated_01_gt_00142.png gt_outputs/simulated_01/simulated_01_gt_00147.png gt_outputs/simulated_01/simulated_01_gt_00152.png gt_outputs/simulated_01/simulated_01_gt_00157.png
6,msi_inputs/simulated_01/simulated_01_frame_00084.tif msi_inputs/simulated_01/simulated_01_frame_00089.tif msi_inputs/simulated_01/simulated_01_frame_00094.tif msi_inputs/simulated_01/simulated_01_frame_00099.tif msi_inputs/simulated_01/simulated_01_frame_00104.tif msi_inputs/simulated_01/simulated_01_frame_00109.tif msi_inputs/simulated_01/simulated_01_frame_00114.tif msi_inputs/simulated_01/simulated_01_frame_00119.tif,gt_outputs/simulated_01/simulated_01_gt_00084.png gt_outputs/simulated_01/simulated_01_gt_00089.png gt_outputs/simulated_01/simulated_01_gt_00094.png gt_outputs/simulated_01/simulated_01_gt_00099.png gt_outputs/simulated_01/simulated_01_gt_00104.png gt_outputs/simulated_01/simulated_01_gt_00109.png gt_outputs/simulated_01/simulated_01_gt_00114.png gt_outputs/simulated_01/simulated_01_gt_00119.png
7,msi_inputs/simulated_01/simulated_01_frame_00120.tif msi_inputs/simulated_01/simulated_01_frame_00121.tif msi_inputs/simulated_01/simulated_01_frame_00122.tif msi_inputs/simulated_01/simulated_01_frame_00123.tif msi_inputs/simulated_01/simulated_01_frame_00124.tif msi_inputs/simulated_01/simulated_01_frame_00125.tif msi_inputs/simulated_01/simulated_01_frame_00126.tif msi_inputs/simulated_01/simulated_01_frame_00127.tif,gt_outputs/simulated_01/simulated_01_gt_00120.png gt_outputs/simulated_01/simulated_01_gt_00121.png gt_outputs/simulated_01/simulated_01_gt_00122.png gt_outputs/simulated_01/simulated_01_gt_00123.png gt_outputs/simulated_01/simulated_01_gt_00124.png gt_outputs/simulated_01/simulated_01_gt_00125.png gt_outputs/simulated_01/simulated_01_gt_00126.png gt_outputs/simulated_01/simulated_01_gt_00127.png
8,msi_inputs/simulated_01/simulated_01_frame_00080.tif msi_inputs/simulated_01/simulated_01_frame_00090.tif msi_inputs/simulated_01/simulated_01_frame_00100.tif msi_inputs/simulated_01/simulated_01_frame_00110.tif msi_inputs/simulated_01/simulated_01_frame_00120.tif msi_inputs/simulated_01/simulated_01_frame_00130.tif msi_inputs/simulated_01/simulated_01_frame_00140.tif msi_inputs/simulated_01/simulated_01_frame_00150.tif,gt_outputs/simulated_01/simulated_01_gt_00080.png gt_outputs/simulated_01/simulated_01_gt_00090.png gt_outputs/simulated_01/simulated_01_gt_00100.png gt_outputs/simulated_01/simulated_01_gt_00110.png gt_outputs/simulated_01/simulated_01_gt_00120.png gt_outputs/simulated_01/simulated_01_gt_00130.png gt_outputs/simulated_01/simulated_01_gt_00140.png gt_outputs/simulated_01/simulated_01_gt_00150.png
9,msi_inputs/simulated_01/simulated_01_frame_00008.tif msi_inputs/simulated_01/simulated_01_frame_00033.tif msi_inputs/simulated_01/simulated_01_frame_00058.tif msi_inputs/simulated_01/simulated_01_frame_00083.tif msi_inputs/simulated_01/simulated_01_frame_00108.tif msi_inputs/simulated_01/simulated_01_frame_00133.tif msi_inputs/simulated_01/simulated_01_frame_00158.tif msi_inputs/simulated_01/simulated_01_frame_00183.tif,gt_outputs/simulated_01/simulated_01_gt_00008.png gt_outputs/simulated_01/simulated_01_gt_00033.png gt_outputs/simulated_01/simulated_01_gt_00058.png gt_outputs/simulated_01/simulated_01_gt_00083.png gt_outputs/simulated_01/simulated_01_gt_00108.png gt_outputs/simulated_01/simulated_01_gt_00133.png gt_outputs/simulated_01/simulated_01_gt_00158.png gt_outputs/simulated_01/simulated_01_gt_00183.png
10,msi_inputs/simulated_01/simulated_01_frame_00022.tif msi_inputs/simulated_01/simulated_01_frame_00047.tif msi_inputs/simulated_01/simulated_01_frame_00072.tif msi_inputs/simulated_01/simulated_01_frame_00097.tif msi_inputs/simulated_01/simulated_01_frame_00122.tif msi_inputs/simulated_01/simulated_01_frame_00147.tif msi_inputs/simulated_01/simulated_01_frame_00172.tif msi_inputs/simulated_01/simulated_01_frame_00197.tif,gt_outputs/simulated_01/simulated_01_gt_00022.png gt_outputs/simulated_01/simulated_01_gt_00047.png gt_outputs/simulated_01/simulated_01_gt_00072.png gt_outputs/simulated_01/simulated_01_gt_00097.png gt_outputs/simulated_01/simulated_01_gt_00122.png gt_outputs/simulated_01/simulated_01_gt_00147.png gt_outputs/simulated_01/simulated_01_gt_00172.png gt_outputs/simulated_01/simulated_01_gt_00197.png
11,msi_inputs/simulated_01/simulated_01_frame_00112.tif msi_inputs/simulated_01/simulated_01_frame_00113.tif msi_inputs/simulated_01/simulated_01_frame_00114.tif msi_inputs/simulated_01/simulated_01_frame_00115.tif msi_inputs/simulated_01/simulated_01_frame_00116.tif msi_inputs/simulated_01/simulated_01_frame_00117.tif msi_inputs/simulated_01/simulated_01_frame_00118.tif msi_inputs/simulated_01/simulated_01_frame_00119.tif,gt_outputs/simulated_01/simulated_01_gt_00112.png gt_outputs/simulated_01/simulated_01_gt_00113.png gt_outputs/simulated_01/simulated_01_gt_00114.png gt_outputs/simulated_01/simulated_01_gt_00115.png gt_outputs/simulated_01/simulated_01_gt_00116.png gt_outputs/simulated_01/simulated_01_gt_00117.png gt_outputs/simulated_01/simulated_01_gt_00118.png gt_outputs/simulated_01/simulated_01_gt_00119.png
12,msi_inputs/simulated_01/simulated_01_frame_00089.tif msi_inputs/simulated_01/simulated_01_frame_00099.tif msi_inputs/simulated_01/simulated_01_frame_00109.tif msi_inputs/simulated_01/simulated_01_frame_00119.tif msi_inputs/simulated_01/simulated_01_frame_00129.tif msi_inputs/simulated_01/simulated_01_frame_00139.tif msi_inputs/simulated_01/simulated_01_frame_00149.tif msi_inputs/simulated_01/simulated_01_frame_00159.tif,gt_outputs/simulated_01/simulated_01_gt_00089.png gt_outputs/simulated_01/simulated_01_gt_00099.png gt_outputs/simulated_01/simulated_01_gt_00109.png gt_outputs/simulated_01/simulated_01_gt_00119.png gt_outputs/simulated_01/simulated_01_gt_00129.png gt_outputs/simulated_01/simulated_01_gt_00139.png gt_outputs/simulated_01/simulated_01_gt_00149.png gt_outputs/simulated_01/simulated_01_gt_00159.png
13,msi_inputs/simulated_01/simulated_01_frame_00005.tif msi_inputs/simulated_01/simulated_01_frame_00015.tif msi_inputs/simulated_01/simulated_01_frame_00025.tif msi_inputs/simulated_01/simulated_01_frame_00035.tif msi_inputs/simulated_01/simulated_01_frame_00045.tif msi_inputs/simulated_01/simulated_01_frame_00055.tif msi_inputs/simulated_01/simulated_01_frame_00065.tif msi_inputs/simulated_01/simulated_01_frame_00075.tif,gt_outputs/simulated_01/simulated_01_gt_00005.png gt_outputs/simulated_01/simulated_01_gt_00015.png gt_outputs/simulated_01/simulated_01_gt_00025.png gt_outputs/simulated_01/simulated_01_gt_00035.png gt_outputs/simulated_01/simulated_01_gt_00045.png gt_outputs/simulated_01/simulated_01_gt_00055.png gt_outputs/simulated_01/simulated_01_gt_00065.png gt_outputs/simulated_01/simulated_01_gt_00075.png
14,msi_inputs/simulated_01/simulated_01_frame_00006.tif msi_inputs/simulated_01/simulated_01_frame_00031.tif msi_inputs/simulated_01/simulated_01_frame_00056.tif msi_inputs/simulated_01/simulated_01_frame_00081.tif msi_inputs/simulated_01/simulated_01_frame_00106.tif msi_inputs/simulated_01/simulated_01_frame_00131.tif msi_inputs/simulated_01/simulated_01_frame_00156.tif msi_inputs/simulated_01/simulated_01_frame_00181.tif,gt_outputs/simulated_01/simulated_01_gt_00006.png gt_outputs/simulated_01/simulated_01_gt_00031.png gt_outputs/simulated_01/simulated_01_gt_00056.png gt_outputs/simulated_01/simulated_01_gt_00081.png gt_outputs/simulated_01/simulated_01_gt_00106.png gt_outputs/simulated_01/simulated_01_gt_00131.png gt_outputs/simulated_01/simulated_01_gt_00156.png gt_outputs/simulated_01/simulated_01_gt_00181.png
15,msi_inputs/simulated_01/simulated_01_frame_00015.tif msi_inputs/simulated_01/simulated_01_frame_00040.tif msi_inputs/simulated_01/simulated_01_frame_00065.tif msi_inputs/simulated_01/simulated_01_frame_00090.tif msi_inputs/simulated_01/simulated_01_frame_00115.tif msi_inputs/simulated_01/simulated_01_frame_00140.tif msi_inputs/simulated_01/simulated_01_frame_00165.tif msi_inputs/simulated_01/simulated_01_frame_00190.tif,gt_outputs/simulated_01/simulated_01_gt_00015.png gt_outputs/simulated_01/simulated_01_gt_00040.png gt_outputs/simulated_01/simulated_01_gt_00065.png gt_outputs/simulated_01/simulated_01_gt_00090.png gt_outputs/simulated_01/simulated_01_gt_00115.png gt_outputs/simulated_01/simulated_01_gt_00140.png gt_outputs/simulated_01/simulated_01_gt_00165.png gt_outputs/simulated_01/simulated_01_gt_00190.png
16,msi_inputs/simulated_01/simulated_01_frame_00124.tif msi_inputs/simulated_01/simulated_01_frame_00129.tif msi_inputs/simulated_01/simulated_01_frame_00134.tif msi_inputs/simulated_01/simulated_01_frame_00139.tif msi_inputs/simulated_01/simulated_01_frame_00144.tif msi_inputs/simulated_01/simulated_01_frame_00149.tif msi_inputs/simulated_01/simulated_01_frame_00154.tif msi_inputs/simulated_01/simulated_01_frame_00159.tif,gt_outputs/simulated_01/simulated_01_gt_00124.png gt_outputs/simulated_01/simulated_01_gt_00129.png gt_outputs/simulated_01/simulated_01_gt_00134.png gt_outputs/simulated_01/simulated_01_gt_00139.png gt_outputs/simulated_01/simulated_01_gt_00144.png gt_outputs/simulated_01/simulated_01_gt_00149.png gt_outputs/simulated_01/simulated_01_gt_00154.png gt_outputs/simulated_01/simulated_01_gt_00159.png
17,msi_inputs/simulated_01/simulated_01_frame_00000.tif msi_inputs/simulated_01/simulated_01_frame_00005.tif msi_inputs/simulated_01/simulated_01_frame_00010.tif msi_inputs/simulated_01/simulated_01_frame_00015.tif msi_inputs/simulated_01/simulated_01_frame_00020.tif msi_inputs/simulated_01/simulated_01_frame_00025.tif msi_inputs/simulated_01/simulated_01_frame_00030.tif msi_inputs/simulated_01/simulated_01_frame_00035.tif,gt_outputs/simulated_01/simulated_01_gt_00000.png gt_outputs/simulated_01/simulated_01_gt_00005.png gt_outputs/simulated_01/simulated_01_gt_00010.png gt_outputs/simulated_01/simulated_01_gt_00015.png gt_outputs/simulated_01/simulated_01_gt_00020.png gt_outputs/simulated_01/simulated_01_gt_00025.png gt_outputs/simulated_01/simulated_01_gt_00030.png gt_outputs/simulated_01/simulated_01_gt_00035.png
18,msi_inputs/simulated_01/simulated_01_frame_00084.tif msi_inputs/simulated_01/simulated_01_frame_00094.tif msi_inputs/simulated_01/simulated_01_frame_00104.tif msi_inputs/simulated_01/simulated_01_frame_00114.tif msi_inputs/simulated_01/simulated_01_frame_00124.tif msi_inputs/simulated_01/simulated_01_frame_00134.tif msi_inputs/simulated_01/simulated_01_frame_00144.tif msi_inputs/simulated_01/simulated_01_frame_00154.tif,gt_outputs/simulated_01/simulated_01_gt_00084.png gt_outputs/simulated_01/simulated_01_gt_00094.png gt_outputs/simulated_01/simulated_01_gt_00104.png gt_outputs/simulated_01/simulated_01_gt_00114.png gt_outputs/simulated_01/simulated_01_gt_00124.png gt_outputs/simulated_01/simulated_01_gt_00134.png gt_outputs/simulated_01/simulated_01_gt_00144.png gt_outputs/simulated_01/simulated_01_gt_00154.png
19,msi_inputs/simulated_01/simulated_01_frame_00104.tif msi_inputs/simulated_01/simulated_01_frame_00105.tif msi_inputs/simulated_01/simulated_01_frame_00106.tif msi_inputs/simulated_01/simulated_01_frame_00107.tif msi_inputs/simulated_01/simulated_01_frame_00108.tif msi_inputs/simulated_01/simulated_01_frame_00109.tif msi_inputs/simulated_01/simulated_01_frame_00110.tif msi_inputs/simulated_01/simulated_01_frame_00111.tif,gt_outputs/simulated_01/simulated_01_gt_00104.png gt_outputs/simulated_01/simulated_01_gt_00105.png gt_outputs/simulated_01/simulated_01_gt_00106.png gt_outputs/simulated_01/simulated_01_gt_00107.png gt_outputs/simulated_01/simulated_01_gt_00108.png gt_outputs/simulated_01/simulated_01_gt_00109.png gt_outputs/simulated_01/simulated_01_gt_00110.png gt_outputs/simulated_01/simulated_01_gt_00111.png
20,msi_inputs/simulated_01/simulated_01_frame_00096.tif msi_inputs/simulated_01/simulated_01_frame_00097.tif msi_inputs/simulated_01/simulated_01_frame_00098.tif msi_inputs/simulated_01/simulated_01_frame_00099.tif msi_inputs/simulated_01/simulated_01_frame_00100.tif msi_inputs/simulated_01/simulated_01_frame_00101.tif msi_inputs/simulated_01/simulated_01_frame_00102.tif msi_inputs/simulated_01/simulated_01_frame_00103.tif,gt_outputs/simulated_01/simulated_01_gt_00096.png gt_outputs/simulated_01/simulated_01_gt_00097.png gt_outputs/simulated_01/simulated_01_gt_00098.png gt_outputs/simulated_01/simulated_01_gt_00099.png gt_outputs/simulated_01/simulated_01_gt_00100.png gt_outputs/simulated_01/simulated_01_gt_00101.png gt_outputs/simulated_01/simulated_01_gt_00102.png gt_outputs/simulated_01/simulated_01_gt_00103.png
21,msi_inputs/simulated_01/simulated_01_frame_00007.tif msi_inputs/simulated_01/simulated_01_frame_00017.tif msi_inputs/simulated_01/simulated_01_frame_00027.tif msi_inputs/simulated_01/simulated_01_frame_00037.tif msi_inputs/simulated_01/simulated_01_frame_00047.tif msi_inputs/simulated_01/simulated_01_frame_00057.tif msi_inputs/simulated_01/simulated_01_frame_00067.tif msi_inputs/simulated_01/simulated_01_frame_00077.tif,gt_outputs/simulated_01/simulated_01_gt_00007.png gt_outputs/simulated_01/simulated_01_gt_00017.png gt_outputs/simulated_01/simulated_01_gt_00027.png gt_outputs/simulated_01/simulated_01_gt_00037.png gt_outputs/simulated_01/simulated_01_gt_00047.png gt_outputs/simulated_01/simulated_01_gt_00057.png gt_outputs/simulated_01/simulated_01_gt_00067.png gt_outputs/simulated_01/simulated_01_gt_00077.png
22,msi_inputs/simulated_01/simulated_01_frame_00001.tif msi_inputs/simulated_01/simulated_01_frame_00026.tif msi_inputs/simulated_01/simulated_01_frame_00051.tif msi_inputs/simulated_01/simulated_01_frame_00076.tif msi_inputs/simulated_01/simulated_01_frame_00101.tif msi_inputs/simulated_01/simulated_01_frame_00126.tif msi_inputs/simulated_01/simulated_01_frame_00151.tif msi_inputs/simulated_01/simulated_01_frame_00176.tif,gt_outputs/simulated_01/simulated_01_gt_00001.png gt_outputs/simulated_01/simulated_01_gt_00026.png gt_outputs/simulated_01/simulated_01_gt_00051.png gt_outputs/simulated_01/simulated_01_gt_00076.png gt_outputs/simulated_01/simulated_01_gt_00101.png gt_outputs/simulated_01/simulated_01_gt_00126.png gt_outputs/simulated_01/simulated_01_gt_00151.png gt_outputs/simulated_01/simulated_01_gt_00176.png
23,msi_inputs/simulated_01/simulated_01_frame_00081.tif msi_inputs/simulated_01/simulated_01_frame_00091.tif msi_inputs/simulated_01/simulated_01_frame_00101.tif msi_inputs/simulated_01/simulated_01_frame_00111.tif msi_inputs/simulated_01/simulated_01_frame_00121.tif msi_inputs/simulated_01/simulated_01_frame_00131.tif msi_inputs/simulated_01/simulated_01_frame_00141.tif msi_inputs/simulated_01/simulated_01_frame_00151.tif,gt_outputs/simulated_01/simulated_01_gt_00081.png gt_outputs/simulated_01/simulated_01_gt_00091.png gt_outputs/simulated_01/simulated_01_gt_00101.png gt_outputs/simulated_01/simulated_01_gt_00111.png gt_outputs/simulated_01/simulated_01_gt_00121.png gt_outputs/simulated_01/simulated_01_gt_00131.png gt_outputs/simulated_01/simulated_01_gt_00141.png gt_outputs/simulated_01/simulated_01_gt_00151.png
24,msi_inputs/simulated_01/simulated_01_frame_00013.tif msi_inputs/simulated_01/simulated_01_frame_00038.tif msi_inputs/simulated_01/simulated_01_frame_00063.tif msi_inputs/simulated_01/simulated_01_frame_00088.tif msi_inputs/simulated_01/simulated_01_frame_00113.tif msi_inputs/simulated_01/simulated_01_frame_00138.tif msi_inputs/simulated_01/simulated_01_frame_00163.tif msi_inputs/simulated_01/simulated_01_frame_00188.tif,gt_outputs/simulated_01/simulated_01_gt_00013.png gt_outputs/simulated_01/simulated_01_gt_00038.png gt_outputs/simulated_01/simulated_01_gt_00063.png gt_outputs/simulated_01/simulated_01_gt_00088.png gt_outputs/simulated_01/simulated_01_gt_00113.png gt_outputs/simulated_01/simulated_01_gt_00138.png gt_outputs/simulated_01/simulated_01_gt_00163.png gt_outputs/simulated_01/simulated_01_gt_00188.png
25,msi_inputs/simulated_01/simulated_01_frame_00004.tif msi_inputs/simulated_01/simulated_01_frame_00029.tif msi_inputs/simulated_01/simulated_01_frame_00054.tif msi_inputs/simulated_01/simulated_01_frame_00079.tif msi_inputs/simulated_01/simulated_01_frame_00104.tif msi_inputs/simulated_01/simulated_01_frame_00129.tif msi_inputs/simulated_01/simulated_01_frame_00154.tif msi_inputs/simulated_01/simulated_01_frame_00179.tif,gt_outputs/simulated_01/simulated_01_gt_00004.png gt_outputs/simulated_01/simulated_01_gt_00029.png gt_outputs/simulated_01/simulated_01_gt_00054.png gt_outputs/simulated_01/simulated_01_gt_00079.png gt_outputs/simulated_01/simulated_01_gt_00104.png gt_outputs/simulated_01/simulated_01_gt_00129.png gt_outputs/simulated_01/simulated_01_gt_00154.png gt_outputs/simulated_01/simulated_01_gt_00179.png
26,msi_inputs/simulated_01/simulated_01_frame_00002.tif msi_inputs/simulated_01/simulated_01_frame_00012.tif msi_inputs/simulated_01/simulated_01_frame_00022.tif msi_inputs/simulated_01/simulated_01_frame_00032.tif msi_inputs/simulated_01/simulated_01_frame_00042.tif msi_inputs/simulated_01/simulated_01_frame_00052.tif msi_inputs/simulated_01/simulated_01_frame_00062.tif msi_inputs/simulated_01/simulated_01_frame_00072.tif,gt_outputs/simulated_01/simulated_01_gt_00002.png gt_outputs/simulated_01/simulated_01_gt_00012.png gt_outputs/simulated_01/simulated_01_gt_00022.png gt_outputs/simulated_01/simulated_01_gt_00032.png gt_outputs/simulated_01/simulated_01_gt_00042.png gt_outputs/simulated_01/simulated_01_gt_00052.png gt_outputs/simulated_01/simulated_01_gt_00062.png gt_outputs/simulated_01/simulated_01_gt_00072.png
27,msi_inputs/simulated_01/simulated_01_frame_00120.tif msi_inputs/simulated_01/simulated_01_frame_00125.tif msi_inputs/simulated_01/simulated_01_frame_00130.tif msi_inputs/simulated_01/simulated_01_frame_00135.tif msi_inputs/simulated_01/simulated_01_frame_00140.tif msi_inputs/simulated_01/simulated_01_frame_00145.tif msi_inputs/simulated_01/simulated_01_frame_00150.tif msi_inputs/simulated_01/simulated_01_frame_00155.tif,gt_outputs/simulated_01/simulated_01_gt_00120.png gt_outputs/simulated_01/simulated_01_gt_00125.png gt_outputs/simulated_01/simulated_01_gt_00130.png gt_outputs/simulated_01/simulated_01_gt_00135.png gt_outputs/simulated_01/simulated_01_gt_00140.png gt_outputs/simulated_01/simulated_01_gt_00145.png gt_outputs/simulated_01/simulated_01_gt_00150.png gt_outputs/simulated_01/simulated_01_gt_00155.png
28,msi_inputs/simulated_01/simulated_01_frame_00087.tif msi_inputs/simulated_01/simulated_01_frame_00097.tif msi_inputs/simulated_01/simulated_01_frame_00107.tif msi_inputs/simulated_01/simulated_01_frame_00117.tif msi_inputs/simulated_01/simulated_01_frame_00127.tif msi_inputs/simulated_01/simulated_01_frame_00137.tif msi_inputs/simulated_01/simulated_01_frame_00147.tif msi_inputs/simulated_01/simulated_01_frame_00157.tif,gt_outputs/simulated_01/simulated_01_gt_00087.png gt_outputs/simulated_01/simulated_01_gt_00097.png gt_outputs/simulated_01/simulated_01_gt_00107.png gt_outputs/simulated_01/simulated_01_gt_00117.png gt_outputs/simulated_01/simulated_01_gt_00127.png gt_outputs/simulated_01/simulated_01_gt_00137.png gt_outputs/simulated_01/simulated_01_gt_00147.png gt_outputs/simulated_01/simulated_01_gt_00157.png
29,msi_inputs/simulated_01/simulated_01_frame_00010.tif msi_inputs/simulated_01/simulated_01_frame_00035.tif msi_inputs/simulated_01/simulated_01_frame_00060.tif msi_inputs/simulated_01/simulated_01_frame_00085.tif msi_inputs/simulated_01/simulated_01_frame_00110.tif msi_inputs/simulated_01/simulated_01_frame_00135.tif msi_inputs/simulated_01/simulated_01_frame_00160.tif msi_inputs/simulated_01/simulated_01_frame_00185.tif,gt_outputs/simulated_01/simulated_01_gt_00010.png gt_outputs/simulated_01/simulated_01_gt_00035.png gt_outputs/simulated_01/simulated_01_gt_00060.png gt_outputs/simulated_01/simulated_01_gt_00085.png gt_outputs/simulated_01/simulated_01_gt_00110.png gt_outputs/simulated_01/simulated_01_gt_00135.png gt_outputs/simulated_01/simulated_01_gt_00160.png gt_outputs/simulated_01/simulated_01_gt_00185.png
30,msi_inputs/simulated_01/simulated_01_frame_00018.tif msi_inputs/simulated_01/simulated_01_frame_00043.tif msi_inputs/simulated_01/simulated_01_frame_00068.tif msi_inputs/simulated_01/simulated_01_frame_00093.tif msi_inputs/simulated_01/simulated_01_frame_00118.tif msi_inputs/simulated_01/simulated_01_frame_00143.tif msi_inputs/simulated_01/simulated_01_frame_00168.tif msi_inputs/simulated_01/simulated_01_frame_00193.tif,gt_outputs/simulated_01/simulated_01_gt_00018.png gt_outputs/simulated_01/simulated_01_gt_00043.png gt_outputs/simulated_01/simulated_01_gt_00068.png gt_outputs/simulated_01/simulated_01_gt_00093.png gt_outputs/simulated_01/simulated_01_gt_00118.png gt_outputs/simulated_01/simulated_01_gt_00143.png gt_outputs/simulated_01/simulated_01_gt_00168.png gt_outputs/simulated_01/simulated_01_gt_00193.png
31,msi_inputs/simulated_01/simulated_01_frame_00085.tif msi_inputs/simulated_01/simulated_01_frame_00095.tif msi_inputs/simulated_01/simulated_01_frame_00105.tif msi_inputs/simulated_01/simulated_01_frame_00115.tif msi_inputs/simulated_01/simulated_01_frame_00125.tif msi_inputs/simulated_01/simulated_01_frame_00135.tif msi_inputs/simulated_01/simulated_01_frame_00145.tif msi_inputs/simulated_01/simulated_01_frame_00155.tif,gt_outputs/simulated_01/simulated_01_gt_00085.png gt_outputs/simulated_01/simulated_01_gt_00095.png gt_outputs/simulated_01/simulated_01_gt_00105.png gt_outputs/simulated_01/simulated_01_gt_00115.png gt_outputs/simulated_01/simulated_01_gt_00125.png gt_outputs/simulated_01/simulated_01_gt_00135.png gt_outputs/simulated_01/simulated_01_gt_00145.png gt_outputs/simulated_01/simulated_01_gt_00155.png
32,msi_inputs/simulated_01/simulated_01_frame_00009.tif msi_inputs/simulated_01/simulated_01_frame_00034.tif msi_inputs/simulated_01/simulated_01_frame_00059.tif msi_inputs/simulated_01/simulated_01_frame_00084.tif msi_inputs/simulated_01/simulated_01_frame_00109.tif msi_inputs/simulated_01/simulated_01_frame_00134.tif msi_inputs/simulated_01/simulated_01_frame_00159.tif msi_inputs/simulated_01/simulated_01_frame_00184.tif,gt_outputs/simulated_01/simulated_01_gt_00009.png gt_outputs/simulated_01/simulated_01_gt_00034.png gt_outputs/simulated_01/simulated_01_gt_00059.png gt_outputs/simulated_01/simulated_01_gt_00084.png gt_outputs/simulated_01/simulated_01_gt_00109.png gt_outputs/simulated_01/simulated_01_gt_00134.png gt_outputs/simulated_01/simulated_01_gt_00159.png gt_outputs/simulated_01/simulated_01_gt_00184.png
33,msi_inputs/simulated_01/simulated_01_frame_00014.tif msi_inputs/simulated_01/simulated_01_frame_00039.tif msi_inputs/simulated_01/simulated_01_frame_00064.tif msi_inputs/simulated_01/simulated_01_frame_00089.tif msi_inputs/simulated_01/simulated_01_frame_00114.tif msi_inputs/simulated_01/simulated_01_frame_00139.tif msi_inputs/simulated_01/simulated_01_frame_00164.tif msi_inputs/simulated_01/simulated_01_frame_00189.tif,gt_outputs/simulated_01/simulated_01_gt_00014.png gt_outputs/simulated_01/simulated_01_gt_00039.png gt_outputs/simulated_01/simulated_01_gt_00064.png gt_outputs/simulated_01/simulated_01_gt_00089.png gt_outputs/simulated_01/simulated_01_gt_00114.png gt_outputs/simulated_01/simulated_01_gt_00139.png gt_outputs/simulated_01/simulated_01_gt_00164.png gt_outputs/simulated_01/simulated_01_gt_00189.png
34,msi_inputs/simulated_01/simulated_01_frame_00162.tif msi_inputs/simulated_01/simulated_01_frame_00167.tif msi_inputs/simulated_01/simulated_01_frame_00172.tif msi_inputs/simulated_01/simulated_01_frame_00177.tif msi_inputs/simulated_01/simulated_01_frame_00182.tif msi_inputs/simulated_01/simulated_01_frame_00187.tif msi_inputs/simulated_01/simulated_01_frame_00192.tif msi_inputs/simulated_01/simulated_01_frame_00197.tif,gt_outputs/simulated_01/simulated_01_gt_00162.png gt_outputs/simulated_01/simulated_01_gt_00167.png gt_outputs/simulated_01/simulated_01_gt_00172.png gt_outputs/simulated_01/simulated_01_gt_00177.png gt_outputs/simulated_01/simulated_01_gt_00182.png gt_outputs/simulated_01/simulated_01_gt_00187.png gt_outputs/simulated_01/simulated_01_gt_00192.png gt_outputs/simulated_01/simulated_01_gt_00197.png
35,msi_inputs/simulated_01/simulated_01_frame_00001.tif msi_inputs/simulated_01/simulated_01_frame_00011.tif msi_inputs/simulated_01/simulated_01_frame_00021.tif msi_inputs/simulated_01/simulated_01_frame_00031.tif msi_inputs/simulated_01/simulated_01_frame_00041.tif msi_inputs/simulated_01/simulated_01_frame_00051.tif msi_inputs/simulated_01/simulated_01_frame_00061.tif msi_inputs/simulated_01/simulated_01_frame_00071.tif,gt_outputs/simulated_01/simulated_01_gt_00001.png gt_outputs/simulated_01/simulated_01_gt_00011.png gt_outputs/simulated_01/simulated_01_gt_00021.png gt_outputs/simulated_01/simulated_01_gt_00031.png gt_outputs/simulated_01/simulated_01_gt_00041.png gt_outputs/simulated_01/simulated_01_gt_00051.png gt_outputs/simulated_01/simulated_01_gt_00061.png gt_outputs/simulated_01/simulated_01_gt_00071.png
36,msi_inputs/simulated_01/simulated_01_frame_00002.tif msi_inputs/simulated_01/simulated_01_frame_00007.tif msi_inputs/simulated_01/simulated_01_frame_00012.tif msi_inputs/simulated_01/simulated_01_frame_00017.tif msi_inputs/simulated_01/simulated_01_frame_00022.tif msi_inputs/simulated_01/simulated_01_frame_00027.tif msi_inputs/simulated_01/simulated_01_frame_00032.tif msi_inputs/simulated_01/simulated_01_frame_00037.tif,gt_outputs/simulated_01/simulated_01_gt_00002.png gt_outputs/simulated_01/simulated_01_gt_00007.png gt_outputs/simulated_01/simulated_01_gt_00012.png gt_outputs/simulated_01/simulated_01_gt_00017.png gt_outputs/simulated_01/simulated_01_gt_00022.png gt_outputs/simulated_01/simulated_01_gt_00027.png gt_outputs/simulated_01/simulated_01_gt_00032.png gt_outputs/simulated_01/simulated_01_gt_00037.png
37,msi_inputs/simulated_01/simulated_01_frame_00161.tif msi_inputs/simulated_01/simulated_01_frame_00166.tif msi_inputs/simulated_01/simulated_01_frame_00171.tif msi_inputs/simulated_01/simulated_01_frame_00176.tif msi_inputs/simulated_01/simulated_01_frame_00181.tif msi_inputs/simulated_01/simulated_01_frame_00186.tif msi_inputs/simulated_01/simulated_01_frame_00191.tif msi_inputs/simulated_01/simulated_01_frame_00196.tif,gt_outputs/simulated_01/simulated_01_gt_00161.png gt_outputs/simulated_01/simulated_01_gt_00166.png gt_outputs/simulated_01/simulated_01_gt_00171.png gt_outputs/simulated_01/simulated_01_gt_00176.png gt_outputs/simulated_01/simulated_01_gt_00181.png gt_outputs/simulated_01/simulated_01_gt_00186.png gt_outputs/simulated_01/simulated_01_gt_00191.png gt_outputs/simulated_01/simulated_01_gt_00196.png
38,msi_inputs/simulated_01/simulated_01_frame_00144.tif msi_inputs/simulated_01/simulated_01_frame_00145.tif msi_inputs/simulated_01/simulated_01_frame_00146.tif msi_inputs/simulated_01/simulated_01_frame_00147.tif msi_inputs/simulated_01/simulated_01_frame_00148.tif msi_inputs/simulated_01/simulated_01_frame_00149.tif msi_inputs/simulated_01/simulated_01_frame_00150.tif msi_inputs/simulated_01/simulated_01_frame_00151.tif,gt_outputs/simulated_01/simulated_01_gt_00144.png gt_outputs/simulated_01/simulated_01_gt_00145.png gt_outputs/simulated_01/simulated_01_gt_00146.png gt_outputs/simulated_01/simulated_01_gt_00147.png gt_outputs/simulated_01/simulated_01_gt_00148.png gt_outputs/simulated_01/simulated_01_gt_00149.png gt_outputs/simulated_01/simulated_01_gt_00150.png gt_outputs/simulated_01/simulated_01_gt_00151.png
39,msi_inputs/simulated_01/simulated_01_frame_00184.tif msi_inputs/simulated_01/simulated_01_frame_00185.tif msi_inputs/simulated_01/simulated_01_frame_00186.tif msi_inputs/simulated_01/simulated_01_frame_00187.tif msi_inputs/simulated_01/simulated_01_frame_00188.tif msi_inputs/simulated_01/simulated_01_frame_00189.tif msi_inputs/simulated_01/simulated_01_frame_00190.tif msi_inputs/simulated_01/simulated_01_frame_00191.tif,gt_outputs/simulated_01/simulated_01_gt_00184.png gt_outputs/simulated_01/simulated_01_gt_00185.png gt_outputs/simulated_01/simulated_01_gt_00186.png gt_outputs/simulated_01/simulated_01_gt_00187.png gt_outputs/simulated_01/simulated_01_gt_00188.png gt_outputs/simulated_01/simulated_01_gt_00189.png gt_outputs/simulated_01/simulated_01_gt_00190.png gt_outputs/simulated_01/simulated_01_gt_00191.png
40,msi_inputs/simulated_01/simulated_01_frame_00081.tif msi_inputs/simulated_01/simulated_01_frame_00086.tif msi_inputs/simulated_01/simulated_01_frame_00091.tif msi_inputs/simulated_01/simulated_01_frame_00096.tif msi_inputs/simulated_01/simulated_01_frame_00101.tif msi_inputs/simulated_01/simulated_01_frame_00106.tif msi_inputs/simulated_01/simulated_01_frame_00111.tif msi_inputs/simulated_01/simulated_01_frame_00116.tif,gt_outputs/simulated_01/simulated_01_gt_00081.png gt_outputs/simulated_01/simulated_01_gt_00086.png gt_outputs/simulated_01/simulated_01_gt_00091.png gt_outputs/simulated_01/simulated_01_gt_00096.png gt_outputs/simulated_01/simulated_01_gt_00101.png gt_outputs/simulated_01/simulated_01_gt_00106.png gt_outputs/simulated_01/simulated_01_gt_00111.png gt_outputs/simulated_01/simulated_01_gt_00116.png
41,msi_inputs/simulated_01/simulated_01_frame_00032.tif msi_inputs/simulated_01/simulated_01_frame_00033.tif msi_inputs/simulated_01/simulated_01_frame_00034.tif msi_inputs/simulated_01/simulated_01_frame_00035.tif msi_inputs/simulated_01/simulated_01_frame_00036.tif msi_inputs/simulated_01/simulated_01_frame_00037.tif msi_inputs/simulated_01/simulated_01_frame_00038.tif msi_inputs/simulated_01/simulated_01_frame_00039.tif,gt_outputs/simulated_01/simulated_01_gt_00032.png gt_outputs/simulated_01/simulated_01_gt_00033.png gt_outputs/simulated_01/simulated_01_gt_00034.png gt_outputs/simulated_01/simulated_01_gt_00035.png gt_outputs/simulated_01/simulated_01_gt_00036.png gt_outputs/simulated_01/simulated_01_gt_00037.png gt_outputs/simulated_01/simulated_01_gt_00038.png gt_outputs/simulated_01/simulated_01_gt_00039.png
42,msi_inputs/simulated_01/simulated_01_frame_00160.tif msi_inputs/simulated_01/simulated_01_frame_00165.tif msi_inputs/simulated_01/simulated_01_frame_00170.tif msi_inputs/simulated_01/simulated_01_frame_00175.tif msi_inputs/simulated_01/simulated_01_frame_00180.tif msi_inputs/simulated_01/simulated_01_frame_00185.tif msi_inputs/simulated_01/simulated_01_frame_00190.tif msi_inputs/simulated_01/simulated_01_frame_00195.tif,gt_outputs/simulated_01/simulated_01_gt_00160.png gt_outputs/simulated_01/simulated_01_gt_00165.png gt_outputs/simulated_01/simulated_01_gt_00170.png gt_outputs/simulated_01/simulated_01_gt_00175.png gt_outputs/simulated_01/simulated_01_gt_00180.png gt_outputs/simulated_01/simulated_01_gt_00185.png gt_outputs/simulated_01/simulated_01_gt_00190.png gt_outputs/simulated_01/simulated_01_gt_00195.png
43,msi_inputs/simulated_01/simulated_01_frame_00000.tif msi_inputs/simulated_01/simulated_01_frame_00010.tif msi_inputs/simulated_01/simulated_01_frame_00020.tif msi_inputs/simulated_01/simulated_01_frame_00030.tif msi_inputs/simulated_01/simulated_01_frame_00040.tif msi_inputs/simulated_01/simulated_01_frame_00050.tif msi_inputs/simulated_01/simulated_01_frame_00060.tif msi_inputs/simulated_01/simulated_01_frame_00070.tif,gt_outputs/simulated_01/simulated_01_gt_00000.png gt_outputs/simulated_01/simulated_01_gt_00010.png gt_outputs/simulated_01/simulated_01_gt_00020.png gt_outputs/simulated_01/simulated_01_gt_00030.png gt_outputs/simulated_01/simulated_01_gt_00040.png gt_outputs/simulated_01/simulated_01_gt_00050.png gt_outputs/simulated_01/simulated_01_gt_00060.png gt_outputs/simulated_01/simulated_01_gt_00070.png
44,msi_inputs/simulated_01/simulated_01_frame_00003.tif msi_inputs/simulated_01/simulated_01_frame_00008.tif msi_inputs/simulated_01/simulated_01_frame_00013.tif msi_inputs/simulated_01/simulated_01_frame_00018.tif msi_inputs/simulated_01/simulated_01_frame_00023.tif msi_inputs/simulated_01/simulated_01_frame_00028.tif msi_inputs/simulated_01/simulated_01_frame_00033.tif msi_inputs/simulated_01/simulated_01_frame_00038.tif,gt_outputs/simulated_01/simulated_01_gt_00003.png gt_outputs/simulated_01/simulated_01_gt_00008.png gt_outputs/simulated_01/simulated_01_gt_00013.png gt_outputs/simulated_01/simulated_01_gt_00018.png gt_outputs/simulated_01/simulated_01_gt_00023.png gt_outputs/simulated_01/simulated_01_gt_00028.png gt_outputs/simulated_01/simulated_01_gt_00033.png gt_outputs/simulated_01/simulated_01_gt_00038.png
45,msi_inputs/simulated_01/simulated_01_frame_00136.tif msi_inputs/simulated_01/simulated_01_frame_00137.tif msi_inputs/simulated_01/simulated_01_frame_00138.tif msi_inputs/simulated_01/simulated_01_frame_00139.tif msi_inputs/simulated_01/simulated_01_frame_00140.tif msi_inputs/simulated_01/simulated_01_frame_00141.tif msi_inputs/simulated_01/simulated_01_frame_00142.tif msi_inputs/simulated_01/simulated_01_frame_00143.tif,gt_outputs/simulated_01/simulated_01_gt_00136.png gt_outputs/simulated_01/simulated_01_gt_00137.png gt_outputs/simulated_01/simulated_01_gt_00138.png gt_outputs/simulated_01/simulated_01_gt_00139.png gt_outputs/simulated_01/simulated_01_gt_00140.png gt_outputs/simulated_01/simulated_01_gt_00141.png gt_outputs/simulated_01/simulated_01_gt_00142.png gt_outputs/simulated_01/simulated_01_gt_00143.png
46,msi_inputs/simulated_01/simulated_01_frame_00083.tif msi_inputs/simulated_01/simulated_01_frame_00093.tif msi_inputs/simulated_01/simulated_01_frame_00103.tif msi_inputs/simulated_01/simulated_01_frame_00113.tif msi_inputs/simulated_01/simulated_01_frame_00123.tif msi_inputs/simulated_01/simulated_01_frame_00133.tif msi_inputs/simulated_01/simulated_01_frame_00143.tif msi_inputs/simulated_01/simulated_01_frame_00153.tif,gt_outputs/simulated_01/simulated_01_gt_00083.png gt_outputs/simulated_01/simulated_01_gt_00093.png gt_outputs/simulated_01/simulated_01_gt_00103.png gt_outputs/simulated_01/simulated_01_gt_00113.png gt_outputs/simulated_01/simulated_01_gt_00123.png gt_outputs/simulated_01/simulated_01_gt_00133.png gt_outputs/simulated_01/simulated_01_gt_00143.png gt_outputs/simulated_01/simulated_01_gt_00153.png
47,msi_inputs/simulated_01/simulated_01_frame_00088.tif msi_inputs/simulated_01/simulated_01_frame_00098.tif msi_inputs/simulated_01/simulated_01_frame_00108.tif msi_inputs/simulated_01/simulated_01_frame_00118.tif msi_inputs/simulated_01/simulated_01_frame_00128.tif msi_inputs/simulated_01/simulated_01_frame_00138.tif msi_inputs/simulated_01/simulated_01_frame_00148.tif msi_inputs/simulated_01/simulated_01_frame_00158.tif,gt_outputs/simulated_01/simulated_01_gt_00088.png gt_outputs/simulated_01/simulated_01_gt_00098.png gt_outputs/simulated_01/simulated_01_gt_00108.png gt_outputs/simulated_01/simulated_01_gt_00118.png gt_outputs/simulated_01/simulated_01_gt_00128.png gt_outputs/simulated_01/simulated_01_gt_00138.png gt_outputs/simulated_01/simulated_01_gt_00148.png gt_outputs/simulated_01/simulated_01_gt_00158.png
48,msi_inputs/simulated_01/simulated_01_frame_00168.tif msi_inputs/simulated_01/simulated_01_frame_00169.tif msi_inputs/simulated_01/simulated_01_frame_00170.tif msi_inputs/simulated_01/simulated_01_frame_00171.tif msi_inputs/simulated_01/simulated_01_frame_00172.tif msi_inputs/simulated_01/simulated_01_frame_00173.tif msi_inputs/simulated_01/simulated_01_frame_00174.tif msi_inputs/simulated_01/simulated_01_frame_00175.tif,gt_outputs/simulated_01/simulated_01_gt_00168.png gt_outputs/simulated_01/simulated_01_gt_00169.png gt_outputs/simulated_01/simulated_01_gt_00170.png gt_outputs/simulated_01/simulated_01_gt_00171.png gt_outputs/simulated_01/simulated_01_gt_00172.png gt_outputs/simulated_01/simulated_01_gt_00173.png gt_outputs/simulated_01/simulated_01_gt_00174.png gt_outputs/simulated_01/simulated_01_gt_00175.png
49,msi_inputs/simulated_01/simulated_01_frame_00008.tif msi_inputs/simulated_01/simulated_01_frame_00009.tif msi_inputs/simulated_01/simulated_01_frame_00010.tif msi_inputs/simulated_01/simulated_01_frame_00011.tif msi_inputs/simulated_01/simulated_01_frame_00012.tif msi_inputs/simulated_01/simulated_01_frame_00013.tif msi_inputs/simulated_01/simulated_01_frame_00014.tif msi_inputs/simulated_01/simulated_01_frame_00015.tif,gt_outputs/simulated_01/simulated_01_gt_00008.png gt_outputs/simulated_01/simulated_01_gt_00009.png gt_outputs/simulated_01/simulated_01_gt_00010.png gt_outputs/simulated_01/simulated_01_gt_00011.png gt_outputs/simulated_01/simulated_01_gt_00012.png gt_outputs/simulated_01/simulated_01_gt_00013.png gt_outputs/simulated_01/simulated_01_gt_00014.png gt_outputs/simulated_01/simulated_01_gt_00015.png
50,msi_inputs/simulated_01/simulated_01_frame_00160.tif msi_inputs/simulated_01/simulated_01_frame_00161.tif msi_inputs/simulated_01/simulated_01_frame_00162.tif msi_inputs/simulated_01/simulated_01_frame_00163.tif msi_inputs/simulated_01/simulated_01_frame_00164.tif msi_inputs/simulated_01/simulated_01_frame_00165.tif msi_inputs/simulated_01/simulated_01_frame_00166.tif msi_inputs/simulated_01/simulated_01_frame_00167.tif,gt_outputs/simulated_01/simulated_01_gt_00160.png gt_outputs/simulated_01/simulated_01_gt_00161.png gt_outputs/simulated_01/simulated_01_gt_00162.png gt_outputs/simulated_01/simulated_01_gt_00163.png gt_outputs/simulated_01/simulated_01_gt_00164.png gt_outputs/simulated_01/simulated_01_gt_00165.png gt_outputs/simulated_01/simulated_01_gt_00166.png gt_outputs/simulated_01/simulated_01_gt_00167.png
51,msi_inputs/simulated_01/simulated_01_frame_00064.tif msi_inputs/simulated_01/simulated_01_frame_00065.tif msi_inputs/simulated_01/simulated_01_frame_00066.tif msi_inputs/simulated_01/simulated_01_frame_00067.tif msi_inputs/simulated_01/simulated_01_frame_00068.tif msi_inputs/simulated_01/simulated_01_frame_00069.tif msi_inputs/simulated_01/simulated_01_frame_00070.tif msi_inputs/simulated_01/simulated_01_frame_00071.tif,gt_outputs/simulated_01/simulated_01_gt_00064.png gt_outputs/simulated_01/simulated_01_gt_00065.png gt_outputs/simulated_01/simulated_01_gt_00066.png gt_outputs/simulated_01/simulated_01_gt_00067.png gt_outputs/simulated_01/simulated_01_gt_00068.png gt_outputs/simulated_01/simulated_01_gt_00069.png gt_outputs/simulated_01/simulated_01_gt_00070.png gt_outputs/simulated_01/simulated_01_gt_00071.png
52,msi_inputs/simulated_01/simulated_01_frame_00011.tif msi_inputs/simulated_01/simulated_01_frame_00036.tif msi_inputs/simulated_01/simulated_01_frame_00061.tif msi_inputs/simulated_01/simulated_01_frame_00086.tif msi_inputs/simulated_01/simulated_01_frame_00111.tif msi_inputs/simulated_01/simulated_01_frame_00136.tif msi_inputs/simulated_01/simulated_01_frame_00161.tif msi_inputs/simulated_01/simulated_01_frame_00186.tif,gt_outputs/simulated_01/simulated_01_gt_00011.png gt_outputs/simulated_01/simulated_01_gt_00036.png gt_outputs/simulated_01/simulated_01_gt_00061.png gt_outputs/simulated_01/simulated_01_gt_00086.png gt_outputs/simulated_01/simulated_01_gt_00111.png gt_outputs/simulated_01/simulated_01_gt_00136.png gt_outputs/simulated_01/simulated_01_gt_00161.png gt_outputs/simulated_01/simulated_01_gt_00186.png
53,msi_inputs/simulated_01/simulated_01_frame_00016.tif msi_inputs/simulated_01/simulated_01_frame_00041.tif msi_inputs/simulated_01/simulated_01_frame_00066.tif msi_inputs/simulated_01/simulated_01_frame_00091.tif msi_inputs/simulated_01/simulated_01_frame_00116.tif msi_inputs/simulated_01/simulated_01_frame_00141.tif msi_inputs/simulated_01/simulated_01_frame_00166.tif msi_inputs/simulated_01/simulated_01_frame_00191.tif,gt_outputs/simulated_01/simulated_01_gt_00016.png gt_outputs/simulated_01/simulated_01_gt_00041.png gt_outputs/simulated_01/simulated_01_gt_00066.png gt_outputs/simulated_01/simulated_01_gt_00091.png gt_outputs/simulated_01/simulated_01_gt_00116.png gt_outputs/simulated_01/simulated_01_gt_00141.png gt_outputs/simulated_01/simulated_01_gt_00166.png gt_outputs/simulated_01/simulated_01_gt_00191.png
54,msi_inputs/simulated_01/simulated_01_frame_00000.tif msi_inputs/simulated_01/simulated_01_frame_00001.tif msi_inputs/simulated_01/simulated_01_frame_00002.tif msi_inputs/simulated_01/simulated_01_frame_00003.tif msi_inputs/simulated_01/simulated_01_frame_00004.tif msi_inputs/simulated_01/simulated_01_frame_00005.tif msi_inputs/simulated_01/simulated_01_frame_00006.tif msi_inputs/simulated_01/simulated_01_frame_00007.tif,gt_outputs/simulated_01/simulated_01_gt_00000.png gt_outputs/simulated_01/simulated_01_gt_00001.png gt_outputs/simulated_01/simulated_01_gt_00002.png gt_outputs/simulated_01/simulated_01_gt_00003.png gt_outputs/simulated_01/simulated_01_gt_00004.png gt_outputs/simulated_01/simulated_01_gt_00005.png gt_outputs/simulated_01/simulated_01_gt_00006.png gt_outputs/simulated_01/simulated_01_gt_00007.png
55,msi_inputs/simulated_01/simulated_01_frame_00041.tif msi_inputs/simulated_01/simulated_01_frame_00046.tif msi_inputs/simulated_01/simulated_01_frame_00051.tif msi_inputs/simulated_01/simulated_01_frame_00056.tif msi_inputs/simulated_01/simulated_01_frame_00061.tif msi_inputs/simulated_01/simulated_01_frame_00066.tif msi_inputs/simulated_01/simulated_01_frame_00071.tif msi_inputs/simulated_01/simulated_01_frame_00076.tif,gt_outputs/simulated_01/simulated_01_gt_00041.png gt_outputs/simulated_01/simulated_01_gt_00046.png gt_outputs/simulated_01/simulated_01_gt_00051.png gt_outputs/simulated_01/simulated_01_gt_00056.png gt_outputs/simulated_01/simulated_01_gt_00061.png gt_outputs/simulated_01/simulated_01_gt_00066.png gt_outputs/simulated_01/simulated_01_gt_00071.png gt_outputs/simulated_01/simulated_01_gt_00076.png
56,msi_inputs/simulated_01/simulated_01_frame_00002.tif msi_inputs/simulated_01/simulated_01_frame_00027.tif msi_inputs/simulated_01/simulated_01_frame_00052.tif msi_inputs/simulated_01/simulated_01_frame_00077.tif msi_inputs/simulated_01/simulated_01_frame_00102.tif msi_inputs/simulated_01/simulated_01_frame_00127.tif msi_inputs/simulated_01/simulated_01_frame_00152.tif msi_inputs/simulated_01/simulated_01_frame_00177.tif,gt_outputs/simulated_01/simulated_01_gt_00002.png gt_outputs/simulated_01/simulated_01_gt_00027.png gt_outputs/simulated_01/simulated_01_gt_00052.png gt_outputs/simulated_01/simulated_01_gt_00077.png gt_outputs/simulated_01/simulated_01_gt_00102.png gt_outputs/simulated_01/simulated_01_gt_00127.png gt_outputs/simulated_01/simulated_01_gt_00152.png gt_outputs/simulated_01/simulated_01_gt_00177.png
57,msi_inputs/simulated_01/simulated_01_frame_00040.tif msi_inputs/simulated_01/simulated_01_frame_00041.tif msi_inputs/simulated_01/simulated_01_frame_00042.tif msi_inputs/simulated_01/simulated_01_frame_00043.tif msi_inputs/simulated_01/simulated_01_frame_00044.tif msi_inputs/simulated_01/simulated_01_frame_00045.tif msi_inputs/simulated_01/simulated_01_frame_00046.tif msi_inputs/simulated_01/simulated_01_frame_00047.tif,gt_outputs/simulated_01/simulated_01_gt_00040.png gt_outputs/simulated_01/simulated_01_gt_00041.png gt_outputs/simulated_01/simulated_01_gt_00042.png gt_outputs/simulated_01/simulated_01_gt_00043.png gt_outputs/simulated_01/simulated_01_gt_00044.png gt_outputs/simulated_01/simulated_01_gt_00045.png gt_outputs/simulated_01/simulated_01_gt_00046.png gt_outputs/simulated_01/simulated_01_gt_00047.png
58,msi_inputs/simulated_01/simulated_01_frame_00023.tif msi_inputs/simulated_01/simulated_01_frame_00048.tif msi_inputs/simulated_01/simulated_01_frame_00073.tif msi_inputs/simulated_01/simulated_01_frame_00098.tif msi_inputs/simulated_01/simulated_01_frame_00123.tif msi_inputs/simulated_01/simulated_01_frame_00148.tif msi_inputs/simulated_01/simulated_01_frame_00173.tif msi_inputs/simulated_01/simulated_01_frame_00198.tif,gt_outputs/simulated_01/simulated_01_gt_00023.png gt_outputs/simulated_01/simulated_01_gt_00048.png gt_outputs/simulated_01/simulated_01_gt_00073.png gt_outputs/simulated_01/simulated_01_gt_00098.png gt_outputs/simulated_01/simulated_01_gt_00123.png gt_outputs/simulated_01/simulated_01_gt_00148.png gt_outputs/simulated_01/simulated_01_gt_00173.png gt_outputs/simulated_01/simulated_01_gt_00198.png
59,msi_inputs/simulated_01/simulated_01_frame_00000.tif msi_inputs/simulated_01/simulated_01_frame_00025.tif msi_inputs/simulated_01/simulated_01_frame_00050.tif msi_inputs/simulated_01/simulated_01_frame_00075.tif msi_inputs/simulated_01/simulated_01_frame_00100.tif msi_inputs/simulated_01/simulated_01_frame_00125.tif msi_inputs/simulated_01/simulated_01_frame_00150.tif msi_inputs/simulated_01/simulated_01_frame_00175.tif,gt_outputs/simulated_01/simulated_01_gt_00000.png gt_outputs/simulated_01/simulated_01_gt_00025.png gt_outputs/simulated_01/simulated_01_gt_00050.png gt_outputs/simulated_01/simulated_01_gt_00075.png gt_outputs/simulated_01/simulated_01_gt_00100.png gt_outputs/simulated_01/simulated_01_gt_00125.png gt_outputs/simulated_01/simulated_01_gt_00150.png gt_outputs/simulated_01/simulated_01_gt_00175.png
60,msi_inputs/simulated_01/simulated_01_frame_00128.tif msi_inputs/simulated_01/simulated_01_frame_00129.tif msi_inputs/simulated_01/simulated_01_frame_00130.tif msi_inputs/simulated_01/simulated_01_frame_00131.tif msi_inputs/simulated_01/simulated_01_frame_00132.tif msi_inputs/simulated_01/simulated_01_frame_00133.tif msi_inputs/simulated_01/simulated_01_frame_00134.tif msi_inputs/simulated_01/simulated_01_frame_00135.tif,gt_outputs/simulated_01/simulated_01_gt_00128.png gt_outputs/simulated_01/simulated_01_gt_00129.png gt_outputs/simulated_01/simulated_01_gt_00130.png gt_outputs/simulated_01/simulated_01_gt_00131.png gt_outputs/simulated_01/simulated_01_gt_00132.png gt_outputs/simulated_01/simulated_01_gt_00133.png gt_outputs/simulated_01/simulated_01_gt_00134.png gt_outputs/simulated_01/simulated_01_gt_00135.png
61,msi_inputs/simulated_01/simulated_01_frame_00007.tif msi_inputs/simulated_01/simulated_01_frame_00032.tif msi_inputs/simulated_01/simulated_01_frame_00057.tif msi_inputs/simulated_01/simulated_01_frame_00082.tif msi_inputs/simulated_01/simulated_01_frame_00107.tif msi_inputs/simulated_01/simulated_01_frame_00132.tif msi_inputs/simulated_01/simulated_01_frame_00157.tif msi_inputs/simulated_01/simulated_01_frame_00182.tif,gt_outputs/simulated_01/simulated_01_gt_00007.png gt_outputs/simulated_01/simulated_01_gt_00032.png gt_outputs/simulated_01/simulated_01_gt_00057.png gt_outputs/simulated_01/simulated_01_gt_00082.png gt_outputs/simulated_01/simulated_01_gt_00107.png gt_outputs/simulated_01/simulated_01_gt_00132.png gt_outputs/simulated_01/simulated_01_gt_00157.png gt_outputs/simulated_01/simulated_01_gt_00182.png
62,msi_inputs/simulated_01/simulated_01_frame_00024.tif msi_inputs/simulated_01/simulated_01_frame_00025.tif msi_inputs/simulated_01/simulated_01_frame_00026.tif msi_inputs/simulated_01/simulated_01_frame_00027.tif msi_inputs/simulated_01/simulated_01_frame_00028.tif msi_inputs/simulated_01/simulated_01_frame_00029.tif msi_inputs/simulated_01/simulated_01_frame_00030.tif msi_inputs/simulated_01/simulated_01_frame_00031.tif,gt_outputs/simulated_01/simulated_01_gt_00024.png gt_outputs/simulated_01/simulated_01_gt_00025.png gt_outputs/simulated_01/simulated_01_gt_00026.png gt_outputs/simulated_01/simulated_01_gt_00027.png gt_outputs/simulated_01/simulated_01_gt_00028.png gt_outputs/simulated_01/simulated_01_gt_00029.png gt_outputs/simulated_01/simulated_01_gt_00030.png gt_outputs/simulated_01/simulated_01_gt_00031.png
63,msi_inputs/simulated_01/simulated_01_frame_00001.tif msi_inputs/simulated_01/simulated_01_frame_00006.tif msi_inputs/simulated_01/simulated_01_frame_00011.tif msi_inputs/simulated_01/simulated_01_frame_00016.tif msi_inputs/simulated_01/simulated_01_frame_00021.tif msi_inputs/simulated_01/simulated_01_frame_00026.tif msi_inputs/simulated_01/simulated_01_frame_00031.tif msi_inputs/simulated_01/simulated_01_frame_00036.tif,gt_outputs/simulated_01/simulated_01_gt_00001.png gt_outputs/simulated_01/simulated_01_gt_00006.png gt_outputs/simulated_01/simulated_01_gt_00011.png gt_outputs/simulated_01/simulated_01_gt_00016.png gt_outputs/simulated_01/simulated_01_gt_00021.png gt_outputs/simulated_01/simulated_01_gt_00026.png gt_outputs/simulated_01/simulated_01_gt_00031.png gt_outputs/simulated_01/simulated_01_gt_00036.png
64,msi_inputs/simulated_01/simulated_01_frame_00164.tif msi_inputs/simulated_01/simulated_01_frame_00169.tif msi_inputs/simulated_01/simulated_01_frame_00174.tif msi_inputs/simulated_01/simulated_01_frame_00179.tif msi_inputs/simulated_01/simulated_01_frame_00184.tif msi_inputs/simulated_01/simulated_01_frame_00189.tif msi_inputs/simulated_01/simulated_01_frame_00194.tif msi_inputs/simulated_01/simulated_01_frame_00199.tif,gt_outputs/simulated_01/simulated_01_gt_00164.png gt_outputs/simulated_01/simulated_01_gt_00169.png gt_outputs/simulated_01/simulated_01_gt_00174.png gt_outputs/simulated_01/simulated_01_gt_00179.png gt_outputs/simulated_01/simulated_01_gt_00184.png gt_outputs/simulated_01/simulated_01_gt_00189.png gt_outputs/simulated_01/simulated_01_gt_00194.png gt_outputs/simulated_01/simulated_01_gt_00199.png
65,msi_inputs/simulated_01/simulated_01_frame_00016.tif msi_inputs/simulated_01/simulated_01_frame_00017.tif msi_inputs/simulated_01/simulated_01_frame_00018.tif msi_inputs/simulated_01/simulated_01_frame_00019.tif msi_inputs/simulated_01/simulated_01_frame_00020.tif msi_inputs/simulated_01/simulated_01_frame_00021.tif msi_inputs/simulated_01/simulated_01_frame_00022.tif msi_inputs/simulated_01/simulated_01_frame_00023.tif,gt_outputs/simulated_01/simulated_01_gt_00016.png gt_outputs/simulated_01/simulated_01_gt_00017.png gt_outputs/simulated_01/simulated_01_gt_00018.png gt_outputs/simulated_01/simulated_01_gt_00019.png gt_outputs/simulated_01/simulated_01_gt_00020.png gt_outputs/simulated_01/simulated_01_gt_00021.png gt_outputs/simulated_01/simulated_01_gt_00022.png gt_outputs/simulated_01/simulated_01_gt_00023.png
66,msi_inputs/simulated_02/simulated_02_frame_00000.tif msi_inputs/simulated_02/simulated_02_frame_00001.tif msi_inputs/simulated_02/simulated_02_frame_00002.tif msi_inputs/simulated_02/simulated_02_frame_00003.tif msi_inputs/simulated_02/simulated_02_frame_00004.tif msi_inputs/simulated_02/simulated_02_frame_00005.tif msi_inputs/simulated_02/simulated_02_frame_00006.tif msi_inputs/simulated_02/simulated_02_frame_00007.tif,gt_outputs/simulated_02/simulated_02_gt_00000.png gt_outputs/simulated_02/simulated_02_gt_00001.png gt_outputs/simulated_02/simulated_02_gt_00002.png gt_outputs/simulated_02/simulated_02_gt_00003.png gt_outputs/simulated_02/simulated_02_gt_00004.png gt_outputs/simulated_02/simulated_02_gt_00005.png gt_outputs/simulated_02/simulated_02_gt_00006.png gt_outputs/simulated_02/simulated_02_gt_00007.png
67,msi_inputs/simulated_02/simulated_02_frame_00089.tif msi_inputs/simulated_02/simulated_02_frame_00099.tif msi_inputs/simulated_02/simulated_02_frame_00109.tif msi_inputs/simulated_02/simulated_02_frame_00119.tif msi_inputs/simulated_02/simulated_02_frame_00129.tif msi_inputs/simulated_02/simulated_02_frame_00139.tif msi_inputs/simulated_02/simulated_02_frame_00149.tif msi_inputs/simulated_02/simulated_02_frame_00159.tif,gt_outputs/simulated_02/simulated_02_gt_00089.png gt_outputs/simulated_02/simulated_02_gt_00099.png gt_outputs/simulated_02/simulated_02_gt_00109.png gt_outputs/simulated_02/simulated_02_gt_00119.png gt_outputs/simulated_02/simulated_02_gt_00129.png gt_outputs/simulated_02/simulated_02_gt_00139.png gt_outputs/simulated_02/simulated_02_gt_00149.png gt_outputs/simulated_02/simulated_02_gt_00159.png
68,msi_inputs/simulated_02/simulated_02_frame_00164.tif msi_inputs/simulated_02/simulated_02_frame_00169.tif msi_inputs/simulated_02/simulated_02_frame_00174.tif msi_inputs/simulated_02/simulated_02_frame_00179.tif msi_inputs/simulated_02/simulated_02_frame_00184.tif msi_inputs/simulated_02/simulated_02_frame_00189.tif msi_inputs/simulated_02/simulated_02_frame_00194.tif msi_inputs/simulated_02/simulated_02_frame_00199.tif,gt_outputs/simulated_02/simulated_02_gt_00164.png gt_outputs/simulated_02/simulated_02_gt_00169.png gt_outputs/simulated_02/simulated_02_gt_00174.png gt_outputs/simulated_02/simulated_02_gt_00179.png gt_outputs/simulated_02/simulated_02_gt_00184.png gt_outputs/simulated_02/simulated_02_gt_00189.png gt_outputs/simulated_02/simulated_02_gt_00194.png gt_outputs/simulated_02/simulated_02_gt_00199.png
69,msi_inputs/simulated_02/simulated_02_frame_00082.tif msi_inputs/simulated_02/simulated_02_frame_00087.tif msi_inputs/simulated_02/simulated_02_frame_00092.tif msi_inputs/simulated_02/simulated_02_frame_00097.tif msi_inputs/simulated_02/simulated_02_frame_00102.tif msi_inputs/simulated_02/simulated_02_frame_00107.tif msi_inputs/simulated_02/simulated_02_frame_00112.tif msi_inputs/simulated_02/simulated_02_frame_00117.tif,gt_outputs/simulated_02/simulated_02_gt_00082.png gt_outputs/simulated_02/simulated_02_gt_00087.png gt_outputs/simulated_02/simulated_02_gt_00092.png gt_outputs/simulated_02/simulated_02_gt_00097.png gt_outputs/simulated_02/simulated_02_gt_00102.png gt_outputs/simulated_02/simulated_02_gt_00107.png gt_outputs/simulated_02/simulated_02_gt_00112.png gt_outputs/simulated_02/simulated_02_gt_00117.png
70,msi_inputs/simulated_02/simulated_02_frame_00001.tif msi_inputs/simulated_02/simulated_02_frame_00011.tif msi_inputs/simulated_02/simulated_02_frame_00021.tif msi_inputs/simulated_02/simulated_02_frame_00031.tif msi_inputs/simulated_02/simulated_02_frame_00041.tif msi_inputs/simulated_02/simulated_02_frame_00051.tif msi_inputs/simulated_02/simulated_02_frame_00061.tif msi_inputs/simulated_02/simulated_02_frame_00071.tif,gt_outputs/simulated_02/simulated_02_gt_00001.png gt_outputs/simulated_02/simulated_02_gt_00011.png gt_outputs/simulated_02/simulated_02_gt_00021.png gt_outputs/simulated_02/simulated_02_gt_00031.png gt_outputs/simulated_02/simulated_02_gt_00041.png gt_outputs/simulated_02/simulated_02_gt_00051.png gt_outputs/simulated_02/simulated_02_gt_00061.png gt_outputs/simulated_02/simulated_02_gt_00071.png
71,msi_inputs/simulated_02/simulated_02_frame_00024.tif msi_inputs/simulated_02/simulated_02_frame_00049.tif msi_inputs/simulated_02/simulated_02_frame_00074.tif msi_inputs/simulated_02/simulated_02_frame_00099.tif msi_inputs/simulated_02/simulated_02_frame_00124.tif msi_inputs/simulated_02/simulated_02_frame_00149.tif msi_inputs/simulated_02/simulated_02_frame_00174.tif msi_inputs/simulated_02/simulated_02_frame_00199.tif,gt_outputs/simulated_02/simulated_02_gt_00024.png gt_outputs/simulated_02/simulated_02_gt_00049.png gt_outputs/simulated_02/simulated_02_gt_00074.png gt_outputs/simulated_02/simulated_02_gt_00099.png gt_outputs/simulated_02/simulated_02_gt_00124.png gt_outputs/simulated_02/simulated_02_gt_00149.png gt_outputs/simulated_02/simulated_02_gt_00174.png gt_outputs/simulated_02/simulated_02_gt_00199.png
72,msi_inputs/simulated_02/simulated_02_frame_00015.tif msi_inputs/simulated_02/simulated_02_frame_00040.tif msi_inputs/simulated_02/simulated_02_frame_00065.tif msi_inputs/simulated_02/simulated_02_frame_00090.tif msi_inputs/simulated_02/simulated_02_frame_00115.tif msi_inputs/simulated_02/simulated_02_frame_00140.tif msi_inputs/simulated_02/simulated_02_frame_00165.tif msi_inputs/simulated_02/simulated_02_frame_00190.tif,gt_outputs/simulated_02/simulated_02_gt_00015.png gt_outputs/simulated_02/simulated_02_gt_00040.png gt_outputs/simulated_02/simulated_02_gt_00065.png gt_outputs/simulated_02/simulated_02_gt_00090.png gt_outputs/simulated_02/simulated_02_gt_00115.png gt_outputs/simulated_02/simulated_02_gt_00140.png gt_outputs/simulated_02/simulated_02_gt_00165.png gt_outputs/simulated_02/simulated_02_gt_00190.png
73,msi_inputs/simulated_02/simulated_02_frame_00168.tif msi_inputs/simulated_02/simulated_02_frame_00169.tif msi_inputs/simulated_02/simulated_02_frame_00170.tif msi_inputs/simulated_02/simulated_02_frame_00171.tif msi_inputs/simulated_02/simulated_02_frame_00172.tif msi_inputs/simulated_02/simulated_02_frame_00173.tif msi_inputs/simulated_02/simulated_02_frame_00174.tif msi_inputs/simulated_02/simulated_02_frame_00175.tif,gt_outputs/simulated_02/simulated_02_gt_00168.png gt_outputs/simulated_02/simulated_02_gt_00169.png gt_outputs/simulated_02/simulated_02_gt_00170.png gt_outputs/simulated_02/simulated_02_gt_00171.png gt_outputs/simulated_02/simulated_02_gt_00172.png gt_outputs/simulated_02/simulated_02_gt_00173.png gt_outputs/simulated_02/simulated_02_gt_00174.png gt_outputs/simulated_02/simulated_02_gt_00175.png
74,msi_inputs/simulated_02/simulated_02_frame_00161.tif msi_inputs/simulated_02/simulated_02_frame_00166.tif msi_inputs/simulated_02/simulated_02_frame_00171.tif msi_inputs/simulated_02/simulated_02_frame_00176.tif msi_inputs/simulated_02/simulated_02_frame_00181.tif msi_inputs/simulated_02/simulated_02_frame_00186.tif msi_inputs/simulated_02/simulated_02_frame_00191.tif msi_inputs/simulated_02/simulated_02_frame_00196.tif,gt_outputs/simulated_02/simulated_02_gt_00161.png gt_outputs/simulated_02/simulated_02_gt_00166.png gt_outputs/simulated_02/simulated_02_gt_00171.png gt_outputs/simulated_02/simulated_02_gt_00176.png gt_outputs/simulated_02/simulated_02_gt_00181.png gt_outputs/simulated_02/simulated_02_gt_00186.png gt_outputs/simulated_02/simulated_02_gt_00191.png gt_outputs/simulated_02/simulated_02_gt_00196.png
75,msi_inputs/simulated_02/simulated_02_frame_00163.tif msi_inputs/simulated_02/simulated_02_frame_00168.tif msi_inputs/simulated_02/simulated_02_frame_00173.tif msi_inputs/simulated_02/simulated_02_frame_00178.tif msi_inputs/simulated_02/simulated_02_frame_00183.tif msi_inputs/simulated_02/simulated_02_frame_00188.tif msi_inputs/simulated_02/simulated_02_frame_00193.tif msi_inputs/simulated_02/simulated_02_frame_00198.tif,gt_outputs/simulated_02/simulated_02_gt_00163.png gt_outputs/simulated_02/simulated_02_gt_00168.png gt_outputs/simulated_02/simulated_02_gt_00173.png gt_outputs/simulated_02/simulated_02_gt_00178.png gt_outputs/simulated_02/simulated_02_gt_00183.png gt_outputs/simulated_02/simulated_02_gt_00188.png gt_outputs/simulated_02/simulated_02_gt_00193.png gt_outputs/simulated_02/simulated_02_gt_00198.png
76,msi_inputs/simulated_02/simulated_02_frame_00021.tif msi_inputs/simulated_02/simulated_02_frame_00046.tif msi_inputs/simulated_02/simulated_02_frame_00071.tif msi_inputs/simulated_02/simulated_02_frame_00096.tif msi_inputs/simulated_02/simulated_02_frame_00121.tif msi_inputs/simulated_02/simulated_02_frame_00146.tif msi_inputs/simulated_02/simulated_02_frame_00171.tif msi_inputs/simulated_02/simulated_02_frame_00196.tif,gt_outputs/simulated_02/simulated_02_gt_00021.png gt_outputs/simulated_02/simulated_02_gt_00046.png gt_outputs/simulated_02/simulated_02_gt_00071.png gt_outputs/simulated_02/simulated_02_gt_00096.png gt_outputs/simulated_02/simulated_02_gt_00121.png gt_outputs/simulated_02/simulated_02_gt_00146.png gt_outputs/simulated_02/simulated_02_gt_00171.png gt_outputs/simulated_02/simulated_02_gt_00196.png
77,msi_inputs/simulated_02/simulated_02_frame_00184.tif msi_inputs/simulated_02/simulated_02_frame_00185.tif msi_inputs/simulated_02/simulated_02_frame_00186.tif msi_inputs/simulated_02/simulated_02_frame_00187.tif msi_inputs/simulated_02/simulated_02_frame_00188.tif msi_inputs/simulated_02/simulated_02_frame_00189.tif msi_inputs/simulated_02/simulated_02_frame_00190.tif msi_inputs/simulated_02/simulated_02_frame_00191.tif,gt_outputs/simulated_02/simulated_02_gt_00184.png gt_outputs/simulated_02/simulated_02_gt_00185.png gt_outputs/simulated_02/simulated_02_gt_00186.png gt_outputs/simulated_02/simulated_02_gt_00187.png gt_outputs/simulated_02/simulated_02_gt_00188.png gt_outputs/simulated_02/simulated_02_gt_00189.png gt_outputs/simulated_02/simulated_02_gt_00190.png gt_outputs/simulated_02/simulated_02_gt_00191.png
78,msi_inputs/simulated_02/simulated_02_frame_00007.tif msi_inputs/simulated_02/simulated_02_frame_00032.tif msi_inputs/simulated_02/simulated_02_frame_00057.tif msi_inputs/simulated_02/simulated_02_frame_00082.tif msi_inputs/simulated_02/simulated_02_frame_00107.tif msi_inputs/simulated_02/simulated_02_frame_00132.tif msi_inputs/simulated_02/simulated_02_frame_00157.tif msi_inputs/simulated_02/simulated_02_frame_00182.tif,gt_outputs/simulated_02/simulated_02_gt_00007.png gt_outputs/simulated_02/simulated_02_gt_00032.png gt_outputs/simulated_02/simulated_02_gt_00057.png gt_outputs/simulated_02/simulated_02_gt_00082.png gt_outputs/simulated_02/simulated_02_gt_00107.png gt_outputs/simulated_02/simulated_02_gt_00132.png gt_outputs/simulated_02/simulated_02_gt_00157.png gt_outputs/simulated_02/simulated_02_gt_00182.png
79,msi_inputs/simulated_02/simulated_02_frame_00128.tif msi_inputs/simulated_02/simulated_02_frame_00129.tif msi_inputs/simulated_02/simulated_02_frame_00130.tif msi_inputs/simulated_02/simulated_02_frame_00131.tif msi_inputs/simulated_02/simulated_02_frame_00132.tif msi_inputs/simulated_02/simulated_02_frame_00133.tif msi_inputs/simulated_02/simulated_02_frame_00134.tif msi_inputs/simulated_02/simulated_02_frame_00135.tif,gt_outputs/simulated_02/simulated_02_gt_00128.png gt_outputs/simulated_02/simulated_02_gt_00129.png gt_outputs/simulated_02/simulated_02_gt_00130.png gt_outputs/simulated_02/simulated_02_gt_00131.png gt_outputs/simulated_02/simulated_02_gt_00132.png gt_outputs/simulated_02/simulated_02_gt_00133.png gt_outputs/simulated_02/simulated_02_gt_00134.png gt_outputs/simulated_02/simulated_02_gt_00135.png
80,msi_inputs/simulated_02/simulated_02_frame_00123.tif msi_inputs/simulated_02/simulated_02_frame_00128.tif msi_inputs/simulated_02/simulated_02_frame_00133.tif msi_inputs/simulated_02/simulated_02_frame_00138.tif msi_inputs/simulated_02/simulated_02_frame_00143.tif msi_inputs/simulated_02/simulated_02_frame_00148.tif msi_inputs/simulated_02/simulated_02_frame_00153.tif msi_inputs/simulated_02/simulated_02_frame_00158.tif,gt_outputs/simulated_02/simulated_02_gt_00123.png gt_outputs/simulated_02/simulated_02_gt_00128.png gt_outputs/simulated_02/simulated_02_gt_00133.png gt_outputs/simulated_02/simulated_02_gt_00138.png gt_outputs/simulated_02/simulated_02_gt_00143.png gt_outputs/simulated_02/simulated_02_gt_00148.png gt_outputs/simulated_02/simulated_02_gt_00153.png gt_outputs/simulated_02/simulated_02_gt_00158.png
81,msi_inputs/simulated_02/simulated_02_frame_00009.tif msi_inputs/simulated_02/simulated_02_frame_00034.tif msi_inputs/simulated_02/simulated_02_frame_00059.tif msi_inputs/simulated_02/simulated_02_frame_00084.tif msi_inputs/simulated_02/simulated_02_frame_00109.tif msi_inputs/simulated_02/simulated_02_frame_00134.tif msi_inputs/simulated_02/simulated_02_frame_00159.tif msi_inputs/simulated_02/simulated_02_frame_00184.tif,gt_outputs/simulated_02/simulated_02_gt_00009.png gt_outputs/simulated_02/simulated_02_gt_00034.png gt_outputs/simulated_02/simulated_02_gt_00059.png gt_outputs/simulated_02/simulated_02_gt_00084.png gt_outputs/simulated_02/simulated_02_gt_00109.png gt_outputs/simulated_02/simulated_02_gt_00134.png gt_outputs/simulated_02/simulated_02_gt_00159.png gt_outputs/simulated_02/simulated_02_gt_00184.png
82,msi_inputs/simulated_02/simulated_02_frame_00124.tif msi_inputs/simulated_02/simulated_02_frame_00129.tif msi_inputs/simulated_02/simulated_02_frame_00134.tif msi_inputs/simulated_02/simulated_02_frame_00139.tif msi_inputs/simulated_02/simulated_02_frame_00144.tif msi_inputs/simulated_02/simulated_02_frame_00149.tif msi_inputs/simulated_02/simulated_02_frame_00154.tif msi_inputs/simulated_02/simulated_02_frame_00159.tif,gt_outputs/simulated_02/simulated_02_gt_00124.png gt_outputs/simulated_02/simulated_02_gt_00129.png gt_outputs/simulated_02/simulated_02_gt_00134.png gt_outputs/simulated_02/simulated_02_gt_00139.png gt_outputs/simulated_02/simulated_02_gt_00144.png gt_outputs/simulated_02/simulated_02_gt_00149.png gt_outputs/simulated_02/simulated_02_gt_00154.png gt_outputs/simulated_02/simulated_02_gt_00159.png
83,msi_inputs/simulated_02/simulated_02_frame_00007.tif msi_inputs/simulated_02/simulated_02_frame_00017.tif msi_inputs/simulated_02/simulated_02_frame_00027.tif msi_inputs/simulated_02/simulated_02_frame_00037.tif msi_inputs/simulated_02/simulated_02_frame_00047.tif msi_inputs/simulated_02/simulated_02_frame_00057.tif msi_inputs/simulated_02/simulated_02_frame_00067.tif msi_inputs/simulated_02/simulated_02_frame_00077.tif,gt_outputs/simulated_02/simulated_02_gt_00007.png gt_outputs/simulated_02/simulated_02_gt_00017.png gt_outputs/simulated_02/simulated_02_gt_00027.png gt_outputs/simulated_02/simulated_02_gt_00037.png gt_outputs/simulated_02/simulated_02_gt_00047.png gt_outputs/simulated_02/simulated_02_gt_00057.png gt_outputs/simulated_02/simulated_02_gt_00067.png gt_outputs/simulated_02/simulated_02_gt_00077.png
84,msi_inputs/simulated_02/simulated_02_frame_00022.tif msi_inputs/simulated_02/simulated_02_frame_00047.tif msi_inputs/simulated_02/simulated_02_frame_00072.tif msi_inputs/simulated_02/simulated_02_frame_00097.tif msi_inputs/simulated_02/simulated_02_frame_00122.tif msi_inputs/simulated_02/simulated_02_frame_00147.tif msi_inputs/simulated_02/simulated_02_frame_00172.tif msi_inputs/simulated_02/simulated_02_frame_00197.tif,gt_outputs/simulated_02/simulated_02_gt_00022.png gt_outputs/simulated_02/simulated_02_gt_00047.png gt_outputs/simulated_02/simulated_02_gt_00072.png gt_outputs/simulated_02/simulated_02_gt_00097.png gt_outputs/simulated_02/simulated_02_gt_00122.png gt_outputs/simulated_02/simulated_02_gt_00147.png gt_outputs/simulated_02/simulated_02_gt_00172.png gt_outputs/simulated_02/simulated_02_gt_00197.png
85,msi_inputs/simulated_02/simulated_02_frame_00044.tif msi_inputs/simulated_02/simulated_02_frame_00049.tif msi_inputs/simulated_02/simulated_02_frame_00054.tif msi_inputs/simulated_02/simulated_02_frame_00059.tif msi_inputs/simulated_02/simulated_02_frame_00064.tif msi_inputs/simulated_02/simulated_02_frame_00069.tif msi_inputs/simulated_02/simulated_02_frame_00074.tif msi_inputs/simulated_02/simulated_02_frame_00079.tif,gt_outputs/simulated_02/simulated_02_gt_00044.png gt_outputs/simulated_02/simulated_02_gt_00049.png gt_outputs/simulated_02/simulated_02_gt_00054.png gt_outputs/simulated_02/simulated_02_gt_00059.png gt_outputs/simulated_02/simulated_02_gt_00064.png gt_outputs/simulated_02/simulated_02_gt_00069.png gt_outputs/simulated_02/simulated_02_gt_00074.png gt_outputs/simulated_02/simulated_02_gt_00079.png
86,msi_inputs/simulated_02/simulated_02_frame_00160.tif msi_inputs/simulated_02/simulated_02_frame_00165.tif msi_inputs/simulated_02/simulated_02_frame_00170.tif msi_inputs/simulated_02/simulated_02_frame_00175.tif msi_inputs/simulated_02/simulated_02_frame_00180.tif msi_inputs/simulated_02/simulated_02_frame_00185.tif msi_inputs/simulated_02/simulated_02_frame_00190.tif msi_inputs/simulated_02/simulated_02_frame_00195.tif,gt_outputs/simulated_02/simulated_02_gt_00160.png gt_outputs/simulated_02/simulated_02_gt_00165.png gt_outputs/simulated_02/simulated_02_gt_00170.png gt_outputs/simulated_02/simulated_02_gt_00175.png gt_outputs/simulated_02/simulated_02_gt_00180.png gt_outputs/simulated_02/simulated_02_gt_00185.png gt_outputs/simulated_02/simulated_02_gt_00190.png gt_outputs/simulated_02/simulated_02_gt_00195.png
87,msi_inputs/simulated_02/simulated_02_frame_00008.tif msi_inputs/simulated_02/simulated_02_frame_00033.tif msi_inputs/simulated_02/simulated_02_frame_00058.tif msi_inputs/simulated_02/simulated_02_frame_00083.tif msi_inputs/simulated_02/simulated_02_frame_00108.tif msi_inputs/simulated_02/simulated_02_frame_00133.tif msi_inputs/simulated_02/simulated_02_frame_00158.tif msi_inputs/simulated_02/simulated_02_frame_00183.tif,gt_outputs/simulated_02/simulated_02_gt_00008.png gt_outputs/simulated_02/simulated_02_gt_00033.png gt_outputs/simulated_02/simulated_02_gt_00058.png gt_outputs/simulated_02/simulated_02_gt_00083.png gt_outputs/simulated_02/simulated_02_gt_00108.png gt_outputs/simulated_02/simulated_02_gt_00133.png gt_outputs/simulated_02/simulated_02_gt_00158.png gt_outputs/simulated_02/simulated_02_gt_00183.png
88,msi_inputs/simulated_02/simulated_02_frame_00040.tif msi_inputs/simulated_02/simulated_02_frame_00045.tif msi_inputs/simulated_02/simulated_02_frame_00050.tif msi_inputs/simulated_02/simulated_02_frame_00055.tif msi_inputs/simulated_02/simulated_02_frame_00060.tif msi_inputs/simulated_02/simulated_02_frame_00065.tif msi_inputs/simulated_02/simulated_02_frame_00070.tif msi_inputs/simulated_02/simulated_02_frame_00075.tif,gt_outputs/simulated_02/simulated_02_gt_00040.png gt_outputs/simulated_02/simulated_02_gt_00045.png gt_outputs/simulated_02/simulated_02_gt_00050.png gt_outputs/simulated_02/simulated_02_gt_00055.png gt_outputs/simulated_02/simulated_02_gt_00060.png gt_outputs/simulated_02/simulated_02_gt_00065.png gt_outputs/simulated_02/simulated_02_gt_00070.png gt_outputs/simulated_02/simulated_02_gt_00075.png
89,msi_inputs/simulated_02/simulated_02_frame_00048.tif msi_inputs/simulated_02/simulated_02_frame_00049.tif msi_inputs/simulated_02/simulated_02_frame_00050.tif msi_inputs/simulated_02/simulated_02_frame_00051.tif msi_inputs/simulated_02/simulated_02_frame_00052.tif msi_inputs/simulated_02/simulated_02_frame_00053.tif msi_inputs/simulated_02/simulated_02_frame_00054.tif msi_inputs/simulated_02/simulated_02_frame_00055.tif,gt_outputs/simulated_02/simulated_02_gt_00048.png gt_outputs/simulated_02/simulated_02_gt_00049.png gt_outputs/simulated_02/simulated_02_gt_00050.png gt_outputs/simulated_02/simulated_02_gt_00051.png gt_outputs/simulated_02/simulated_02_gt_00052.png gt_outputs/simulated_02/simulated_02_gt_00053.png gt_outputs/simulated_02/simulated_02_gt_00054.png gt_outputs/simulated_02/simulated_02_gt_00055.png
90,msi_inputs/simulated_02/simulated_02_frame_00152.tif msi_inputs/simulated_02/simulated_02_frame_00153.tif msi_inputs/simulated_02/simulated_02_frame_00154.tif msi_inputs/simulated_02/simulated_02_frame_00155.tif msi_inputs/simulated_02/simulated_02_frame_00156.tif msi_inputs/simulated_02/simulated_02_frame_00157.tif msi_inputs/simulated_02/simulated_02_frame_00158.tif msi_inputs/simulated_02/simulated_02_frame_00159.tif,gt_outputs/simulated_02/simulated_02_gt_00152.png gt_outputs/simulated_02/simulated_02_gt_00153.png gt_outputs/simulated_02/simulated_02_gt_00154.png gt_outputs/simulated_02/simulated_02_gt_00155.png gt_outputs/simulated_02/simulated_02_gt_00156.png gt_outputs/simulated_02/simulated_02_gt_00157.png gt_outputs/simulated_02/simulated_02_gt_00158.png gt_outputs/simulated_02/simulated_02_gt_00159.png
91,msi_inputs/simulated_02/simulated_02_frame_00006.tif msi_inputs/simulated_02/simulated_02_frame_00031.tif msi_inputs/simulated_02/simulated_02_frame_00056.tif msi_inputs/simulated_02/simulated_02_frame_00081.tif msi_inputs/simulated_02/simulated_02_frame_00106.tif msi_inputs/simulated_02/simulated_02_frame_00131.tif msi_inputs/simulated_02/simulated_02_frame_00156.tif msi_inputs/simulated_02/simulated_02_frame_00181.tif,gt_outputs/simulated_02/simulated_02_gt_00006.png gt_outputs/simulated_02/simulated_02_gt_00031.png gt_outputs/simulated_02/simulated_02_gt_00056.png gt_outputs/simulated_02/simulated_02_gt_00081.png gt_outputs/simulated_02/simulated_02_gt_00106.png gt_outputs/simulated_02/simulated_02_gt_00131.png gt_outputs/simulated_02/simulated_02_gt_00156.png gt_outputs/simulated_02/simulated_02_gt_00181.png
92,msi_inputs/simulated_02/simulated_02_frame_00016.tif msi_inputs/simulated_02/simulated_02_frame_00041.tif msi_inputs/simulated_02/simulated_02_frame_00066.tif msi_inputs/simulated_02/simulated_02_frame_00091.tif msi_inputs/simulated_02/simulated_02_frame_00116.tif msi_inputs/simulated_02/simulated_02_frame_00141.tif msi_inputs/simulated_02/simulated_02_frame_00166.tif msi_inputs/simulated_02/simulated_02_frame_00191.tif,gt_outputs/simulated_02/simulated_02_gt_00016.png gt_outputs/simulated_02/simulated_02_gt_00041.png gt_outputs/simulated_02/simulated_02_gt_00066.png gt_outputs/simulated_02/simulated_02_gt_00091.png gt_outputs/simulated_02/simulated_02_gt_00116.png gt_outputs/simulated_02/simulated_02_gt_00141.png gt_outputs/simulated_02/simulated_02_gt_00166.png gt_outputs/simulated_02/simulated_02_gt_00191.png
93,msi_inputs/simulated_02/simulated_02_frame_00162.tif msi_inputs/simulated_02/simulated_02_frame_00167.tif msi_inputs/simulated_02/simulated_02_frame_00172.tif msi_inputs/simulated_02/simulated_02_frame_00177.tif msi_inputs/simulated_02/simulated_02_frame_00182.tif msi_inputs/simulated_02/simulated_02_frame_00187.tif msi_inputs/simulated_02/simulated_02_frame_00192.tif msi_inputs/simulated_02/simulated_02_frame_00197.tif,gt_outputs/simulated_02/simulated_02_gt_00162.png gt_outputs/simulated_02/simulated_02_gt_00167.png gt_outputs/simulated_02/simulated_02_gt_00172.png gt_outputs/simulated_02/simulated_02_gt_00177.png gt_outputs/simulated_02/simulated_02_gt_00182.png gt_outputs/simulated_02/simulated_02_gt_00187.png gt_outputs/simulated_02/simulated_02_gt_00192.png gt_outputs/simulated_02/simulated_02_gt_00197.png
94,msi_inputs/simulated_02/simulated_02_frame_00000.tif msi_inputs/simulated_02/simulated_02_frame_00010.tif msi_inputs/simulated_02/simulated_02_frame_00020.tif msi_inputs/simulated_02/simulated_02_frame_00030.tif msi_inputs/simulated_02/simulated_02_frame_00040.tif msi_inputs/simulated_02/simulated_02_frame_00050.tif msi_inputs/simulated_02/simulated_02_frame_00060.tif msi_inputs/simulated_02/simulated_02_frame_00070.tif,gt_outputs/simulated_02/simulated_02_gt_00000.png gt_outputs/simulated_02/simulated_02_gt_00010.png gt_outputs/simulated_02/simulated_02_gt_00020.png gt_outputs/simulated_02/simulated_02_gt_00030.png gt_outputs/simulated_02/simulated_02_gt_00040.png gt_outputs/simulated_02/simulated_02_gt_00050.png gt_outputs/simulated_02/simulated_02_gt_00060.png gt_outputs/simulated_02/simulated_02_gt_00070.png
95,msi_inputs/simulated_02/simulated_02_frame_00008.tif msi_inputs/simulated_02/simulated_02_frame_00009.tif msi_inputs/simulated_02/simulated_02_frame_00010.tif msi_inputs/simulated_02/simulated_02_frame_00011.tif msi_inputs/simulated_02/simulated_02_frame_00012.tif msi_inputs/simulated_02/simulated_02_frame_00013.tif msi_inputs/simulated_02/simulated_02_frame_00014.tif msi_inputs/simulated_02/simulated_02_frame_00015.tif,gt_outputs/simulated_02/simulated_02_gt_00008.png gt_outputs/simulated_02/simulated_02_gt_00009.png gt_outputs/simulated_02/simulated_02_gt_00010.png gt_outputs/simulated_02/simulated_02_gt_00011.png gt_outputs/simulated_02/simulated_02_gt_00012.png gt_outputs/simulated_02/simulated_02_gt_00013.png gt_outputs/simulated_02/simulated_02_gt_00014.png gt_outputs/simulated_02/simulated_02_gt_00015.png
96,msi_inputs/simulated_02/simulated_02_frame_00042.tif msi_inputs/simulated_02/simulated_02_frame_00047.tif msi_inputs/simulated_02/simulated_02_frame_00052.tif msi_inputs/simulated_02/simulated_02_frame_00057.tif msi_inputs/simulated_02/simulated_02_frame_00062.tif msi_inputs/simulated_02/simulated_02_frame_00067.tif msi_inputs/simulated_02/simulated_02_frame_00072.tif msi_inputs/simulated_02/simulated_02_frame_00077.tif,gt_outputs/simulated_02/simulated_02_gt_00042.png gt_outputs/simulated_02/simulated_02_gt_00047.png gt_outputs/simulated_02/simulated_02_gt_00052.png gt_outputs/simulated_02/simulated_02_gt_00057.png gt_outputs/simulated_02/simulated_02_gt_00062.png gt_outputs/simulated_02/simulated_02_gt_00067.png gt_outputs/simulated_02/simulated_02_gt_00072.png gt_outputs/simulated_02/simulated_02_gt_00077.png
97,msi_inputs/simulated_02/simulated_02_frame_00081.tif msi_inputs/simulated_02/simulated_02_frame_00091.tif msi_inputs/simulated_02/simulated_02_frame_00101.tif msi_inputs/simulated_02/simulated_02_frame_00111.tif msi_inputs/simulated_02/simulated_02_frame_00121.tif msi_inputs/simulated_02/simulated_02_frame_00131.tif msi_inputs/simulated_02/simulated_02_frame_00141.tif msi_inputs/simulated_02/simulated_02_frame_00151.tif,gt_outputs/simulated_02/simulated_02_gt_00081.png gt_outputs/simulated_02/simulated_02_gt_00091.png gt_outputs/simulated_02/simulated_02_gt_00101.png gt_outputs/simulated_02/simulated_02_gt_00111.png gt_outputs/simulated_02/simulated_02_gt_00121.png gt_outputs/simulated_02/simulated_02_gt_00131.png gt_outputs/simulated_02/simulated_02_gt_00141.png gt_outputs/simulated_02/simulated_02_gt_00151.png
98,msi_inputs/simulated_02/simulated_02_frame_00080.tif msi_inputs/simulated_02/simulated_02_frame_00090.tif msi_inputs/simulated_02/simulated_02_frame_00100.tif msi_inputs/simulated_02/simulated_02_frame_00110.tif msi_inputs/simulated_02/simulated_02_frame_00120.tif msi_inputs/simulated_02/simulated_02_frame_00130.tif msi_inputs/simulated_02/simulated_02_frame_00140.tif msi_inputs/simulated_02/simulated_02_frame_00150.tif,gt_outputs/simulated_02/simulated_02_gt_00080.png gt_outputs/simulated_02/simulated_02_gt_00090.png gt_outputs/simulated_02/simulated_02_gt_00100.png gt_outputs/simulated_02/simulated_02_gt_00110.png gt_outputs/simulated_02/simulated_02_gt_00120.png gt_outputs/simulated_02/simulated_02_gt_00130.png gt_outputs/simulated_02/simulated_02_gt_00140.png gt_outputs/simulated_02/simulated_02_gt_00150.png
99,msi_inputs/simulated_02/simulated_02_frame_00009.tif msi_inputs/simulated_02/simulated_02_frame_00019.tif msi_inputs/simulated_02/simulated_02_frame_00029.tif msi_inputs/simulated_02/simulated_02_frame_00039.tif msi_inputs/simulated_02/simulated_02_frame_00049.tif msi_inputs/simulated_02/simulated_02_frame_00059.tif msi_inputs/simulated_02/simulated_02_frame_00069.tif msi_inputs/simulated_02/simulated_02_frame_00079.tif,gt_outputs/simulated_02/simulated_02_gt_00009.png gt_outputs/simulated_02/simulated_02_gt_00019.png gt_outputs/simulated_02/simulated_02_gt_00029.png gt_outputs/simulated_02/simulated_02_gt_00039.png gt_outputs/simulated_02/simulated_02_gt_00049.png gt_outputs/simulated_02/simulated_02_gt_00059.png gt_outputs/simulated_02/simulated_02_gt_00069.png gt_outputs/simulated_02/simulated_02_gt_00079.png
100,msi_inputs/simulated_02/simulated_02_frame_00120.tif msi_inputs/simulated_02/simulated_02_frame_00125.tif msi_inputs/simulated_02/simulated_02_frame_00130.tif msi_inputs/simulated_02/simulated_02_frame_00135.tif msi_inputs/simulated_02/simulated_02_frame_00140.tif msi_inputs/simulated_02/simulated_02_frame_00145.tif msi_inputs/simulated_02/simulated_02_frame_00150.tif msi_inputs/simulated_02/simulated_02_frame_00155.tif,gt_outputs/simulated_02/simulated_02_gt_00120.png gt_outputs/simulated_02/simulated_02_gt_00125.png gt_outputs/simulated_02/simulated_02_gt_00130.png gt_outputs/simulated_02/simulated_02_gt_00135.png gt_outputs/simulated_02/simulated_02_gt_00140.png gt_outputs/simulated_02/simulated_02_gt_00145.png gt_outputs/simulated_02/simulated_02_gt_00150.png gt_outputs/simulated_02/simulated_02_gt_00155.png
101,msi_inputs/simulated_02/simulated_02_frame_00000.tif msi_inputs/simulated_02/simulated_02_frame_00025.tif msi_inputs/simulated_02/simulated_02_frame_00050.tif msi_inputs/simulated_02/simulated_02_frame_00075.tif msi_inputs/simulated_02/simulated_02_frame_00100.tif msi_inputs/simulated_02/simulated_02_frame_00125.tif msi_inputs/simulated_02/simulated_02_frame_00150.tif msi_inputs/simulated_02/simulated_02_frame_00175.tif,gt_outputs/simulated_02/simulated_02_gt_00000.png gt_outputs/simulated_02/simulated_02_gt_00025.png gt_outputs/simulated_02/simulated_02_gt_00050.png gt_outputs/simulated_02/simulated_02_gt_00075.png gt_outputs/simulated_02/simulated_02_gt_00100.png gt_outputs/simulated_02/simulated_02_gt_00125.png gt_outputs/simulated_02/simulated_02_gt_00150.png gt_outputs/simulated_02/simulated_02_gt_00175.png
102,msi_inputs/simulated_02/simulated_02_frame_00064.tif msi_inputs/simulated_02/simulated_02_frame_00065.tif msi_inputs/simulated_02/simulated_02_frame_00066.tif msi_inputs/simulated_02/simulated_02_frame_00067.tif msi_inputs/simulated_02/simulated_02_frame_00068.tif msi_inputs/simulated_02/simulated_02_frame_00069.tif msi_inputs/simulated_02/simulated_02_frame_00070.tif msi_inputs/simulated_02/simulated_02_frame_00071.tif,gt_outputs/simulated_02/simulated_02_gt_00064.png gt_outputs/simulated_02/simulated_02_gt_00065.png gt_outputs/simulated_02/simulated_02_gt_00066.png gt_outputs/simulated_02/simulated_02_gt_00067.png gt_outputs/simulated_02/simulated_02_gt_00068.png gt_outputs/simulated_02/simulated_02_gt_00069.png gt_outputs/simulated_02/simulated_02_gt_00070.png gt_outputs/simulated_02/simulated_02_gt_00071.png
103,msi_inputs/simulated_02/simulated_02_frame_00005.tif msi_inputs/simulated_02/simulated_02_frame_00015.tif msi_inputs/simulated_02/simulated_02_frame_00025.tif msi_inputs/simulated_02/simulated_02_frame_00035.tif msi_inputs/simulated_02/simulated_02_frame_00045.tif msi_inputs/simulated_02/simulated_02_frame_00055.tif msi_inputs/simulated_02/simulated_02_frame_00065.tif msi_inputs/simulated_02/simulated_02_frame_00075.tif,gt_outputs/simulated_02/simulated_02_gt_00005.png gt_outputs/simulated_02/simulated_02_gt_00015.png gt_outputs/simulated_02/simulated_02_gt_00025.png gt_outputs/simulated_02/simulated_02_gt_00035.png gt_outputs/simulated_02/simulated_02_gt_00045.png gt_outputs/simulated_02/simulated_02_gt_00055.png gt_outputs/simulated_02/simulated_02_gt_00065.png gt_outputs/simulated_02/simulated_02_gt_00075.png
104,msi_inputs/simulated_02/simulated_02_frame_00087.tif msi_inputs/simulated_02/simulated_02_frame_00097.tif msi_inputs/simulated_02/simulated_02_frame_00107.tif msi_inputs/simulated_02/simulated_02_frame_00117.tif msi_inputs/simulated_02/simulated_02_frame_00127.tif msi_inputs/simulated_02/simulated_02_frame_00137.tif msi_inputs/simulated_02/simulated_02_frame_00147.tif msi_inputs/simulated_02/simulated_02_frame_00157.tif,gt_outputs/simulated_02/simulated_02_gt_00087.png gt_outputs/simulated_02/simulated_02_gt_00097.png gt_outputs/simulated_02/simulated_02_gt_00107.png gt_outputs/simulated_02/simulated_02_gt_00117.png gt_outputs/simulated_02/simulated_02_gt_00127.png gt_outputs/simulated_02/simulated_02_gt_00137.png gt_outputs/simulated_02/simulated_02_gt_00147.png gt_outputs/simulated_02/simulated_02_gt_00157.png
105,msi_inputs/simulated_02/simulated_02_frame_00043.tif msi_inputs/simulated_02/simulated_02_frame_00048.tif msi_inputs/simulated_02/simulated_02_frame_00053.tif msi_inputs/simulated_02/simulated_02_frame_00058.tif msi_inputs/simulated_02/simulated_02_frame_00063.tif msi_inputs/simulated_02/simulated_02_frame_00068.tif msi_inputs/simulated_02/simulated_02_frame_00073.tif msi_inputs/simulated_02/simulated_02_frame_00078.tif,gt_outputs/simulated_02/simulated_02_gt_00043.png gt_outputs/simulated_02/simulated_02_gt_00048.png gt_outputs/simulated_02/simulated_02_gt_00053.png gt_outputs/simulated_02/simulated_02_gt_00058.png gt_outputs/simulated_02/simulated_02_gt_00063.png gt_outputs/simulated_02/simulated_02_gt_00068.png gt_outputs/simulated_02/simulated_02_gt_00073.png gt_outputs/simulated_02/simulated_02_gt_00078.png
106,msi_inputs/simulated_02/simulated_02_frame_00002.tif msi_inputs/simulated_02/simulated_02_frame_00012.tif msi_inputs/simulated_02/simulated_02_frame_00022.tif msi_inputs/simulated_02/simulated_02_frame_00032.tif msi_inputs/simulated_02/simulated_02_frame_00042.tif msi_inputs/simulated_02/simulated_02_frame_00052.tif msi_inputs/simulated_02/simulated_02_frame_00062.tif msi_inputs/simulated_02/simulated_02_frame_00072.tif,gt_outputs/simulated_02/simulated_02_gt_00002.png gt_outputs/simulated_02/simulated_02_gt_00012.png gt_outputs/simulated_02/simulated_02_gt_00022.png gt_outputs/simulated_02/simulated_02_gt_00032.png gt_outputs/simulated_02/simulated_02_gt_00042.png gt_outputs/simulated_02/simulated_02_gt_00052.png gt_outputs/simulated_02/simulated_02_gt_00062.png gt_outputs/simulated_02/simulated_02_gt_00072.png
107,msi_inputs/simulated_02/simulated_02_frame_00120.tif msi_inputs/simulated_02/simulated_02_frame_00121.tif msi_inputs/simulated_02/simulated_02_frame_00122.tif msi_inputs/simulated_02/simulated_02_frame_00123.tif msi_inputs/simulated_02/simulated_02_frame_00124.tif msi_inputs/simulated_02/simulated_02_frame_00125.tif msi_inputs/simulated_02/simulated_02_frame_00126.tif msi_inputs/simulated_02/simulated_02_frame_00127.tif,gt_outputs/simulated_02/simulated_02_gt_00120.png gt_outputs/simulated_02/simulated_02_gt_00121.png gt_outputs/simulated_02/simulated_02_gt_00122.png gt_outputs/simulated_02/simulated_02_gt_00123.png gt_outputs/simulated_02/simulated_02_gt_00124.png gt_outputs/simulated_02/simulated_02_gt_00125.png gt_outputs/simulated_02/simulated_02_gt_00126.png gt_outputs/simulated_02/simulated_02_gt_00127.png
108,msi_inputs/simulated_02/simulated_02_frame_00011.tif msi_inputs/simulated_02/simulated_02_frame_00036.tif msi_inputs/simulated_02/simulated_02_frame_00061.tif msi_inputs/simulated_02/simulated_02_frame_00086.tif msi_inputs/simulated_02/simulated_02_frame_00111.tif msi_inputs/simulated_02/simulated_02_frame_00136.tif msi_inputs/simulated_02/simulated_02_frame_00161.tif msi_inputs/simulated_02/simulated_02_frame_00186.tif,gt_outputs/simulated_02/simulated_02_gt_00011.png gt_outputs/simulated_02/simulated_02_gt_00036.png gt_outputs/simulated_02/simulated_02_gt_00061.png gt_outputs/simulated_02/simulated_02_gt_00086.png gt_outputs/simulated_02/simulated_02_gt_00111.png gt_outputs/simulated_02/simulated_02_gt_00136.png gt_outputs/simulated_02/simulated_02_gt_00161.png gt_outputs/simulated_02/simulated_02_gt_00186.png
109,msi_inputs/simulated_02/simulated_02_frame_00003.tif msi_inputs/simulated_02/simulated_02_frame_00028.tif msi_inputs/simulated_02/simulated_02_frame_00053.tif msi_inputs/simulated_02/simulated_02_frame_00078.tif msi_inputs/simulated_02/simulated_02_frame_00103.tif msi_inputs/simulated_02/simulated_02_frame_00128.tif msi_inputs/simulated_02/simulated_02_frame_00153.tif msi_inputs/simulated_02/simulated_02_frame_00178.tif,gt_outputs/simulated_02/simulated_02_gt_00003.png gt_outputs/simulated_02/simulated_02_gt_00028.png gt_outputs/simulated_02/simulated_02_gt_00053.png gt_outputs/simulated_02/simulated_02_gt_00078.png gt_outputs/simulated_02/simulated_02_gt_00103.png gt_outputs/simulated_02/simulated_02_gt_00128.png gt_outputs/simulated_02/simulated_02_gt_00153.png gt_outputs/simulated_02/simulated_02_gt_00178.png
110,msi_inputs/simulated_02/simulated_02_frame_00192.tif msi_inputs/simulated_02/simulated_02_frame_00193.tif msi_inputs/simulated_02/simulated_02_frame_00194.tif msi_inputs/simulated_02/simulated_02_frame_00195.tif msi_inputs/simulated_02/simulated_02_frame_00196.tif msi_inputs/simulated_02/simulated_02_frame_00197.tif msi_inputs/simulated_02/simulated_02_frame_00198.tif msi_inputs/simulated_02/simulated_02_frame_00199.tif,gt_outputs/simulated_02/simulated_02_gt_00192.png gt_outputs/simulated_02/simulated_02_gt_00193.png gt_outputs/simulated_02/simulated_02_gt_00194.png gt_outputs/simulated_02/simulated_02_gt_00195.png gt_outputs/simulated_02/simulated_02_gt_00196.png gt_outputs/simulated_02/simulated_02_gt_00197.png gt_outputs/simulated_02/simulated_02_gt_00198.png gt_outputs/simulated_02/simulated_02_gt_00199.png
111,msi_inputs/simulated_02/simulated_02_frame_00001.tif msi_inputs/simulated_02/simulated_02_frame_00006.tif msi_inputs/simulated_02/simulated_02_frame_00011.tif msi_inputs/simulated_02/simulated_02_frame_00016.tif msi_inputs/simulated_02/simulated_02_frame_00021.tif msi_inputs/simulated_02/simulated_02_frame_00026.tif msi_inputs/simulated_02/simulated_02_frame_00031.tif msi_inputs/simulated_02/simulated_02_frame_00036.tif,gt_outputs/simulated_02/simulated_02_gt_00001.png gt_outputs/simulated_02/simulated_02_gt_00006.png gt_outputs/simulated_02/simulated_02_gt_00011.png gt_outputs/simulated_02/simulated_02_gt_00016.png gt_outputs/simulated_02/simulated_02_gt_00021.png gt_outputs/simulated_02/simulated_02_gt_00026.png gt_outputs/simulated_02/simulated_02_gt_00031.png gt_outputs/simulated_02/simulated_02_gt_00036.png
112,msi_inputs/simulated_02/simulated_02_frame_00088.tif msi_inputs/simulated_02/simulated_02_frame_00089.tif msi_inputs/simulated_02/simulated_02_frame_00090.tif msi_inputs/simulated_02/simulated_02_frame_00091.tif msi_inputs/simulated_02/simulated_02_frame_00092.tif msi_inputs/simulated_02/simulated_02_frame_00093.tif msi_inputs/simulated_02/simulated_02_frame_00094.tif msi_inputs/simulated_02/simulated_02_frame_00095.tif,gt_outputs/simulated_02/simulated_02_gt_00088.png gt_outputs/simulated_02/simulated_02_gt_00089.png gt_outputs/simulated_02/simulated_02_gt_00090.png gt_outputs/simulated_02/simulated_02_gt_00091.png gt_outputs/simulated_02/simulated_02_gt_00092.png gt_outputs/simulated_02/simulated_02_gt_00093.png gt_outputs/simulated_02/simulated_02_gt_00094.png gt_outputs/simulated_02/simulated_02_gt_00095.png
113,msi_inputs/simulated_02/simulated_02_frame_00004.tif msi_inputs/simulated_02/simulated_02_frame_00009.tif msi_inputs/simulated_02/simulated_02_frame_00014.tif msi_inputs/simulated_02/simulated_02_frame_00019.tif msi_inputs/simulated_02/simulated_02_frame_00024.tif msi_inputs/simulated_02/simulated_02_frame_00029.tif msi_inputs/simulated_02/simulated_02_frame_00034.tif msi_inputs/simulated_02/simulated_02_frame_00039.tif,gt_outputs/simulated_02/simulated_02_gt_00004.png gt_outputs/simulated_02/simulated_02_gt_00009.png gt_outputs/simulated_02/simulated_02_gt_00014.png gt_outputs/simulated_02/simulated_02_gt_00019.png gt_outputs/simulated_02/simulated_02_gt_00024.png gt_outputs/simulated_02/simulated_02_gt_00029.png gt_outputs/simulated_02/simulated_02_gt_00034.png gt_outputs/simulated_02/simulated_02_gt_00039.png
114,msi_inputs/simulated_02/simulated_02_frame_00136.tif msi_inputs/simulated_02/simulated_02_frame_00137.tif msi_inputs/simulated_02/simulated_02_frame_00138.tif msi_inputs/simulated_02/simulated_02_frame_00139.tif msi_inputs/simulated_02/simulated_02_frame_00140.tif msi_inputs/simulated_02/simulated_02_frame_00141.tif msi_inputs/simulated_02/simulated_02_frame_00142.tif msi_inputs/simulated_02/simulated_02_frame_00143.tif,gt_outputs/simulated_02/simulated_02_gt_00136.png gt_outputs/simulated_02/simulated_02_gt_00137.png gt_outputs/simulated_02/simulated_02_gt_00138.png gt_outputs/simulated_02/simulated_02_gt_00139.png gt_outputs/simulated_02/simulated_02_gt_00140.png gt_outputs/simulated_02/simulated_02_gt_00141.png gt_outputs/simulated_02/simulated_02_gt_00142.png gt_outputs/simulated_02/simulated_02_gt_00143.png
115,msi_inputs/simulated_02/simulated_02_frame_00086.tif msi_inputs/simulated_02/simulated_02_frame_00096.tif msi_inputs/simulated_02/simulated_02_frame_00106.tif msi_inputs/simulated_02/simulated_02_frame_00116.tif msi_inputs/simulated_02/simulated_02_frame_00126.tif msi_inputs/simulated_02/simulated_02_frame_00136.tif msi_inputs/simulated_02/simulated_02_frame_00146.tif msi_inputs/simulated_02/simulated_02_frame_00156.tif,gt_outputs/simulated_02/simulated_02_gt_00086.png gt_outputs/simulated_02/simulated_02_gt_00096.png gt_outputs/simulated_02/simulated_02_gt_00106.png gt_outputs/simulated_02/simulated_02_gt_00116.png gt_outputs/simulated_02/simulated_02_gt_00126.png gt_outputs/simulated_02/simulated_02_gt_00136.png gt_outputs/simulated_02/simulated_02_gt_00146.png gt_outputs/simulated_02/simulated_02_gt_00156.png
116,msi_inputs/simulated_02/simulated_02_frame_00096.tif msi_inputs/simulated_02/simulated_02_frame_00097.tif msi_inputs/simulated_02/simulated_02_frame_00098.tif msi_inputs/simulated_02/simulated_02_frame_00099.tif msi_inputs/simulated_02/simulated_02_frame_00100.tif msi_inputs/simulated_02/simulated_02_frame_00101.tif msi_inputs/simulated_02/simulated_02_frame_00102.tif msi_inputs/simulated_02/simulated_02_frame_00103.tif,gt_outputs/simulated_02/simulated_02_gt_00096.png gt_outputs/simulated_02/simulated_02_gt_00097.png gt_outputs/simulated_02/simulated_02_gt_00098.png gt_outputs/simulated_02/simulated_02_gt_00099.png gt_outputs/simulated_02/simulated_02_gt_00100.png gt_outputs/simulated_02/simulated_02_gt_00101.png gt_outputs/simulated_02/simulated_02_gt_00102.png gt_outputs/simulated_02/simulated_02_gt_00103.png
117,msi_inputs/simulated_02/simulated_02_frame_00104.tif msi_inputs/simulated_02/simulated_02_frame_00105.tif msi_inputs/simulated_02/simulated_02_frame_00106.tif msi_inputs/simulated_02/simulated_02_frame_00107.tif msi_inputs/simulated_02/simulated_02_frame_00108.tif msi_inputs/simulated_02/simulated_02_frame_00109.tif msi_inputs/simulated_02/simulated_02_frame_00110.tif msi_inputs/simulated_02/simulated_02_frame_00111.tif,gt_outputs/simulated_02/simulated_02_gt_00104.png gt_outputs/simulated_02/simulated_02_gt_00105.png gt_outputs/simulated_02/simulated_02_gt_00106.png gt_outputs/simulated_02/simulated_02_gt_00107.png gt_outputs/simulated_02/simulated_02_gt_00108.png gt_outputs/simulated_02/simulated_02_gt_00109.png gt_outputs/simulated_02/simulated_02_gt_00110.png gt_outputs/simulated_02/simulated_02_gt_00111.png
118,msi_inputs/simulated_02/simulated_02_frame_00112.tif msi_inputs/simulated_02/simulated_02_frame_00113.tif msi_inputs/simulated_02/simulated_02_frame_00114.tif msi_inputs/simulated_02/simulated_02_frame_00115.tif msi_inputs/simulated_02/simulated_02_frame_00116.tif msi_inputs/simulated_02/simulated_02_frame_00117.tif msi_inputs/simulated_02/simulated_02_frame_00118.tif msi_inputs/simulated_02/simulated_02_frame_00119.tif,gt_outputs/simulated_02/simulated_02_gt_00112.png gt_outputs/simulated_02/simulated_02_gt_00113.png gt_outputs/simulated_02/simulated_02_gt_00114.png gt_outputs/simulated_02/simulated_02_gt_00115.png gt_outputs/simulated_02/simulated_02_gt_00116.png gt_outputs/simulated_02/simulated_02_gt_00117.png gt_outputs/simulated_02/simulated_02_gt_00118.png gt_outputs/simulated_02/simulated_02_gt_00119.png
119,msi_inputs/simulated_02/simulated_02_frame_00012.tif msi_inputs/simulated_02/simulated_02_frame_00037.tif msi_inputs/simulated_02/simulated_02_frame_00062.tif msi_inputs/simulated_02/simulated_02_frame_00087.tif msi_inputs/simulated_02/simulated_02_frame_00112.tif msi_inputs/simulated_02/simulated_02_frame_00137.tif msi_inputs/simulated_02/simulated_02_frame_00162.tif msi_inputs/simulated_02/simulated_02_frame_00187.tif,gt_outputs/simulated_02/simulated_02_gt_00012.png gt_outputs/simulated_02/simulated_02_gt_00037.png gt_outputs/simulated_02/simulated_02_gt_00062.png gt_outputs/simulated_02/simulated_02_gt_00087.png gt_outputs/simulated_02/simulated_02_gt_00112.png gt_outputs/simulated_02/simulated_02_gt_00137.png gt_outputs/simulated_02/simulated_02_gt_00162.png gt_outputs/simulated_02/simulated_02_gt_00187.png
120,msi_inputs/simulated_02/simulated_02_frame_00040.tif msi_inputs/simulated_02/simulated_02_frame_00041.tif msi_inputs/simulated_02/simulated_02_frame_00042.tif msi_inputs/simulated_02/simulated_02_frame_00043.tif msi_inputs/simulated_02/simulated_02_frame_00044.tif msi_inputs/simulated_02/simulated_02_frame_00045.tif msi_inputs/simulated_02/simulated_02_frame_00046.tif msi_inputs/simulated_02/simulated_02_frame_00047.tif,gt_outputs/simulated_02/simulated_02_gt_00040.png gt_outputs/simulated_02/simulated_02_gt_00041.png gt_outputs/simulated_02/simulated_02_gt_00042.png gt_outputs/simulated_02/simulated_02_gt_00043.png gt_outputs/simulated_02/simulated_02_gt_00044.png gt_outputs/simulated_02/simulated_02_gt_00045.png gt_outputs/simulated_02/simulated_02_gt_00046.png gt_outputs/simulated_02/simulated_02_gt_00047.png
121,msi_inputs/simulated_02/simulated_02_frame_00084.tif msi_inputs/simulated_02/simulated_02_frame_00094.tif msi_inputs/simulated_02/simulated_02_frame_00104.tif msi_inputs/simulated_02/simulated_02_frame_00114.tif msi_inputs/simulated_02/simulated_02_frame_00124.tif msi_inputs/simulated_02/simulated_02_frame_00134.tif msi_inputs/simulated_02/simulated_02_frame_00144.tif msi_inputs/simulated_02/simulated_02_frame_00154.tif,gt_outputs/simulated_02/simulated_02_gt_00084.png gt_outputs/simulated_02/simulated_02_gt_00094.png gt_outputs/simulated_02/simulated_02_gt_00104.png gt_outputs/simulated_02/simulated_02_gt_00114.png gt_outputs/simulated_02/simulated_02_gt_00124.png gt_outputs/simulated_02/simulated_02_gt_00134.png gt_outputs/simulated_02/simulated_02_gt_00144.png gt_outputs/simulated_02/simulated_02_gt_00154.png
122,msi_inputs/simulated_02/simulated_02_frame_00004.tif msi_inputs/simulated_02/simulated_02_frame_00014.tif msi_inputs/simulated_02/simulated_02_frame_00024.tif msi_inputs/simulated_02/simulated_02_frame_00034.tif msi_inputs/simulated_02/simulated_02_frame_00044.tif msi_inputs/simulated_02/simulated_02_frame_00054.tif msi_inputs/simulated_02/simulated_02_frame_00064.tif msi_inputs/simulated_02/simulated_02_frame_00074.tif,gt_outputs/simulated_02/simulated_02_gt_00004.png gt_outputs/simulated_02/simulated_02_gt_00014.png gt_outputs/simulated_02/simulated_02_gt_00024.png gt_outputs/simulated_02/simulated_02_gt_00034.png gt_outputs/simulated_02/simulated_02_gt_00044.png gt_outputs/simulated_02/simulated_02_gt_00054.png gt_outputs/simulated_02/simulated_02_gt_00064.png gt_outputs/simulated_02/simulated_02_gt_00074.png
123,msi_inputs/simulated_02/simulated_02_frame_00084.tif msi_inputs/simulated_02/simulated_02_frame_00089.tif msi_inputs/simulated_02/simulated_02_frame_00094.tif msi_inputs/simulated_02/simulated_02_frame_00099.tif msi_inputs/simulated_02/simulated_02_frame_00104.tif msi_inputs/simulated_02/simulated_02_frame_00109.tif msi_inputs/simulated_02/simulated_02_frame_00114.tif msi_inputs/simulated_02/simulated_02_frame_00119.tif,gt_outputs/simulated_02/simulated_02_gt_00084.png gt_outputs/simulated_02/simulated_02_gt_00089.png gt_outputs/simulated_02/simulated_02_gt_00094.png gt_outputs/simulated_02/simulated_02_gt_00099.png gt_outputs/simulated_02/simulated_02_gt_00104.png gt_outputs/simulated_02/simulated_02_gt_00109.png gt_outputs/simulated_02/simulated_02_gt_00114.png gt_outputs/simulated_02/simulated_02_gt_00119.png
124,msi_inputs/simulated_02/simulated_02_frame_00001.tif msi_inputs/simulated_02/simulated_02_frame_00026.tif msi_inputs/simulated_02/simulated_02_frame_00051.tif msi_inputs/simulated_02/simulated_02_frame_00076.tif msi_inputs/simulated_02/simulated_02_frame_00101.tif msi_inputs/simulated_02/simulated_02_frame_00126.tif msi_inputs/simulated_02/simulated_02_frame_00151.tif msi_inputs/simulated_02/simulated_02_frame_00176.tif,gt_outputs/simulated_02/simulated_02_gt_00001.png gt_outputs/simulated_02/simulated_02_gt_00026.png gt_outputs/simulated_02/simulated_02_gt_00051.png gt_outputs/simulated_02/simulated_02_gt_00076.png gt_outputs/simulated_02/simulated_02_gt_00101.png gt_outputs/simulated_02/simulated_02_gt_00126.png gt_outputs/simulated_02/simulated_02_gt_00151.png gt_outputs/simulated_02/simulated_02_gt_00176.png
125,msi_inputs/simulated_02/simulated_02_frame_00072.tif msi_inputs/simulated_02/simulated_02_frame_00073.tif msi_inputs/simulated_02/simulated_02_frame_00074.tif msi_inputs/simulated_02/simulated_02_frame_00075.tif msi_inputs/simulated_02/simulated_02_frame_00076.tif msi_inputs/simulated_02/simulated_02_frame_00077.tif msi_inputs/simulated_02/simulated_02_frame_00078.tif msi_inputs/simulated_02/simulated_02_frame_00079.tif,gt_outputs/simulated_02/simulated_02_gt_00072.png gt_outputs/simulated_02/simulated_02_gt_00073.png gt_outputs/simulated_02/simulated_02_gt_00074.png gt_outputs/simulated_02/simulated_02_gt_00075.png gt_outputs/simulated_02/simulated_02_gt_00076.png gt_outputs/simulated_02/simulated_02_gt_00077.png gt_outputs/simulated_02/simulated_02_gt_00078.png gt_outputs/simulated_02/simulated_02_gt_00079.png
126,msi_inputs/simulated_02/simulated_02_frame_00002.tif msi_inputs/simulated_02/simulated_02_frame_00027.tif msi_inputs/simulated_02/simulated_02_frame_00052.tif msi_inputs/simulated_02/simulated_02_frame_00077.tif msi_inputs/simulated_02/simulated_02_frame_00102.tif msi_inputs/simulated_02/simulated_02_frame_00127.tif msi_inputs/simulated_02/simulated_02_frame_00152.tif msi_inputs/simulated_02/simulated_02_frame_00177.tif,gt_outputs/simulated_02/simulated_02_gt_00002.png gt_outputs/simulated_02/simulated_02_gt_00027.png gt_outputs/simulated_02/simulated_02_gt_00052.png gt_outputs/simulated_02/simulated_02_gt_00077.png gt_outputs/simulated_02/simulated_02_gt_00102.png gt_outputs/simulated_02/simulated_02_gt_00127.png gt_outputs/simulated_02/simulated_02_gt_00152.png gt_outputs/simulated_02/simulated_02_gt_00177.png
127,msi_inputs/simulated_02/simulated_02_frame_00082.tif msi_inputs/simulated_02/simulated_02_frame_00092.tif msi_inputs/simulated_02/simulated_02_frame_00102.tif msi_inputs/simulated_02/simulated_02_frame_00112.tif msi_inputs/simulated_02/simulated_02_frame_00122.tif msi_inputs/simulated_02/simulated_02_frame_00132.tif msi_inputs/simulated_02/simulated_02_frame_00142.tif msi_inputs/simulated_02/simulated_02_frame_00152.tif,gt_outputs/simulated_02/simulated_02_gt_00082.png gt_outputs/simulated_02/simulated_02_gt_00092.png gt_outputs/simulated_02/simulated_02_gt_00102.png gt_outputs/simulated_02/simulated_02_gt_00112.png gt_outputs/simulated_02/simulated_02_gt_00122.png gt_outputs/simulated_02/simulated_02_gt_00132.png gt_outputs/simulated_02/simulated_02_gt_00142.png gt_outputs/simulated_02/simulated_02_gt_00152.png
128,msi_inputs/simulated_02/simulated_02_frame_00016.tif msi_inputs/simulated_02/simulated_02_frame_00017.tif msi_inputs/simulated_02/simulated_02_frame_00018.tif msi_inputs/simulated_02/simulated_02_frame_00019.tif msi_inputs/simulated_02/simulated_02_frame_00020.tif msi_inputs/simulated_02/simulated_02_frame_00021.tif msi_inputs/simulated_02/simulated_02_frame_00022.tif msi_inputs/simulated_02/simulated_02_frame_00023.tif,gt_outputs/simulated_02/simulated_02_gt_00016.png gt_outputs/simulated_02/simulated_02_gt_00017.png gt_outputs/simulated_02/simulated_02_gt_00018.png gt_outputs/simulated_02/simulated_02_gt_00019.png gt_outputs/simulated_02/simulated_02_gt_00020.png gt_outputs/simulated_02/simulated_02_gt_00021.png gt_outputs/simulated_02/simulated_02_gt_00022.png gt_outputs/simulated_02/simulated_02_gt_00023.png
129,msi_inputs/simulated_02/simulated_02_frame_00004.tif msi_inputs/simulated_02/simulated_02_frame_00029.tif msi_inputs/simulated_02/simulated_02_frame_00054.tif msi_inputs/simulated_02/simulated_02_frame_00079.tif msi_inputs/simulated_02/simulated_02_frame_00104.tif msi_inputs/simulated_02/simulated_02_frame_00129.tif msi_inputs/simulated_02/simulated_02_frame_00154.tif msi_inputs/simulated_02/simulated_02_frame_00179.tif,gt_outputs/simulated_02/simulated_02_gt_00004.png gt_outputs/simulated_02/simulated_02_gt_00029.png gt_outputs/simulated_02/simulated_02_gt_00054.png gt_outputs/simulated_02/simulated_02_gt_00079.png gt_outputs/simulated_02/simulated_02_gt_00104.png gt_outputs/simulated_02/simulated_02_gt_00129.png gt_outputs/simulated_02/simulated_02_gt_00154.png gt_outputs/simulated_02/simulated_02_gt_00179.png
130,msi_inputs/simulated_02/simulated_02_frame_00176.tif msi_inputs/simulated_02/simulated_02_frame_00177.tif msi_inputs/simulated_02/simulated_02_frame_00178.tif msi_inputs/simulated_02/simulated_02_frame_00179.tif msi_inputs/simulated_02/simulated_02_frame_00180.tif msi_inputs/simulated_02/simulated_02_frame_00181.tif msi_inputs/simulated_02/simulated_02_frame_00182.tif msi_inputs/simulated_02/simulated_02_frame_00183.tif,gt_outputs/simulated_02/simulated_02_gt_00176.png gt_outputs/simulated_02/simulated_02_gt_00177.png gt_outputs/simulated_02/simulated_02_gt_00178.png gt_outputs/simulated_02/simulated_02_gt_00179.png gt_outputs/simulated_02/simulated_02_gt_00180.png gt_outputs/simulated_02/simulated_02_gt_00181.png gt_outputs/simulated_02/simulated_02_gt_00182.png gt_outputs/simulated_02/simulated_02_gt_00183.png
131,msi_inputs/simulated_02/simulated_02_frame_00121.tif msi_inputs/simulated_02/simulated_02_frame_00126.tif msi_inputs/simulated_02/simulated_02_frame_00131.tif msi_inputs/simulated_02/simulated_02_frame_00136.tif msi_inputs/simulated_02/simulated_02_frame_00141.tif msi_inputs/simulated_02/simulated_02_frame_00146.tif msi_inputs/simulated_02/simulated_02_frame_00151.tif msi_inputs/simulated_02/simulated_02_frame_00156.tif,gt_outputs/simulated_02/simulated_02_gt_00121.png gt_outputs/simulated_02/simulated_02_gt_00126.png gt_outputs/simulated_02/simulated_02_gt_00131.png gt_outputs/simulated_02/simulated_02_gt_00136.png gt_outputs/simulated_02/simulated_02_gt_00141.png gt_outputs/simulated_02/simulated_02_gt_00146.png gt_outputs/simulated_02/simulated_02_gt_00151.png gt_outputs/simulated_02/simulated_02_gt_00156.png
132,msi_inputs/simulated_03/simulated_03_frame_00088.tif msi_inputs/simulated_03/simulated_03_frame_00089.tif msi_inputs/simulated_03/simulated_03_frame_00090.tif msi_inputs/simulated_03/simulated_03_frame_00091.tif msi_inputs/simulated_03/simulated_03_frame_00092.tif msi_inputs/simulated_03/simulated_03_frame_00093.tif msi_inputs/simulated_03/simulated_03_frame_00094.tif msi_inputs/simulated_03/simulated_03_frame_00095.tif,gt_outputs/simulated_03/simulated_03_gt_00088.png gt_outputs/simulated_03/simulated_03_gt_00089.png gt_outputs/simulated_03/simulated_03_gt_00090.png gt_outputs/simulated_03/simulated_03_gt_00091.png gt_outputs/simulated_03/simulated_03_gt_00092.png gt_outputs/simulated_03/simulated_03_gt_00093.png gt_outputs/simulated_03/simulated_03_gt_00094.png gt_outputs/simulated_03/simulated_03_gt_00095.png
133,msi_inputs/simulated_03/simulated_03_frame_00000.tif msi_inputs/simulated_03/simulated_03_frame_00025.tif msi_inputs/simulated_03/simulated_03_frame_00050.tif msi_inputs/simulated_03/simulated_03_frame_00075.tif msi_inputs/simulated_03/simulated_03_frame_00100.tif msi_inputs/simulated_03/simulated_03_frame_00125.tif msi_inputs/simulated_03/simulated_03_frame_00150.tif msi_inputs/simulated_03/simulated_03_frame_00175.tif,gt_outputs/simulated_03/simulated_03_gt_00000.png gt_outputs/simulated_03/simulated_03_gt_00025.png gt_outputs/simulated_03/simulated_03_gt_00050.png gt_outputs/simulated_03/simulated_03_gt_00075.png gt_outputs/simulated_03/simulated_03_gt_00100.png gt_outputs/simulated_03/simulated_03_gt_00125.png gt_outputs/simulated_03/simulated_03_gt_00150.png gt_outputs/simulated_03/simulated_03_gt_00175.png
134,msi_inputs/simulated_03/simulated_03_frame_00000.tif msi_inputs/simulated_03/simulated_03_frame_00010.tif msi_inputs/simulated_03/simulated_03_frame_00020.tif msi_inputs/simulated_03/simulated_03_frame_00030.tif msi_inputs/simulated_03/simulated_03_frame_00040.tif msi_inputs/simulated_03/simulated_03_frame_00050.tif msi_inputs/simulated_03/simulated_03_frame_00060.tif msi_inputs/simulated_03/simulated_03_frame_00070.tif,gt_outputs/simulated_03/simulated_03_gt_00000.png gt_outputs/simulated_03/simulated_03_gt_00010.png gt_outputs/simulated_03/simulated_03_gt_00020.png gt_outputs/simulated_03/simulated_03_gt_00030.png gt_outputs/simulated_03/simulated_03_gt_00040.png gt_outputs/simulated_03/simulated_03_gt_00050.png gt_outputs/simulated_03/simulated_03_gt_00060.png gt_outputs/simulated_03/simulated_03_gt_00070.png
135,msi_inputs/simulated_03/simulated_03_frame_00104.tif msi_inputs/simulated_03/simulated_03_frame_00105.tif msi_inputs/simulated_03/simulated_03_frame_00106.tif msi_inputs/simulated_03/simulated_03_frame_00107.tif msi_inputs/simulated_03/simulated_03_frame_00108.tif msi_inputs/simulated_03/simulated_03_frame_00109.tif msi_inputs/simulated_03/simulated_03_frame_00110.tif msi_inputs/simulated_03/simulated_03_frame_00111.tif,gt_outputs/simulated_03/simulated_03_gt_00104.png gt_outputs/simulated_03/simulated_03_gt_00105.png gt_outputs/simulated_03/simulated_03_gt_00106.png gt_outputs/simulated_03/simulated_03_gt_00107.png gt_outputs/simulated_03/simulated_03_gt_00108.png gt_outputs/simulated_03/simulated_03_gt_00109.png gt_outputs/simulated_03/simulated_03_gt_00110.png gt_outputs/simulated_03/simulated_03_gt_00111.png
136,msi_inputs/simulated_03/simulated_03_frame_00017.tif msi_inputs/simulated_03/simulated_03_frame_00042.tif msi_inputs/simulated_03/simulated_03_frame_00067.tif msi_inputs/simulated_03/simulated_03_frame_00092.tif msi_inputs/simulated_03/simulated_03_frame_00117.tif msi_inputs/simulated_03/simulated_03_frame_00142.tif msi_inputs/simulated_03/simulated_03_frame_00167.tif msi_inputs/simulated_03/simulated_03_frame_00192.tif,gt_outputs/simulated_03/simulated_03_gt_00017.png gt_outputs/simulated_03/simulated_03_gt_00042.png gt_outputs/simulated_03/simulated_03_gt_00067.png gt_outputs/simulated_03/simulated_03_gt_00092.png gt_outputs/simulated_03/simulated_03_gt_00117.png gt_outputs/simulated_03/simulated_03_gt_00142.png gt_outputs/simulated_03/simulated_03_gt_00167.png gt_outputs/simulated_03/simulated_03_gt_00192.png
137,msi_inputs/simulated_03/simulated_03_frame_00010.tif msi_inputs/simulated_03/simulated_03_frame_00035.tif msi_inputs/simulated_03/simulated_03_frame_00060.tif msi_inputs/simulated_03/simulated_03_frame_00085.tif msi_inputs/simulated_03/simulated_03_frame_00110.tif msi_inputs/simulated_03/simulated_03_frame_00135.tif msi_inputs/simulated_03/simulated_03_frame_00160.tif msi_inputs/simulated_03/simulated_03_frame_00185.tif,gt_outputs/simulated_03/simulated_03_gt_00010.png gt_outputs/simulated_03/simulated_03_gt_00035.png gt_outputs/simulated_03/simulated_03_gt_00060.png gt_outputs/simulated_03/simulated_03_gt_00085.png gt_outputs/simulated_03/simulated_03_gt_00110.png gt_outputs/simulated_03/simulated_03_gt_00135.png gt_outputs/simulated_03/simulated_03_gt_00160.png gt_outputs/simulated_03/simulated_03_gt_00185.png
138,msi_inputs/simulated_03/simulated_03_frame_00086.tif msi_inputs/simulated_03/simulated_03_frame_00096.tif msi_inputs/simulated_03/simulated_03_frame_00106.tif msi_inputs/simulated_03/simulated_03_frame_00116.tif msi_inputs/simulated_03/simulated_03_frame_00126.tif msi_inputs/simulated_03/simulated_03_frame_00136.tif msi_inputs/simulated_03/simulated_03_frame_00146.tif msi_inputs/simulated_03/simulated_03_frame_00156.tif,gt_outputs/simulated_03/simulated_03_gt_00086.png gt_outputs/simulated_03/simulated_03_gt_00096.png gt_outputs/simulated_03/simulated_03_gt_00106.png gt_outputs/simulated_03/simulated_03_gt_00116.png gt_outputs/simulated_03/simulated_03_gt_00126.png gt_outputs/simulated_03/simulated_03_gt_00136.png gt_outputs/simulated_03/simulated_03_gt_00146.png gt_outputs/simulated_03/simulated_03_gt_00156.png
139,msi_inputs/simulated_03/simulated_03_frame_00044.tif msi_inputs/simulated_03/simulated_03_frame_00049.tif msi_inputs/simulated_03/simulated_03_frame_00054.tif msi_inputs/simulated_03/simulated_03_frame_00059.tif msi_inputs/simulated_03/simulated_03_frame_00064.tif msi_inputs/simulated_03/simulated_03_frame_00069.tif msi_inputs/simulated_03/simulated_03_frame_00074.tif msi_inputs/simulated_03/simulated_03_frame_00079.tif,gt_outputs/simulated_03/simulated_03_gt_00044.png gt_outputs/simulated_03/simulated_03_gt_00049.png gt_outputs/simulated_03/simulated_03_gt_00054.png gt_outputs/simulated_03/simulated_03_gt_00059.png gt_outputs/simulated_03/simulated_03_gt_00064.png gt_outputs/simulated_03/simulated_03_gt_00069.png gt_outputs/simulated_03/simulated_03_gt_00074.png gt_outputs/simulated_03/simulated_03_gt_00079.png
140,msi_inputs/simulated_03/simulated_03_frame_00009.tif msi_inputs/simulated_03/simulated_03_frame_00019.tif msi_inputs/simulated_03/simulated_03_frame_00029.tif msi_inputs/simulated_03/simulated_03_frame_00039.tif msi_inputs/simulated_03/simulated_03_frame_00049.tif msi_inputs/simulated_03/simulated_03_frame_00059.tif msi_inputs/simulated_03/simulated_03_frame_00069.tif msi_inputs/simulated_03/simulated_03_frame_00079.tif,gt_outputs/simulated_03/simulated_03_gt_00009.png gt_outputs/simulated_03/simulated_03_gt_00019.png gt_outputs/simulated_03/simulated_03_gt_00029.png gt_outputs/simulated_03/simulated_03_gt_00039.png gt_outputs/simulated_03/simulated_03_gt_00049.png gt_outputs/simulated_03/simulated_03_gt_00059.png gt_outputs/simulated_03/simulated_03_gt_00069.png gt_outputs/simulated_03/simulated_03_gt_00079.png
141,msi_inputs/simulated_03/simulated_03_frame_00003.tif msi_inputs/simulated_03/simulated_03_frame_00008.tif msi_inputs/simulated_03/simulated_03_frame_00013.tif msi_inputs/simulated_03/simulated_03_frame_00018.tif msi_inputs/simulated_03/simulated_03_frame_00023.tif msi_inputs/simulated_03/simulated_03_frame_00028.tif msi_inputs/simulated_03/simulated_03_frame_00033.tif msi_inputs/simulated_03/simulated_03_frame_00038.tif,gt_outputs/simulated_03/simulated_03_gt_00003.png gt_outputs/simulated_03/simulated_03_gt_00008.png gt_outputs/simulated_03/simulated_03_gt_00013.png gt_outputs/simulated_03/simulated_03_gt_00018.png gt_outputs/simulated_03/simulated_03_gt_00023.png gt_outputs/simulated_03/simulated_03_gt_00028.png gt_outputs/simulated_03/simulated_03_gt_00033.png gt_outputs/simulated_03/simulated_03_gt_00038.png
142,msi_inputs/simulated_03/simulated_03_frame_00085.tif msi_inputs/simulated_03/simulated_03_frame_00095.tif msi_inputs/simulated_03/simulated_03_frame_00105.tif msi_inputs/simulated_03/simulated_03_frame_00115.tif msi_inputs/simulated_03/simulated_03_frame_00125.tif msi_inputs/simulated_03/simulated_03_frame_00135.tif msi_inputs/simulated_03/simulated_03_frame_00145.tif msi_inputs/simulated_03/simulated_03_frame_00155.tif,gt_outputs/simulated_03/simulated_03_gt_00085.png gt_outputs/simulated_03/simulated_03_gt_00095.png gt_outputs/simulated_03/simulated_03_gt_00105.png gt_outputs/simulated_03/simulated_03_gt_00115.png gt_outputs/simulated_03/simulated_03_gt_00125.png gt_outputs/simulated_03/simulated_03_gt_00135.png gt_outputs/simulated_03/simulated_03_gt_00145.png gt_outputs/simulated_03/simulated_03_gt_00155.png
143,msi_inputs/simulated_03/simulated_03_frame_00080.tif msi_inputs/simulated_03/simulated_03_frame_00081.tif msi_inputs/simulated_03/simulated_03_frame_00082.tif msi_inputs/simulated_03/simulated_03_frame_00083.tif msi_inputs/simulated_03/simulated_03_frame_00084.tif msi_inputs/simulated_03/simulated_03_frame_00085.tif msi_inputs/simulated_03/simulated_03_frame_00086.tif msi_inputs/simulated_03/simulated_03_frame_00087.tif,gt_outputs/simulated_03/simulated_03_gt_00080.png gt_outputs/simulated_03/simulated_03_gt_00081.png gt_outputs/simulated_03/simulated_03_gt_00082.png gt_outputs/simulated_03/simulated_03_gt_00083.png gt_outputs/simulated_03/simulated_03_gt_00084.png gt_outputs/simulated_03/simulated_03_gt_00085.png gt_outputs/simulated_03/simulated_03_gt_00086.png gt_outputs/simulated_03/simulated_03_gt_00087.png
144,msi_inputs/simulated_03/simulated_03_frame_00016.tif msi_inputs/simulated_03/simulated_03_frame_00041.tif msi_inputs/simulated_03/simulated_03_frame_00066.tif msi_inputs/simulated_03/simulated_03_frame_00091.tif msi_inputs/simulated_03/simulated_03_frame_00116.tif msi_inputs/simulated_03/simulated_03_frame_00141.tif msi_inputs/simulated_03/simulated_03_frame_00166.tif msi_inputs/simulated_03/simulated_03_frame_00191.tif,gt_outputs/simulated_03/simulated_03_gt_00016.png gt_outputs/simulated_03/simulated_03_gt_00041.png gt_outputs/simulated_03/simulated_03_gt_00066.png gt_outputs/simulated_03/simulated_03_gt_00091.png gt_outputs/simulated_03/simulated_03_gt_00116.png gt_outputs/simulated_03/simulated_03_gt_00141.png gt_outputs/simulated_03/simulated_03_gt_00166.png gt_outputs/simulated_03/simulated_03_gt_00191.png
145,msi_inputs/simulated_03/simulated_03_frame_00040.tif msi_inputs/simulated_03/simulated_03_frame_00041.tif msi_inputs/simulated_03/simulated_03_frame_00042.tif msi_inputs/simulated_03/simulated_03_frame_00043.tif msi_inputs/simulated_03/simulated_03_frame_00044.tif msi_inputs/simulated_03/simulated_03_frame_00045.tif msi_inputs/simulated_03/simulated_03_frame_00046.tif msi_inputs/simulated_03/simulated_03_frame_00047.tif,gt_outputs/simulated_03/simulated_03_gt_00040.png gt_outputs/simulated_03/simulated_03_gt_00041.png gt_outputs/simulated_03/simulated_03_gt_00042.png gt_outputs/simulated_03/simulated_03_gt_00043.png gt_outputs/simulated_03/simulated_03_gt_00044.png gt_outputs/simulated_03/simulated_03_gt_00045.png gt_outputs/simulated_03/simulated_03_gt_00046.png gt_outputs/simulated_03/simulated_03_gt_00047.png
146,msi_inputs/simulated_03/simulated_03_frame_00003.tif msi_inputs/simulated_03/simulated_03_frame_00013.tif msi_inputs/simulated_03/simulated_03_frame_00023.tif msi_inputs/simulated_03/simulated_03_frame_00033.tif msi_inputs/simulated_03/simulated_03_frame_00043.tif msi_inputs/simulated_03/simulated_03_frame_00053.tif msi_inputs/simulated_03/simulated_03_frame_00063.tif msi_inputs/simulated_03/simulated_03_frame_00073.tif,gt_outputs/simulated_03/simulated_03_gt_00003.png gt_outputs/simulated_03/simulated_03_gt_00013.png gt_outputs/simulated_03/simulated_03_gt_00023.png gt_outputs/simulated_03/simulated_03_gt_00033.png gt_outputs/simulated_03/simulated_03_gt_00043.png gt_outputs/simulated_03/simulated_03_gt_00053.png gt_outputs/simulated_03/simulated_03_gt_00063.png gt_outputs/simulated_03/simulated_03_gt_00073.png
147,msi_inputs/simulated_03/simulated_03_frame_00088.tif msi_inputs/simulated_03/simulated_03_frame_00098.tif msi_inputs/simulated_03/simulated_03_frame_00108.tif msi_inputs/simulated_03/simulated_03_frame_00118.tif msi_inputs/simulated_03/simulated_03_frame_00128.tif msi_inputs/simulated_03/simulated_03_frame_00138.tif msi_inputs/simulated_03/simulated_03_frame_00148.tif msi_inputs/simulated_03/simulated_03_frame_00158.tif,gt_outputs/simulated_03/simulated_03_gt_00088.png gt_outputs/simulated_03/simulated_03_gt_00098.png gt_outputs/simulated_03/simulated_03_gt_00108.png gt_outputs/simulated_03/simulated_03_gt_00118.png gt_outputs/simulated_03/simulated_03_gt_00128.png gt_outputs/simulated_03/simulated_03_gt_00138.png gt_outputs/simulated_03/simulated_03_gt_00148.png gt_outputs/simulated_03/simulated_03_gt_00158.png
148,msi_inputs/simulated_03/simulated_03_frame_00006.tif msi_inputs/simulated_03/simulated_03_frame_00016.tif msi_inputs/simulated_03/simulated_03_frame_00026.tif msi_inputs/simulated_03/simulated_03_frame_00036.tif msi_inputs/simulated_03/simulated_03_frame_00046.tif msi_inputs/simulated_03/simulated_03_frame_00056.tif msi_inputs/simulated_03/simulated_03_frame_00066.tif msi_inputs/simulated_03/simulated_03_frame_00076.tif,gt_outputs/simulated_03/simulated_03_gt_00006.png gt_outputs/simulated_03/simulated_03_gt_00016.png gt_outputs/simulated_03/simulated_03_gt_00026.png gt_outputs/simulated_03/simulated_03_gt_00036.png gt_outputs/simulated_03/simulated_03_gt_00046.png gt_outputs/simulated_03/simulated_03_gt_00056.png gt_outputs/simulated_03/simulated_03_gt_00066.png gt_outputs/simulated_03/simulated_03_gt_00076.png
149,msi_inputs/simulated_03/simulated_03_frame_00018.tif msi_inputs/simulated_03/simulated_03_frame_00043.tif msi_inputs/simulated_03/simulated_03_frame_00068.tif msi_inputs/simulated_03/simulated_03_frame_00093.tif msi_inputs/simulated_03/simulated_03_frame_00118.tif msi_inputs/simulated_03/simulated_03_frame_00143.tif msi_inputs/simulated_03/simulated_03_frame_00168.tif msi_inputs/simulated_03/simulated_03_frame_00193.tif,gt_outputs/simulated_03/simulated_03_gt_00018.png gt_outputs/simulated_03/simulated_03_gt_00043.png gt_outputs/simulated_03/simulated_03_gt_00068.png gt_outputs/simulated_03/simulated_03_gt_00093.png gt_outputs/simulated_03/simulated_03_gt_00118.png gt_outputs/simulated_03/simulated_03_gt_00143.png gt_outputs/simulated_03/simulated_03_gt_00168.png gt_outputs/simulated_03/simulated_03_gt_00193.png
150,msi_inputs/simulated_03/simulated_03_frame_00084.tif msi_inputs/simulated_03/simulated_03_frame_00089.tif msi_inputs/simulated_03/simulated_03_frame_00094.tif msi_inputs/simulated_03/simulated_03_frame_00099.tif msi_inputs/simulated_03/simulated_03_frame_00104.tif msi_inputs/simulated_03/simulated_03_frame_00109.tif msi_inputs/simulated_03/simulated_03_frame_00114.tif msi_inputs/simulated_03/simulated_03_frame_00119.tif,gt_outputs/simulated_03/simulated_03_gt_00084.png gt_outputs/simulated_03/simulated_03_gt_00089.png gt_outputs/simulated_03/simulated_03_gt_00094.png gt_outputs/simulated_03/simulated_03_gt_00099.png gt_outputs/simulated_03/simulated_03_gt_00104.png gt_outputs/simulated_03/simulated_03_gt_00109.png gt_outputs/simulated_03/simulated_03_gt_00114.png gt_outputs/simulated_03/simulated_03_gt_00119.png
151,msi_inputs/simulated_03/simulated_03_frame_00152.tif msi_inputs/simulated_03/simulated_03_frame_00153.tif msi_inputs/simulated_03/simulated_03_frame_00154.tif msi_inputs/simulated_03/simulated_03_frame_00155.tif msi_inputs/simulated_03/simulated_03_frame_00156.tif msi_inputs/simulated_03/simulated_03_frame_00157.tif msi_inputs/simulated_03/simulated_03_frame_00158.tif msi_inputs/simulated_03/simulated_03_frame_00159.tif,gt_outputs/simulated_03/simulated_03_gt_00152.png gt_outputs/simulated_03/simulated_03_gt_00153.png gt_outputs/simulated_03/simulated_03_gt_00154.png gt_outputs/simulated_03/simulated_03_gt_00155.png gt_outputs/simulated_03/simulated_03_gt_00156.png gt_outputs/simulated_03/simulated_03_gt_00157.png gt_outputs/simulated_03/simulated_03_gt_00158.png gt_outputs/simulated_03/simulated_03_gt_00159.png
152,msi_inputs/simulated_03/simulated_03_frame_00083.tif msi_inputs/simulated_03/simulated_03_frame_00093.tif msi_inputs/simulated_03/simulated_03_frame_00103.tif msi_inputs/simulated_03/simulated_03_frame_00113.tif msi_inputs/simulated_03/simulated_03_frame_00123.tif msi_inputs/simulated_03/simulated_03_frame_00133.tif msi_inputs/simulated_03/simulated_03_frame_00143.tif msi_inputs/simulated_03/simulated_03_frame_00153.tif,gt_outputs/simulated_03/simulated_03_gt_00083.png gt_outputs/simulated_03/simulated_03_gt_00093.png gt_outputs/simulated_03/simulated_03_gt_00103.png gt_outputs/simulated_03/simulated_03_gt_00113.png gt_outputs/simulated_03/simulated_03_gt_00123.png gt_outputs/simulated_03/simulated_03_gt_00133.png gt_outputs/simulated_03/simulated_03_gt_00143.png gt_outputs/simulated_03/simulated_03_gt_00153.png
153,msi_inputs/simulated_03/simulated_03_frame_00011.tif msi_inputs/simulated_03/simulated_03_frame_00036.tif msi_inputs/simulated_03/simulated_03_frame_00061.tif msi_inputs/simulated_03/simulated_03_frame_00086.tif msi_inputs/simulated_03/simulated_03_frame_00111.tif msi_inputs/simulated_03/simulated_03_frame_00136.tif msi_inputs/simulated_03/simulated_03_frame_00161.tif msi_inputs/simulated_03/simulated_03_frame_00186.tif,gt_outputs/simulated_03/simulated_03_gt_00011.png gt_outputs/simulated_03/simulated_03_gt_00036.png gt_outputs/simulated_03/simulated_03_gt_00061.png gt_outputs/simulated_03/simulated_03_gt_00086.png gt_outputs/simulated_03/simulated_03_gt_00111.png gt_outputs/simulated_03/simulated_03_gt_00136.png gt_outputs/simulated_03/simulated_03_gt_00161.png gt_outputs/simulated_03/simulated_03_gt_00186.png
154,msi_inputs/simulated_03/simulated_03_frame_00004.tif msi_inputs/simulated_03/simulated_03_frame_00014.tif msi_inputs/simulated_03/simulated_03_frame_00024.tif msi_inputs/simulated_03/simulated_03_frame_00034.tif msi_inputs/simulated_03/simulated_03_frame_00044.tif msi_inputs/simulated_03/simulated_03_frame_00054.tif msi_inputs/simulated_03/simulated_03_frame_00064.tif msi_inputs/simulated_03/simulated_03_frame_00074.tif,gt_outputs/simulated_03/simulated_03_gt_00004.png gt_outputs/simulated_03/simulated_03_gt_00014.png gt_outputs/simulated_03/simulated_03_gt_00024.png gt_outputs/simulated_03/simulated_03_gt_00034.png gt_outputs/simulated_03/simulated_03_gt_00044.png gt_outputs/simulated_03/simulated_03_gt_00054.png gt_outputs/simulated_03/simulated_03_gt_00064.png gt_outputs/simulated_03/simulated_03_gt_00074.png
155,msi_inputs/simulated_03/simulated_03_frame_00121.tif msi_inputs/simulated_03/simulated_03_frame_00126.tif msi_inputs/simulated_03/simulated_03_frame_00131.tif msi_inputs/simulated_03/simulated_03_frame_00136.tif msi_inputs/simulated_03/simulated_03_frame_00141.tif msi_inputs/simulated_03/simulated_03_frame_00146.tif msi_inputs/simulated_03/simulated_03_frame_00151.tif msi_inputs/simulated_03/simulated_03_frame_00156.tif,gt_outputs/simulated_03/simulated_03_gt_00121.png gt_outputs/simulated_03/simulated_03_gt_00126.png gt_outputs/simulated_03/simulated_03_gt_00131.png gt_outputs/simulated_03/simulated_03_gt_00136.png gt_outputs/simulated_03/simulated_03_gt_00141.png gt_outputs/simulated_03/simulated_03_gt_00146.png gt_outputs/simulated_03/simulated_03_gt_00151.png gt_outputs/simulated_03/simulated_03_gt_00156.png
156,msi_inputs/simulated_03/simulated_03_frame_00160.tif msi_inputs/simulated_03/simulated_03_frame_00161.tif msi_inputs/simulated_03/simulated_03_frame_00162.tif msi_inputs/simulated_03/simulated_03_frame_00163.tif msi_inputs/simulated_03/simulated_03_frame_00164.tif msi_inputs/simulated_03/simulated_03_frame_00165.tif msi_inputs/simulated_03/simulated_03_frame_00166.tif msi_inputs/simulated_03/simulated_03_frame_00167.tif,gt_outputs/simulated_03/simulated_03_gt_00160.png gt_outputs/simulated_03/simulated_03_gt_00161.png gt_outputs/simulated_03/simulated_03_gt_00162.png gt_outputs/simulated_03/simulated_03_gt_00163.png gt_outputs/simulated_03/simulated_03_gt_00164.png gt_outputs/simulated_03/simulated_03_gt_00165.png gt_outputs/simulated_03/simulated_03_gt_00166.png gt_outputs/simulated_03/simulated_03_gt_00167.png
157,msi_inputs/simulated_03/simulated_03_frame_00042.tif msi_inputs/simulated_03/simulated_03_frame_00047.tif msi_inputs/simulated_03/simulated_03_frame_00052.tif msi_inputs/simulated_03/simulated_03_frame_00057.tif msi_inputs/simulated_03/simulated_03_frame_00062.tif msi_inputs/simulated_03/simulated_03_frame_00067.tif msi_inputs/simulated_03/simulated_03_frame_00072.tif msi_inputs/simulated_03/simulated_03_frame_00077.tif,gt_outputs/simulated_03/simulated_03_gt_00042.png gt_outputs/simulated_03/simulated_03_gt_00047.png gt_outputs/simulated_03/simulated_03_gt_00052.png gt_outputs/simulated_03/simulated_03_gt_00057.png gt_outputs/simulated_03/simulated_03_gt_00062.png gt_outputs/simulated_03/simulated_03_gt_00067.png gt_outputs/simulated_03/simulated_03_gt_00072.png gt_outputs/simulated_03/simulated_03_gt_00077.png
158,msi_inputs/simulated_03/simulated_03_frame_00056.tif msi_inputs/simulated_03/simulated_03_frame_00057.tif msi_inputs/simulated_03/simulated_03_frame_00058.tif msi_inputs/simulated_03/simulated_03_frame_00059.tif msi_inputs/simulated_03/simulated_03_frame_00060.tif msi_inputs/simulated_03/simulated_03_frame_00061.tif msi_inputs/simulated_03/simulated_03_frame_00062.tif msi_inputs/simulated_03/simulated_03_frame_00063.tif,gt_outputs/simulated_03/simulated_03_gt_00056.png gt_outputs/simulated_03/simulated_03_gt_00057.png gt_outputs/simulated_03/simulated_03_gt_00058.png gt_outputs/simulated_03/simulated_03_gt_00059.png gt_outputs/simulated_03/simulated_03_gt_00060.png gt_outputs/simulated_03/simulated_03_gt_00061.png gt_outputs/simulated_03/simulated_03_gt_00062.png gt_outputs/simulated_03/simulated_03_gt_00063.png
159,msi_inputs/simulated_03/simulated_03_frame_00089.tif msi_inputs/simulated_03/simulated_03_frame_00099.tif msi_inputs/simulated_03/simulated_03_frame_00109.tif msi_inputs/simulated_03/simulated_03_frame_00119.tif msi_inputs/simulated_03/simulated_03_frame_00129.tif msi_inputs/simulated_03/simulated_03_frame_00139.tif msi_inputs/simulated_03/simulated_03_frame_00149.tif msi_inputs/simulated_03/simulated_03_frame_00159.tif,gt_outputs/simulated_03/simulated_03_gt_00089.png gt_outputs/simulated_03/simulated_03_gt_00099.png gt_outputs/simulated_03/simulated_03_gt_00109.png gt_outputs/simulated_03/simulated_03_gt_00119.png gt_outputs/simulated_03/simulated_03_gt_00129.png gt_outputs/simulated_03/simulated_03_gt_00139.png gt_outputs/simulated_03/simulated_03_gt_00149.png gt_outputs/simulated_03/simulated_03_gt_00159.png
160,msi_inputs/simulated_03/simulated_03_frame_00004.tif msi_inputs/simulated_03/simulated_03_frame_00009.tif msi_inputs/simulated_03/simulated_03_frame_00014.tif msi_inputs/simulated_03/simulated_03_frame_00019.tif msi_inputs/simulated_03/simulated_03_frame_00024.tif msi_inputs/simulated_03/simulated_03_frame_00029.tif msi_inputs/simulated_03/simulated_03_frame_00034.tif msi_inputs/simulated_03/simulated_03_frame_00039.tif,gt_outputs/simulated_03/simulated_03_gt_00004.png gt_outputs/simulated_03/simulated_03_gt_00009.png gt_outputs/simulated_03/simulated_03_gt_00014.png gt_outputs/simulated_03/simulated_03_gt_00019.png gt_outputs/simulated_03/simulated_03_gt_00024.png gt_outputs/simulated_03/simulated_03_gt_00029.png gt_outputs/simulated_03/simulated_03_gt_00034.png gt_outputs/simulated_03/simulated_03_gt_00039.png
161,msi_inputs/simulated_03/simulated_03_frame_00008.tif msi_inputs/simulated_03/simulated_03_frame_00033.tif msi_inputs/simulated_03/simulated_03_frame_00058.tif msi_inputs/simulated_03/simulated_03_frame_00083.tif msi_inputs/simulated_03/simulated_03_frame_00108.tif msi_inputs/simulated_03/simulated_03_frame_00133.tif msi_inputs/simulated_03/simulated_03_frame_00158.tif msi_inputs/simulated_03/simulated_03_frame_00183.tif,gt_outputs/simulated_03/simulated_03_gt_00008.png gt_outputs/simulated_03/simulated_03_gt_00033.png gt_outputs/simulated_03/simulated_03_gt_00058.png gt_outputs/simulated_03/simulated_03_gt_00083.png gt_outputs/simulated_03/simulated_03_gt_00108.png gt_outputs/simulated_03/simulated_03_gt_00133.png gt_outputs/simulated_03/simulated_03_gt_00158.png gt_outputs/simulated_03/simulated_03_gt_00183.png
162,msi_inputs/simulated_03/simulated_03_frame_00081.tif msi_inputs/simulated_03/simulated_03_frame_00091.tif msi_inputs/simulated_03/simulated_03_frame_00101.tif msi_inputs/simulated_03/simulated_03_frame_00111.tif msi_inputs/simulated_03/simulated_03_frame_00121.tif msi_inputs/simulated_03/simulated_03_frame_00131.tif msi_inputs/simulated_03/simulated_03_frame_00141.tif msi_inputs/simulated_03/simulated_03_frame_00151.tif,gt_outputs/simulated_03/simulated_03_gt_00081.png gt_outputs/simulated_03/simulated_03_gt_00091.png gt_outputs/simulated_03/simulated_03_gt_00101.png gt_outputs/simulated_03/simulated_03_gt_00111.png gt_outputs/simulated_03/simulated_03_gt_00121.png gt_outputs/simulated_03/simulated_03_gt_00131.png gt_outputs/simulated_03/simulated_03_gt_00141.png gt_outputs/simulated_03/simulated_03_gt_00151.png
163,msi_inputs/simulated_03/simulated_03_frame_00001.tif msi_inputs/simulated_03/simulated_03_frame_00011.tif msi_inputs/simulated_03/simulated_03_frame_00021.tif msi_inputs/simulated_03/simulated_03_frame_00031.tif msi_inputs/simulated_03/simulated_03_frame_00041.tif msi_inputs/simulated_03/simulated_03_frame_00051.tif msi_inputs/simulated_03/simulated_03_frame_00061.tif msi_inputs/simulated_03/simulated_03_frame_00071.tif,gt_outputs/simulated_03/simulated_03_gt_00001.png gt_outputs/simulated_03/simulated_03_gt_00011.png gt_outputs/simulated_03/simulated_03_gt_00021.png gt_outputs/simulated_03/simulated_03_gt_00031.png gt_outputs/simulated_03/simulated_03_gt_00041.png gt_outputs/simulated_03/simulated_03_gt_00051.png gt_outputs/simulated_03/simulated_03_gt_00061.png gt_outputs/simulated_03/simulated_03_gt_00071.png
164,msi_inputs/simulated_03/simulated_03_frame_00083.tif msi_inputs/simulated_03/simulated_03_frame_00088.tif msi_inputs/simulated_03/simulated_03_frame_00093.tif msi_inputs/simulated_03/simulated_03_frame_00098.tif msi_inputs/simulated_03/simulated_03_frame_00103.tif msi_inputs/simulated_03/simulated_03_frame_00108.tif msi_inputs/simulated_03/simulated_03_frame_00113.tif msi_inputs/simulated_03/simulated_03_frame_00118.tif,gt_outputs/simulated_03/simulated_03_gt_00083.png gt_outputs/simulated_03/simulated_03_gt_00088.png gt_outputs/simulated_03/simulated_03_gt_00093.png gt_outputs/simulated_03/simulated_03_gt_00098.png gt_outputs/simulated_03/simulated_03_gt_00103.png gt_outputs/simulated_03/simulated_03_gt_00108.png gt_outputs/simulated_03/simulated_03_gt_00113.png gt_outputs/simulated_03/simulated_03_gt_00118.png
165,msi_inputs/simulated_03/simulated_03_frame_00041.tif msi_inputs/simulated_03/simulated_03_frame_00046.tif msi_inputs/simulated_03/simulated_03_frame_00051.tif msi_inputs/simulated_03/simulated_03_frame_00056.tif msi_inputs/simulated_03/simulated_03_frame_00061.tif msi_inputs/simulated_03/simulated_03_frame_00066.tif msi_inputs/simulated_03/simulated_03_frame_00071.tif msi_inputs/simulated_03/simulated_03_frame_00076.tif,gt_outputs/simulated_03/simulated_03_gt_00041.png gt_outputs/simulated_03/simulated_03_gt_00046.png gt_outputs/simulated_03/simulated_03_gt_00051.png gt_outputs/simulated_03/simulated_03_gt_00056.png gt_outputs/simulated_03/simulated_03_gt_00061.png gt_outputs/simulated_03/simulated_03_gt_00066.png gt_outputs/simulated_03/simulated_03_gt_00071.png gt_outputs/simulated_03/simulated_03_gt_00076.png
166,msi_inputs/simulated_03/simulated_03_frame_00081.tif msi_inputs/simulated_03/simulated_03_frame_00086.tif msi_inputs/simulated_03/simulated_03_frame_00091.tif msi_inputs/simulated_03/simulated_03_frame_00096.tif msi_inputs/simulated_03/simulated_03_frame_00101.tif msi_inputs/simulated_03/simulated_03_frame_00106.tif msi_inputs/simulated_03/simulated_03_frame_00111.tif msi_inputs/simulated_03/simulated_03_frame_00116.tif,gt_outputs/simulated_03/simulated_03_gt_00081.png gt_outputs/simulated_03/simulated_03_gt_00086.png gt_outputs/simulated_03/simulated_03_gt_00091.png gt_outputs/simulated_03/simulated_03_gt_00096.png gt_outputs/simulated_03/simulated_03_gt_00101.png gt_outputs/simulated_03/simulated_03_gt_00106.png gt_outputs/simulated_03/simulated_03_gt_00111.png gt_outputs/simulated_03/simulated_03_gt_00116.png
167,msi_inputs/simulated_03/simulated_03_frame_00007.tif msi_inputs/simulated_03/simulated_03_frame_00032.tif msi_inputs/simulated_03/simulated_03_frame_00057.tif msi_inputs/simulated_03/simulated_03_frame_00082.tif msi_inputs/simulated_03/simulated_03_frame_00107.tif msi_inputs/simulated_03/simulated_03_frame_00132.tif msi_inputs/simulated_03/simulated_03_frame_00157.tif msi_inputs/simulated_03/simulated_03_frame_00182.tif,gt_outputs/simulated_03/simulated_03_gt_00007.png gt_outputs/simulated_03/simulated_03_gt_00032.png gt_outputs/simulated_03/simulated_03_gt_00057.png gt_outputs/simulated_03/simulated_03_gt_00082.png gt_outputs/simulated_03/simulated_03_gt_00107.png gt_outputs/simulated_03/simulated_03_gt_00132.png gt_outputs/simulated_03/simulated_03_gt_00157.png gt_outputs/simulated_03/simulated_03_gt_00182.png
168,msi_inputs/simulated_03/simulated_03_frame_00002.tif msi_inputs/simulated_03/simulated_03_frame_00007.tif msi_inputs/simulated_03/simulated_03_frame_00012.tif msi_inputs/simulated_03/simulated_03_frame_00017.tif msi_inputs/simulated_03/simulated_03_frame_00022.tif msi_inputs/simulated_03/simulated_03_frame_00027.tif msi_inputs/simulated_03/simulated_03_frame_00032.tif msi_inputs/simulated_03/simulated_03_frame_00037.tif,gt_outputs/simulated_03/simulated_03_gt_00002.png gt_outputs/simulated_03/simulated_03_gt_00007.png gt_outputs/simulated_03/simulated_03_gt_00012.png gt_outputs/simulated_03/simulated_03_gt_00017.png gt_outputs/simulated_03/simulated_03_gt_00022.png gt_outputs/simulated_03/simulated_03_gt_00027.png gt_outputs/simulated_03/simulated_03_gt_00032.png gt_outputs/simulated_03/simulated_03_gt_00037.png
169,msi_inputs/simulated_03/simulated_03_frame_00048.tif msi_inputs/simulated_03/simulated_03_frame_00049.tif msi_inputs/simulated_03/simulated_03_frame_00050.tif msi_inputs/simulated_03/simulated_03_frame_00051.tif msi_inputs/simulated_03/simulated_03_frame_00052.tif msi_inputs/simulated_03/simulated_03_frame_00053.tif msi_inputs/simulated_03/simulated_03_frame_00054.tif msi_inputs/simulated_03/simulated_03_frame_00055.tif,gt_outputs/simulated_03/simulated_03_gt_00048.png gt_outputs/simulated_03/simulated_03_gt_00049.png gt_outputs/simulated_03/simulated_03_gt_00050.png gt_outputs/simulated_03/simulated_03_gt_00051.png gt_outputs/simulated_03/simulated_03_gt_00052.png gt_outputs/simulated_03/simulated_03_gt_00053.png gt_outputs/simulated_03/simulated_03_gt_00054.png gt_outputs/simulated_03/simulated_03_gt_00055.png
170,msi_inputs/simulated_03/simulated_03_frame_00019.tif msi_inputs/simulated_03/simulated_03_frame_00044.tif msi_inputs/simulated_03/simulated_03_frame_00069.tif msi_inputs/simulated_03/simulated_03_frame_00094.tif msi_inputs/simulated_03/simulated_03_frame_00119.tif msi_inputs/simulated_03/simulated_03_frame_00144.tif msi_inputs/simulated_03/simulated_03_frame_00169.tif msi_inputs/simulated_03/simulated_03_frame_00194.tif,gt_outputs/simulated_03/simulated_03_gt_00019.png gt_outputs/simulated_03/simulated_03_gt_00044.png gt_outputs/simulated_03/simulated_03_gt_00069.png gt_outputs/simulated_03/simulated_03_gt_00094.png gt_outputs/simulated_03/simulated_03_gt_00119.png gt_outputs/simulated_03/simulated_03_gt_00144.png gt_outputs/simulated_03/simulated_03_gt_00169.png gt_outputs/simulated_03/simulated_03_gt_00194.png
171,msi_inputs/simulated_03/simulated_03_frame_00016.tif msi_inputs/simulated_03/simulated_03_frame_00017.tif msi_inputs/simulated_03/simulated_03_frame_00018.tif msi_inputs/simulated_03/simulated_03_frame_00019.tif msi_inputs/simulated_03/simulated_03_frame_00020.tif msi_inputs/simulated_03/simulated_03_frame_00021.tif msi_inputs/simulated_03/simulated_03_frame_00022.tif msi_inputs/simulated_03/simulated_03_frame_00023.tif,gt_outputs/simulated_03/simulated_03_gt_00016.png gt_outputs/simulated_03/simulated_03_gt_00017.png gt_outputs/simulated_03/simulated_03_gt_00018.png gt_outputs/simulated_03/simulated_03_gt_00019.png gt_outputs/simulated_03/simulated_03_gt_00020.png gt_outputs/simulated_03/simulated_03_gt_00021.png gt_outputs/simulated_03/simulated_03_gt_00022.png gt_outputs/simulated_03/simulated_03_gt_00023.png
172,msi_inputs/simulated_03/simulated_03_frame_00002.tif msi_inputs/simulated_03/simulated_03_frame_00027.tif msi_inputs/simulated_03/simulated_03_frame_00052.tif msi_inputs/simulated_03/simulated_03_frame_00077.tif msi_inputs/simulated_03/simulated_03_frame_00102.tif msi_inputs/simulated_03/simulated_03_frame_00127.tif msi_inputs/simulated_03/simulated_03_frame_00152.tif msi_inputs/simulated_03/simulated_03_frame_00177.tif,gt_outputs/simulated_03/simulated_03_gt_00002.png gt_outputs/simulated_03/simulated_03_gt_00027.png gt_outputs/simulated_03/simulated_03_gt_00052.png gt_outputs/simulated_03/simulated_03_gt_00077.png gt_outputs/simulated_03/simulated_03_gt_00102.png gt_outputs/simulated_03/simulated_03_gt_00127.png gt_outputs/simulated_03/simulated_03_gt_00152.png gt_outputs/simulated_03/simulated_03_gt_00177.png
173,msi_inputs/simulated_03/simulated_03_frame_00023.tif msi_inputs/simulated_03/simulated_03_frame_00048.tif msi_inputs/simulated_03/simulated_03_frame_00073.tif msi_inputs/simulated_03/simulated_03_frame_00098.tif msi_inputs/simulated_03/simulated_03_frame_00123.tif msi_inputs/simulated_03/simulated_03_frame_00148.tif msi_inputs/simulated_03/simulated_03_frame_00173.tif msi_inputs/simulated_03/simulated_03_frame_00198.tif,gt_outputs/simulated_03/simulated_03_gt_00023.png gt_outputs/simulated_03/simulated_03_gt_00048.png gt_outputs/simulated_03/simulated_03_gt_00073.png gt_outputs/simulated_03/simulated_03_gt_00098.png gt_outputs/simulated_03/simulated_03_gt_00123.png gt_outputs/simulated_03/simulated_03_gt_00148.png gt_outputs/simulated_03/simulated_03_gt_00173.png gt_outputs/simulated_03/simulated_03_gt_00198.png
174,msi_inputs/simulated_03/simulated_03_frame_00014.tif msi_inputs/simulated_03/simulated_03_frame_00039.tif msi_inputs/simulated_03/simulated_03_frame_00064.tif msi_inputs/simulated_03/simulated_03_frame_00089.tif msi_inputs/simulated_03/simulated_03_frame_00114.tif msi_inputs/simulated_03/simulated_03_frame_00139.tif msi_inputs/simulated_03/simulated_03_frame_00164.tif msi_inputs/simulated_03/simulated_03_frame_00189.tif,gt_outputs/simulated_03/simulated_03_gt_00014.png gt_outputs/simulated_03/simulated_03_gt_00039.png gt_outputs/simulated_03/simulated_03_gt_00064.png gt_outputs/simulated_03/simulated_03_gt_00089.png gt_outputs/simulated_03/simulated_03_gt_00114.png gt_outputs/simulated_03/simulated_03_gt_00139.png gt_outputs/simulated_03/simulated_03_gt_00164.png gt_outputs/simulated_03/simulated_03_gt_00189.png
175,msi_inputs/simulated_03/simulated_03_frame_00005.tif msi_inputs/simulated_03/simulated_03_frame_00030.tif msi_inputs/simulated_03/simulated_03_frame_00055.tif msi_inputs/simulated_03/simulated_03_frame_00080.tif msi_inputs/simulated_03/simulated_03_frame_00105.tif msi_inputs/simulated_03/simulated_03_frame_00130.tif msi_inputs/simulated_03/simulated_03_frame_00155.tif msi_inputs/simulated_03/simulated_03_frame_00180.tif,gt_outputs/simulated_03/simulated_03_gt_00005.png gt_outputs/simulated_03/simulated_03_gt_00030.png gt_outputs/simulated_03/simulated_03_gt_00055.png gt_outputs/simulated_03/simulated_03_gt_00080.png gt_outputs/simulated_03/simulated_03_gt_00105.png gt_outputs/simulated_03/simulated_03_gt_00130.png gt_outputs/simulated_03/simulated_03_gt_00155.png gt_outputs/simulated_03/simulated_03_gt_00180.png
176,msi_inputs/simulated_03/simulated_03_frame_00112.tif msi_inputs/simulated_03/simulated_03_frame_00113.tif msi_inputs/simulated_03/simulated_03_frame_00114.tif msi_inputs/simulated_03/simulated_03_frame_00115.tif msi_inputs/simulated_03/simulated_03_frame_00116.tif msi_inputs/simulated_03/simulated_03_frame_00117.tif msi_inputs/simulated_03/simulated_03_frame_00118.tif msi_inputs/simulated_03/simulated_03_frame_00119.tif,gt_outputs/simulated_03/simulated_03_gt_00112.png gt_outputs/simulated_03/simulated_03_gt_00113.png gt_outputs/simulated_03/simulated_03_gt_00114.png gt_outputs/simulated_03/simulated_03_gt_00115.png gt_outputs/simulated_03/simulated_03_gt_00116.png gt_outputs/simulated_03/simulated_03_gt_00117.png gt_outputs/simulated_03/simulated_03_gt_00118.png gt_outputs/simulated_03/simulated_03_gt_00119.png
177,msi_inputs/simulated_03/simulated_03_frame_00064.tif msi_inputs/simulated_03/simulated_03_frame_00065.tif msi_inputs/simulated_03/simulated_03_frame_00066.tif msi_inputs/simulated_03/simulated_03_frame_00067.tif msi_inputs/simulated_03/simulated_03_frame_00068.tif msi_inputs/simulated_03/simulated_03_frame_00069.tif msi_inputs/simulated_03/simulated_03_frame_00070.tif msi_inputs/simulated_03/simulated_03_frame_00071.tif,gt_outputs/simulated_03/simulated_03_gt_00064.png gt_outputs/simulated_03/simulated_03_gt_00065.png gt_outputs/simulated_03/simulated_03_gt_00066.png gt_outputs/simulated_03/simulated_03_gt_00067.png gt_outputs/simulated_03/simulated_03_gt_00068.png gt_outputs/simulated_03/simulated_03_gt_00069.png gt_outputs/simulated_03/simulated_03_gt_00070.png gt_outputs/simulated_03/simulated_03_gt_00071.png
178,msi_inputs/simulated_03/simulated_03_frame_00000.tif msi_inputs/simulated_03/simulated_03_frame_00005.tif msi_inputs/simulated_03/simulated_03_frame_00010.tif msi_inputs/simulated_03/simulated_03_frame_00015.tif msi_inputs/simulated_03/simulated_03_frame_00020.tif msi_inputs/simulated_03/simulated_03_frame_00025.tif msi_inputs/simulated_03/simulated_03_frame_00030.tif msi_inputs/simulated_03/simulated_03_frame_00035.tif,gt_outputs/simulated_03/simulated_03_gt_00000.png gt_outputs/simulated_03/simulated_03_gt_00005.png gt_outputs/simulated_03/simulated_03_gt_00010.png gt_outputs/simulated_03/simulated_03_gt_00015.png gt_outputs/simulated_03/simulated_03_gt_00020.png gt_outputs/simulated_03/simulated_03_gt_00025.png gt_outputs/simulated_03/simulated_03_gt_00030.png gt_outputs/simulated_03/simulated_03_gt_00035.png
179,msi_inputs/simulated_03/simulated_03_frame_00006.tif msi_inputs/simulated_03/simulated_03_frame_00031.tif msi_inputs/simulated_03/simulated_03_frame_00056.tif msi_inputs/simulated_03/simulated_03_frame_00081.tif msi_inputs/simulated_03/simulated_03_frame_00106.tif msi_inputs/simulated_03/simulated_03_frame_00131.tif msi_inputs/simulated_03/simulated_03_frame_00156.tif msi_inputs/simulated_03/simulated_03_frame_00181.tif,gt_outputs/simulated_03/simulated_03_gt_00006.png gt_outputs/simulated_03/simulated_03_gt_00031.png gt_outputs/simulated_03/simulated_03_gt_00056.png gt_outputs/simulated_03/simulated_03_gt_00081.png gt_outputs/simulated_03/simulated_03_gt_00106.png gt_outputs/simulated_03/simulated_03_gt_00131.png gt_outputs/simulated_03/simulated_03_gt_00156.png gt_outputs/simulated_03/simulated_03_gt_00181.png
180,msi_inputs/simulated_03/simulated_03_frame_00123.tif msi_inputs/simulated_03/simulated_03_frame_00128.tif msi_inputs/simulated_03/simulated_03_frame_00133.tif msi_inputs/simulated_03/simulated_03_frame_00138.tif msi_inputs/simulated_03/simulated_03_frame_00143.tif msi_inputs/simulated_03/simulated_03_frame_00148.tif msi_inputs/simulated_03/simulated_03_frame_00153.tif msi_inputs/simulated_03/simulated_03_frame_00158.tif,gt_outputs/simulated_03/simulated_03_gt_00123.png gt_outputs/simulated_03/simulated_03_gt_00128.png gt_outputs/simulated_03/simulated_03_gt_00133.png gt_outputs/simulated_03/simulated_03_gt_00138.png gt_outputs/simulated_03/simulated_03_gt_00143.png gt_outputs/simulated_03/simulated_03_gt_00148.png gt_outputs/simulated_03/simulated_03_gt_00153.png gt_outputs/simulated_03/simulated_03_gt_00158.png
181,msi_inputs/simulated_03/simulated_03_frame_00120.tif msi_inputs/simulated_03/simulated_03_frame_00121.tif msi_inputs/simulated_03/simulated_03_frame_00122.tif msi_inputs/simulated_03/simulated_03_frame_00123.tif msi_inputs/simulated_03/simulated_03_frame_00124.tif msi_inputs/simulated_03/simulated_03_frame_00125.tif msi_inputs/simulated_03/simulated_03_frame_00126.tif msi_inputs/simulated_03/simulated_03_frame_00127.tif,gt_outputs/simulated_03/simulated_03_gt_00120.png gt_outputs/simulated_03/simulated_03_gt_00121.png gt_outputs/simulated_03/simulated_03_gt_00122.png gt_outputs/simulated_03/simulated_03_gt_00123.png gt_outputs/simulated_03/simulated_03_gt_00124.png gt_outputs/simulated_03/simulated_03_gt_00125.png gt_outputs/simulated_03/simulated_03_gt_00126.png gt_outputs/simulated_03/simulated_03_gt_00127.png
182,msi_inputs/simulated_03/simulated_03_frame_00082.tif msi_inputs/simulated_03/simulated_03_frame_00087.tif msi_inputs/simulated_03/simulated_03_frame_00092.tif msi_inputs/simulated_03/simulated_03_frame_00097.tif msi_inputs/simulated_03/simulated_03_frame_00102.tif msi_inputs/simulated_03/simulated_03_frame_00107.tif msi_inputs/simulated_03/simulated_03_frame_00112.tif msi_inputs/simulated_03/simulated_03_frame_00117.tif,gt_outputs/simulated_03/simulated_03_gt_00082.png gt_outputs/simulated_03/simulated_03_gt_00087.png gt_outputs/simulated_03/simulated_03_gt_00092.png gt_outputs/simulated_03/simulated_03_gt_00097.png gt_outputs/simulated_03/simulated_03_gt_00102.png gt_outputs/simulated_03/simulated_03_gt_00107.png gt_outputs/simulated_03/simulated_03_gt_00112.png gt_outputs/simulated_03/simulated_03_gt_00117.png
183,msi_inputs/simulated_03/simulated_03_frame_00008.tif msi_inputs/simulated_03/simulated_03_frame_00009.tif msi_inputs/simulated_03/simulated_03_frame_00010.tif msi_inputs/simulated_03/simulated_03_frame_00011.tif msi_inputs/simulated_03/simulated_03_frame_00012.tif msi_inputs/simulated_03/simulated_03_frame_00013.tif msi_inputs/simulated_03/simulated_03_frame_00014.tif msi_inputs/simulated_03/simulated_03_frame_00015.tif,gt_outputs/simulated_03/simulated_03_gt_00008.png gt_outputs/simulated_03/simulated_03_gt_00009.png gt_outputs/simulated_03/simulated_03_gt_00010.png gt_outputs/simulated_03/simulated_03_gt_00011.png gt_outputs/simulated_03/simulated_03_gt_00012.png gt_outputs/simulated_03/simulated_03_gt_00013.png gt_outputs/simulated_03/simulated_03_gt_00014.png gt_outputs/simulated_03/simulated_03_gt_00015.png
184,msi_inputs/simulated_03/simulated_03_frame_00176.tif msi_inputs/simulated_03/simulated_03_frame_00177.tif msi_inputs/simulated_03/simulated_03_frame_00178.tif msi_inputs/simulated_03/simulated_03_frame_00179.tif msi_inputs/simulated_03/simulated_03_frame_00180.tif msi_inputs/simulated_03/simulated_03_frame_00181.tif msi_inputs/simulated_03/simulated_03_frame_00182.tif msi_inputs/simulated_03/simulated_03_frame_00183.tif,gt_outputs/simulated_03/simulated_03_gt_00176.png gt_outputs/simulated_03/simulated_03_gt_00177.png gt_outputs/simulated_03/simulated_03_gt_00178.png gt_outputs/simulated_03/simulated_03_gt_00179.png gt_outputs/simulated_03/simulated_03_gt_00180.png gt_outputs/simulated_03/simulated_03_gt_00181.png gt_outputs/simulated_03/simulated_03_gt_00182.png gt_outputs/simulated_03/simulated_03_gt_00183.png
185,msi_inputs/simulated_03/simulated_03_frame_00144.tif msi_inputs/simulated_03/simulated_03_frame_00145.tif msi_inputs/simulated_03/simulated_03_frame_00146.tif msi_inputs/simulated_03/simulated_03_frame_00147.tif msi_inputs/simulated_03/simulated_03_frame_00148.tif msi_inputs/simulated_03/simulated_03_frame_00149.tif msi_inputs/simulated_03/simulated_03_frame_00150.tif msi_inputs/simulated_03/simulated_03_frame_00151.tif,gt_outputs/simulated_03/simulated_03_gt_00144.png gt_outputs/simulated_03/simulated_03_gt_00145.png gt_outputs/simulated_03/simulated_03_gt_00146.png gt_outputs/simulated_03/simulated_03_gt_00147.png gt_outputs/simulated_03/simulated_03_gt_00148.png gt_outputs/simulated_03/simulated_03_gt_00149.png gt_outputs/simulated_03/simulated_03_gt_00150.png gt_outputs/simulated_03/simulated_03_gt_00151.png
186,msi_inputs/simulated_03/simulated_03_frame_00124.tif msi_inputs/simulated_03/simulated_03_frame_00129.tif msi_inputs/simulated_03/simulated_03_frame_00134.tif msi_inputs/simulated_03/simulated_03_frame_00139.tif msi_inputs/simulated_03/simulated_03_frame_00144.tif msi_inputs/simulated_03/simulated_03_frame_00149.tif msi_inputs/simulated_03/simulated_03_frame_00154.tif msi_inputs/simulated_03/simulated_03_frame_00159.tif,gt_outputs/simulated_03/simulated_03_gt_00124.png gt_outputs/simulated_03/simulated_03_gt_00129.png gt_outputs/simulated_03/simulated_03_gt_00134.png gt_outputs/simulated_03/simulated_03_gt_00139.png gt_outputs/simulated_03/simulated_03_gt_00144.png gt_outputs/simulated_03/simulated_03_gt_00149.png gt_outputs/simulated_03/simulated_03_gt_00154.png gt_outputs/simulated_03/simulated_03_gt_00159.png
187,msi_inputs/simulated_03/simulated_03_frame_00000.tif msi_inputs/simulated_03/simulated_03_frame_00001.tif msi_inputs/simulated_03/simulated_03_frame_00002.tif msi_inputs/simulated_03/simulated_03_frame_00003.tif msi_inputs/simulated_03/simulated_03_frame_00004.tif msi_inputs/simulated_03/simulated_03_frame_00005.tif msi_inputs/simulated_03/simulated_03_frame_00006.tif msi_inputs/simulated_03/simulated_03_frame_00007.tif,gt_outputs/simulated_03/simulated_03_gt_00000.png gt_outputs/simulated_03/simulated_03_gt_00001.png gt_outputs/simulated_03/simulated_03_gt_00002.png gt_outputs/simulated_03/simulated_03_gt_00003.png gt_outputs/simulated_03/simulated_03_gt_00004.png gt_outputs/simulated_03/simulated_03_gt_00005.png gt_outputs/simulated_03/simulated_03_gt_00006.png gt_outputs/simulated_03/simulated_03_gt_00007.png
188,msi_inputs/simulated_03/simulated_03_frame_00161.tif msi_inputs/simulated_03/simulated_03_frame_00166.tif msi_inputs/simulated_03/simulated_03_frame_00171.tif msi_inputs/simulated_03/simulated_03_frame_00176.tif msi_inputs/simulated_03/simulated_03_frame_00181.tif msi_inputs/simulated_03/simulated_03_frame_00186.tif msi_inputs/simulated_03/simulated_03_frame_00191.tif msi_inputs/simulated_03/simulated_03_frame_00196.tif,gt_outputs/simulated_03/simulated_03_gt_00161.png gt_outputs/simulated_03/simulated_03_gt_00166.png gt_outputs/simulated_03/simulated_03_gt_00171.png gt_outputs/simulated_03/simulated_03_gt_00176.png gt_outputs/simulated_03/simulated_03_gt_00181.png gt_outputs/simulated_03/simulated_03_gt_00186.png gt_outputs/simulated_03/simulated_03_gt_00191.png gt_outputs/simulated_03/simulated_03_gt_00196.png
189,msi_inputs/simulated_03/simulated_03_frame_00136.tif msi_inputs/simulated_03/simulated_03_frame_00137.tif msi_inputs/simulated_03/simulated_03_frame_00138.tif msi_inputs/simulated_03/simulated_03_frame_00139.tif msi_inputs/simulated_03/simulated_03_frame_00140.tif msi_inputs/simulated_03/simulated_03_frame_00141.tif msi_inputs/simulated_03/simulated_03_frame_00142.tif msi_inputs/simulated_03/simulated_03_frame_00143.tif,gt_outputs/simulated_03/simulated_03_gt_00136.png gt_outputs/simulated_03/simulated_03_gt_00137.png gt_outputs/simulated_03/simulated_03_gt_00138.png gt_outputs/simulated_03/simulated_03_gt_00139.png gt_outputs/simulated_03/simulated_03_gt_00140.png gt_outputs/simulated_03/simulated_03_gt_00141.png gt_outputs/simulated_03/simulated_03_gt_00142.png gt_outputs/simulated_03/simulated_03_gt_00143.png
190,msi_inputs/simulated_03/simulated_03_frame_00007.tif msi_inputs/simulated_03/simulated_03_frame_00017.tif msi_inputs/simulated_03/simulated_03_frame_00027.tif msi_inputs/simulated_03/simulated_03_frame_00037.tif msi_inputs/simulated_03/simulated_03_frame_00047.tif msi_inputs/simulated_03/simulated_03_frame_00057.tif msi_inputs/simulated_03/simulated_03_frame_00067.tif msi_inputs/simulated_03/simulated_03_frame_00077.tif,gt_outputs/simulated_03/simulated_03_gt_00007.png gt_outputs/simulated_03/simulated_03_gt_00017.png gt_outputs/simulated_03/simulated_03_gt_00027.png gt_outputs/simulated_03/simulated_03_gt_00037.png gt_outputs/simulated_03/simulated_03_gt_00047.png gt_outputs/simulated_03/simulated_03_gt_00057.png gt_outputs/simulated_03/simulated_03_gt_00067.png gt_outputs/simulated_03/simulated_03_gt_00077.png
191,msi_inputs/simulated_03/simulated_03_frame_00082.tif msi_inputs/simulated_03/simulated_03_frame_00092.tif msi_inputs/simulated_03/simulated_03_frame_00102.tif msi_inputs/simulated_03/simulated_03_frame_00112.tif msi_inputs/simulated_03/simulated_03_frame_00122.tif msi_inputs/simulated_03/simulated_03_frame_00132.tif msi_inputs/simulated_03/simulated_03_frame_00142.tif msi_inputs/simulated_03/simulated_03_frame_00152.tif,gt_outputs/simulated_03/simulated_03_gt_00082.png gt_outputs/simulated_03/simulated_03_gt_00092.png gt_outputs/simulated_03/simulated_03_gt_00102.png gt_outputs/simulated_03/simulated_03_gt_00112.png gt_outputs/simulated_03/simulated_03_gt_00122.png gt_outputs/simulated_03/simulated_03_gt_00132.png gt_outputs/simulated_03/simulated_03_gt_00142.png gt_outputs/simulated_03/simulated_03_gt_00152.png
192,msi_inputs/simulated_03/simulated_03_frame_00192.tif msi_inputs/simulated_03/simulated_03_frame_00193.tif msi_inputs/simulated_03/simulated_03_frame_00194.tif msi_inputs/simulated_03/simulated_03_frame_00195.tif msi_inputs/simulated_03/simulated_03_frame_00196.tif msi_inputs/simulated_03/simulated_03_frame_00197.tif msi_inputs/simulated_03/simulated_03_frame_00198.tif msi_inputs/simulated_03/simulated_03_frame_00199.tif,gt_outputs/simulated_03/simulated_03_gt_00192.png gt_outputs/simulated_03/simulated_03_gt_00193.png gt_outputs/simulated_03/simulated_03_gt_00194.png gt_outputs/simulated_03/simulated_03_gt_00195.png gt_outputs/simulated_03/simulated_03_gt_00196.png gt_outputs/simulated_03/simulated_03_gt_00197.png gt_outputs/simulated_03/simulated_03_gt_00198.png gt_outputs/simulated_03/simulated_03_gt_00199.png
193,msi_inputs/simulated_03/simulated_03_frame_00032.tif msi_inputs/simulated_03/simulated_03_frame_00033.tif msi_inputs/simulated_03/simulated_03_frame_00034.tif msi_inputs/simulated_03/simulated_03_frame_00035.tif msi_inputs/simulated_03/simulated_03_frame_00036.tif msi_inputs/simulated_03/simulated_03_frame_00037.tif msi_inputs/simulated_03/simulated_03_frame_00038.tif msi_inputs/simulated_03/simulated_03_frame_00039.tif,gt_outputs/simulated_03/simulated_03_gt_00032.png gt_outputs/simulated_03/simulated_03_gt_00033.png gt_outputs/simulated_03/simulated_03_gt_00034.png gt_outputs/simulated_03/simulated_03_gt_00035.png gt_outputs/simulated_03/simulated_03_gt_00036.png gt_outputs/simulated_03/simulated_03_gt_00037.png gt_outputs/simulated_03/simulated_03_gt_00038.png gt_outputs/simulated_03/simulated_03_gt_00039.png
194,msi_inputs/simulated_03/simulated_03_frame_00002.tif msi_inputs/simulated_03/simulated_03_frame_00012.tif msi_inputs/simulated_03/simulated_03_frame_00022.tif msi_inputs/simulated_03/simulated_03_frame_00032.tif msi_inputs/simulated_03/simulated_03_frame_00042.tif msi_inputs/simulated_03/simulated_03_frame_00052.tif msi_inputs/simulated_03/simulated_03_frame_00062.tif msi_inputs/simulated_03/simulated_03_frame_00072.tif,gt_outputs/simulated_03/simulated_03_gt_00002.png gt_outputs/simulated_03/simulated_03_gt_00012.png gt_outputs/simulated_03/simulated_03_gt_00022.png gt_outputs/simulated_03/simulated_03_gt_00032.png gt_outputs/simulated_03/simulated_03_gt_00042.png gt_outputs/simulated_03/simulated_03_gt_00052.png gt_outputs/simulated_03/simulated_03_gt_00062.png gt_outputs/simulated_03/simulated_03_gt_00072.png
195,msi_inputs/simulated_03/simulated_03_frame_00122.tif msi_inputs/simulated_03/simulated_03_frame_00127.tif msi_inputs/simulated_03/simulated_03_frame_00132.tif msi_inputs/simulated_03/simulated_03_frame_00137.tif msi_inputs/simulated_03/simulated_03_frame_00142.tif msi_inputs/simulated_03/simulated_03_frame_00147.tif msi_inputs/simulated_03/simulated_03_frame_00152.tif msi_inputs/simulated_03/simulated_03_frame_00157.tif,gt_outputs/simulated_03/simulated_03_gt_00122.png gt_outputs/simulated_03/simulated_03_gt_00127.png gt_outputs/simulated_03/simulated_03_gt_00132.png gt_outputs/simulated_03/simulated_03_gt_00137.png gt_outputs/simulated_03/simulated_03_gt_00142.png gt_outputs/simulated_03/simulated_03_gt_00147.png gt_outputs/simulated_03/simulated_03_gt_00152.png gt_outputs/simulated_03/simulated_03_gt_00157.png
196,msi_inputs/simulated_03/simulated_03_frame_00021.tif msi_inputs/simulated_03/simulated_03_frame_00046.tif msi_inputs/simulated_03/simulated_03_frame_00071.tif msi_inputs/simulated_03/simulated_03_frame_00096.tif msi_inputs/simulated_03/simulated_03_frame_00121.tif msi_inputs/simulated_03/simulated_03_frame_00146.tif msi_inputs/simulated_03/simulated_03_frame_00171.tif msi_inputs/simulated_03/simulated_03_frame_00196.tif,gt_outputs/simulated_03/simulated_03_gt_00021.png gt_outputs/simulated_03/simulated_03_gt_00046.png gt_outputs/simulated_03/simulated_03_gt_00071.png gt_outputs/simulated_03/simulated_03_gt_00096.png gt_outputs/simulated_03/simulated_03_gt_00121.png gt_outputs/simulated_03/simulated_03_gt_00146.png gt_outputs/simulated_03/simulated_03_gt_00171.png gt_outputs/simulated_03/simulated_03_gt_00196.png
197,msi_inputs/simulated_03/simulated_03_frame_00024.tif msi_inputs/simulated_03/simulated_03_frame_00049.tif msi_inputs/simulated_03/simulated_03_frame_00074.tif msi_inputs/simulated_03/simulated_03_frame_00099.tif msi_inputs/simulated_03/simulated_03_frame_00124.tif msi_inputs/simulated_03/simulated_03_frame_00149.tif msi_inputs/simulated_03/simulated_03_frame_00174.tif msi_inputs/simulated_03/simulated_03_frame_00199.tif,gt_outputs/simulated_03/simulated_03_gt_00024.png gt_outputs/simulated_03/simulated_03_gt_00049.png gt_outputs/simulated_03/simulated_03_gt_00074.png gt_outputs/simulated_03/simulated_03_gt_00099.png gt_outputs/simulated_03/simulated_03_gt_00124.png gt_outputs/simulated_03/simulated_03_gt_00149.png gt_outputs/simulated_03/simulated_03_gt_00174.png gt_outputs/simulated_03/simulated_03_gt_00199.png
198,msi_inputs/simulated_04/simulated_04_frame_00004.tif msi_inputs/simulated_04/simulated_04_frame_00009.tif msi_inputs/simulated_04/simulated_04_frame_00014.tif msi_inputs/simulated_04/simulated_04_frame_00019.tif msi_inputs/simulated_04/simulated_04_frame_00024.tif msi_inputs/simulated_04/simulated_04_frame_00029.tif msi_inputs/simulated_04/simulated_04_frame_00034.tif msi_inputs/simulated_04/simulated_04_frame_00039.tif,gt_outputs/simulated_04/simulated_04_gt_00004.png gt_outputs/simulated_04/simulated_04_gt_00009.png gt_outputs/simulated_04/simulated_04_gt_00014.png gt_outputs/simulated_04/simulated_04_gt_00019.png gt_outputs/simulated_04/simulated_04_gt_00024.png gt_outputs/simulated_04/simulated_04_gt_00029.png gt_outputs/simulated_04/simulated_04_gt_00034.png gt_outputs/simulated_04/simulated_04_gt_00039.png
199,msi_inputs/simulated_04/simulated_04_frame_00080.tif msi_inputs/simulated_04/simulated_04_frame_00090.tif msi_inputs/simulated_04/simulated_04_frame_00100.tif msi_inputs/simulated_04/simulated_04_frame_00110.tif msi_inputs/simulated_04/simulated_04_frame_00120.tif msi_inputs/simulated_04/simulated_04_frame_00130.tif msi_inputs/simulated_04/simulated_04_frame_00140.tif msi_inputs/simulated_04/simulated_04_frame_00150.tif,gt_outputs/simulated_04/simulated_04_gt_00080.png gt_outputs/simulated_04/simulated_04_gt_00090.png gt_outputs/simulated_04/simulated_04_gt_00100.png gt_outputs/simulated_04/simulated_04_gt_00110.png gt_outputs/simulated_04/simulated_04_gt_00120.png gt_outputs/simulated_04/simulated_04_gt_00130.png gt_outputs/simulated_04/simulated_04_gt_00140.png gt_outputs/simulated_04/simulated_04_gt_00150.png
200,msi_inputs/simulated_04/simulated_04_frame_00005.tif msi_inputs/simulated_04/simulated_04_frame_00015.tif msi_inputs/simulated_04/simulated_04_frame_00025.tif msi_inputs/simulated_04/simulated_04_frame_00035.tif msi_inputs/simulated_04/simulated_04_frame_00045.tif msi_inputs/simulated_04/simulated_04_frame_00055.tif msi_inputs/simulated_04/simulated_04_frame_00065.tif msi_inputs/simulated_04/simulated_04_frame_00075.tif,gt_outputs/simulated_04/simulated_04_gt_00005.png gt_outputs/simulated_04/simulated_04_gt_00015.png gt_outputs/simulated_04/simulated_04_gt_00025.png gt_outputs/simulated_04/simulated_04_gt_00035.png gt_outputs/simulated_04/simulated_04_gt_00045.png gt_outputs/simulated_04/simulated_04_gt_00055.png gt_outputs/simulated_04/simulated_04_gt_00065.png gt_outputs/simulated_04/simulated_04_gt_00075.png
201,msi_inputs/simulated_04/simulated_04_frame_00123.tif msi_inputs/simulated_04/simulated_04_frame_00128.tif msi_inputs/simulated_04/simulated_04_frame_00133.tif msi_inputs/simulated_04/simulated_04_frame_00138.tif msi_inputs/simulated_04/simulated_04_frame_00143.tif msi_inputs/simulated_04/simulated_04_frame_00148.tif msi_inputs/simulated_04/simulated_04_frame_00153.tif msi_inputs/simulated_04/simulated_04_frame_00158.tif,gt_outputs/simulated_04/simulated_04_gt_00123.png gt_outputs/simulated_04/simulated_04_gt_00128.png gt_outputs/simulated_04/simulated_04_gt_00133.png gt_outputs/simulated_04/simulated_04_gt_00138.png gt_outputs/simulated_04/simulated_04_gt_00143.png gt_outputs/simulated_04/simulated_04_gt_00148.png gt_outputs/simulated_04/simulated_04_gt_00153.png gt_outputs/simulated_04/simulated_04_gt_00158.png
202,msi_inputs/simulated_04/simulated_04_frame_00081.tif msi_inputs/simulated_04/simulated_04_frame_00086.tif msi_inputs/simulated_04/simulated_04_frame_00091.tif msi_inputs/simulated_04/simulated_04_frame_00096.tif msi_inputs/simulated_04/simulated_04_frame_00101.tif msi_inputs/simulated_04/simulated_04_frame_00106.tif msi_inputs/simulated_04/simulated_04_frame_00111.tif msi_inputs/simulated_04/simulated_04_frame_00116.tif,gt_outputs/simulated_04/simulated_04_gt_00081.png gt_outputs/simulated_04/simulated_04_gt_00086.png gt_outputs/simulated_04/simulated_04_gt_00091.png gt_outputs/simulated_04/simulated_04_gt_00096.png gt_outputs/simulated_04/simulated_04_gt_00101.png gt_outputs/simulated_04/simulated_04_gt_00106.png gt_outputs/simulated_04/simulated_04_gt_00111.png gt_outputs/simulated_04/simulated_04_gt_00116.png
203,msi_inputs/simulated_04/simulated_04_frame_00002.tif msi_inputs/simulated_04/simulated_04_frame_00012.tif msi_inputs/simulated_04/simulated_04_frame_00022.tif msi_inputs/simulated_04/simulated_04_frame_00032.tif msi_inputs/simulated_04/simulated_04_frame_00042.tif msi_inputs/simulated_04/simulated_04_frame_00052.tif msi_inputs/simulated_04/simulated_04_frame_00062.tif msi_inputs/simulated_04/simulated_04_frame_00072.tif,gt_outputs/simulated_04/simulated_04_gt_00002.png gt_outputs/simulated_04/simulated_04_gt_00012.png gt_outputs/simulated_04/simulated_04_gt_00022.png gt_outputs/simulated_04/simulated_04_gt_00032.png gt_outputs/simulated_04/simulated_04_gt_00042.png gt_outputs/simulated_04/simulated_04_gt_00052.png gt_outputs/simulated_04/simulated_04_gt_00062.png gt_outputs/simulated_04/simulated_04_gt_00072.png
204,msi_inputs/simulated_04/simulated_04_frame_00083.tif msi_inputs/simulated_04/simulated_04_frame_00088.tif msi_inputs/simulated_04/simulated_04_frame_00093.tif msi_inputs/simulated_04/simulated_04_frame_00098.tif msi_inputs/simulated_04/simulated_04_frame_00103.tif msi_inputs/simulated_04/simulated_04_frame_00108.tif msi_inputs/simulated_04/simulated_04_frame_00113.tif msi_inputs/simulated_04/simulated_04_frame_00118.tif,gt_outputs/simulated_04/simulated_04_gt_00083.png gt_outputs/simulated_04/simulated_04_gt_00088.png gt_outputs/simulated_04/simulated_04_gt_00093.png gt_outputs/simulated_04/simulated_04_gt_00098.png gt_outputs/simulated_04/simulated_04_gt_00103.png gt_outputs/simulated_04/simulated_04_gt_00108.png gt_outputs/simulated_04/simulated_04_gt_00113.png gt_outputs/simulated_04/simulated_04_gt_00118.png
205,msi_inputs/simulated_04/simulated_04_frame_00017.tif msi_inputs/simulated_04/simulated_04_frame_00042.tif msi_inputs/simulated_04/simulated_04_frame_00067.tif msi_inputs/simulated_04/simulated_04_frame_00092.tif msi_inputs/simulated_04/simulated_04_frame_00117.tif msi_inputs/simulated_04/simulated_04_frame_00142.tif msi_inputs/simulated_04/simulated_04_frame_00167.tif msi_inputs/simulated_04/simulated_04_frame_00192.tif,gt_outputs/simulated_04/simulated_04_gt_00017.png gt_outputs/simulated_04/simulated_04_gt_00042.png gt_outputs/simulated_04/simulated_04_gt_00067.png gt_outputs/simulated_04/simulated_04_gt_00092.png gt_outputs/simulated_04/simulated_04_gt_00117.png gt_outputs/simulated_04/simulated_04_gt_00142.png gt_outputs/simulated_04/simulated_04_gt_00167.png gt_outputs/simulated_04/simulated_04_gt_00192.png
206,msi_inputs/simulated_04/simulated_04_frame_00164.tif msi_inputs/simulated_04/simulated_04_frame_00169.tif msi_inputs/simulated_04/simulated_04_frame_00174.tif msi_inputs/simulated_04/simulated_04_frame_00179.tif msi_inputs/simulated_04/simulated_04_frame_00184.tif msi_inputs/simulated_04/simulated_04_frame_00189.tif msi_inputs/simulated_04/simulated_04_frame_00194.tif msi_inputs/simulated_04/simulated_04_frame_00199.tif,gt_outputs/simulated_04/simulated_04_gt_00164.png gt_outputs/simulated_04/simulated_04_gt_00169.png gt_outputs/simulated_04/simulated_04_gt_00174.png gt_outputs/simulated_04/simulated_04_gt_00179.png gt_outputs/simulated_04/simulated_04_gt_00184.png gt_outputs/simulated_04/simulated_04_gt_00189.png gt_outputs/simulated_04/simulated_04_gt_00194.png gt_outputs/simulated_04/simulated_04_gt_00199.png
207,msi_inputs/simulated_04/simulated_04_frame_00001.tif msi_inputs/simulated_04/simulated_04_frame_00011.tif msi_inputs/simulated_04/simulated_04_frame_00021.tif msi_inputs/simulated_04/simulated_04_frame_00031.tif msi_inputs/simulated_04/simulated_04_frame_00041.tif msi_inputs/simulated_04/simulated_04_frame_00051.tif msi_inputs/simulated_04/simulated_04_frame_00061.tif msi_inputs/simulated_04/simulated_04_frame_00071.tif,gt_outputs/simulated_04/simulated_04_gt_00001.png gt_outputs/simulated_04/simulated_04_gt_00011.png gt_outputs/simulated_04/simulated_04_gt_00021.png gt_outputs/simulated_04/simulated_04_gt_00031.png gt_outputs/simulated_04/simulated_04_gt_00041.png gt_outputs/simulated_04/simulated_04_gt_00051.png gt_outputs/simulated_04/simulated_04_gt_00061.png gt_outputs/simulated_04/simulated_04_gt_00071.png
208,msi_inputs/simulated_04/simulated_04_frame_00128.tif msi_inputs/simulated_04/simulated_04_frame_00129.tif msi_inputs/simulated_04/simulated_04_frame_00130.tif msi_inputs/simulated_04/simulated_04_frame_00131.tif msi_inputs/simulated_04/simulated_04_frame_00132.tif msi_inputs/simulated_04/simulated_04_frame_00133.tif msi_inputs/simulated_04/simulated_04_frame_00134.tif msi_inputs/simulated_04/simulated_04_frame_00135.tif,gt_outputs/simulated_04/simulated_04_gt_00128.png gt_outputs/simulated_04/simulated_04_gt_00129.png gt_outputs/simulated_04/simulated_04_gt_00130.png gt_outputs/simulated_04/simulated_04_gt_00131.png gt_outputs/simulated_04/simulated_04_gt_00132.png gt_outputs/simulated_04/simulated_04_gt_00133.png gt_outputs/simulated_04/simulated_04_gt_00134.png gt_outputs/simulated_04/simulated_04_gt_00135.png
209,msi_inputs/simulated_04/simulated_04_frame_00184.tif msi_inputs/simulated_04/simulated_04_frame_00185.tif msi_inputs/simulated_04/simulated_04_frame_00186.tif msi_inputs/simulated_04/simulated_04_frame_00187.tif msi_inputs/simulated_04/simulated_04_frame_00188.tif msi_inputs/simulated_04/simulated_04_frame_00189.tif msi_inputs/simulated_04/simulated_04_frame_00190.tif msi_inputs/simulated_04/simulated_04_frame_00191.tif,gt_outputs/simulated_04/simulated_04_gt_00184.png gt_outputs/simulated_04/simulated_04_gt_00185.png gt_outputs/simulated_04/simulated_04_gt_00186.png gt_outputs/simulated_04/simulated_04_gt_00187.png gt_outputs/simulated_04/simulated_04_gt_00188.png gt_outputs/simulated_04/simulated_04_gt_00189.png gt_outputs/simulated_04/simulated_04_gt_00190.png gt_outputs/simulated_04/simulated_04_gt_00191.png
210,msi_inputs/simulated_04/simulated_04_frame_00152.tif msi_inputs/simulated_04/simulated_04_frame_00153.tif msi_inputs/simulated_04/simulated_04_frame_00154.tif msi_inputs/simulated_04/simulated_04_frame_00155.tif msi_inputs/simulated_04/simulated_04_frame_00156.tif msi_inputs/simulated_04/simulated_04_frame_00157.tif msi_inputs/simulated_04/simulated_04_frame_00158.tif msi_inputs/simulated_04/simulated_04_frame_00159.tif,gt_outputs/simulated_04/simulated_04_gt_00152.png gt_outputs/simulated_04/simulated_04_gt_00153.png gt_outputs/simulated_04/simulated_04_gt_00154.png gt_outputs/simulated_04/simulated_04_gt_00155.png gt_outputs/simulated_04/simulated_04_gt_00156.png gt_outputs/simulated_04/simulated_04_gt_00157.png gt_outputs/simulated_04/simulated_04_gt_00158.png gt_outputs/simulated_04/simulated_04_gt_00159.png
211,msi_inputs/simulated_04/simulated_04_frame_00104.tif msi_inputs/simulated_04/simulated_04_frame_00105.tif msi_inputs/simulated_04/simulated_04_frame_00106.tif msi_inputs/simulated_04/simulated_04_frame_00107.tif msi_inputs/simulated_04/simulated_04_frame_00108.tif msi_inputs/simulated_04/simulated_04_frame_00109.tif msi_inputs/simulated_04/simulated_04_frame_00110.tif msi_inputs/simulated_04/simulated_04_frame_00111.tif,gt_outputs/simulated_04/simulated_04_gt_00104.png gt_outputs/simulated_04/simulated_04_gt_00105.png gt_outputs/simulated_04/simulated_04_gt_00106.png gt_outputs/simulated_04/simulated_04_gt_00107.png gt_outputs/simulated_04/simulated_04_gt_00108.png gt_outputs/simulated_04/simulated_04_gt_00109.png gt_outputs/simulated_04/simulated_04_gt_00110.png gt_outputs/simulated_04/simulated_04_gt_00111.png
212,msi_inputs/simulated_04/simulated_04_frame_00168.tif msi_inputs/simulated_04/simulated_04_frame_00169.tif msi_inputs/simulated_04/simulated_04_frame_00170.tif msi_inputs/simulated_04/simulated_04_frame_00171.tif msi_inputs/simulated_04/simulated_04_frame_00172.tif msi_inputs/simulated_04/simulated_04_frame_00173.tif msi_inputs/simulated_04/simulated_04_frame_00174.tif msi_inputs/simulated_04/simulated_04_frame_00175.tif,gt_outputs/simulated_04/simulated_04_gt_00168.png gt_outputs/simulated_04/simulated_04_gt_00169.png gt_outputs/simulated_04/simulated_04_gt_00170.png gt_outputs/simulated_04/simulated_04_gt_00171.png gt_outputs/simulated_04/simulated_04_gt_00172.png gt_outputs/simulated_04/simulated_04_gt_00173.png gt_outputs/simulated_04/simulated_04_gt_00174.png gt_outputs/simulated_04/simulated_04_gt_00175.png
213,msi_inputs/simulated_04/simulated_04_frame_00006.tif msi_inputs/simulated_04/simulated_04_frame_00031.tif msi_inputs/simulated_04/simulated_04_frame_00056.tif msi_inputs/simulated_04/simulated_04_frame_00081.tif msi_inputs/simulated_04/simulated_04_frame_00106.tif msi_inputs/simulated_04/simulated_04_frame_00131.tif msi_inputs/simulated_04/simulated_04_frame_00156.tif msi_inputs/simulated_04/simulated_04_frame_00181.tif,gt_outputs/simulated_04/simulated_04_gt_00006.png gt_outputs/simulated_04/simulated_04_gt_00031.png gt_outputs/simulated_04/simulated_04_gt_00056.png gt_outputs/simulated_04/simulated_04_gt_00081.png gt_outputs/simulated_04/simulated_04_gt_00106.png gt_outputs/simulated_04/simulated_04_gt_00131.png gt_outputs/simulated_04/simulated_04_gt_00156.png gt_outputs/simulated_04/simulated_04_gt_00181.png
214,msi_inputs/simulated_04/simulated_04_frame_00010.tif msi_inputs/simulated_04/simulated_04_frame_00035.tif msi_inputs/simulated_04/simulated_04_frame_00060.tif msi_inputs/simulated_04/simulated_04_frame_00085.tif msi_inputs/simulated_04/simulated_04_frame_00110.tif msi_inputs/simulated_04/simulated_04_frame_00135.tif msi_inputs/simulated_04/simulated_04_frame_00160.tif msi_inputs/simulated_04/simulated_04_frame_00185.tif,gt_outputs/simulated_04/simulated_04_gt_00010.png gt_outputs/simulated_04/simulated_04_gt_00035.png gt_outputs/simulated_04/simulated_04_gt_00060.png gt_outputs/simulated_04/simulated_04_gt_00085.png gt_outputs/simulated_04/simulated_04_gt_00110.png gt_outputs/simulated_04/simulated_04_gt_00135.png gt_outputs/simulated_04/simulated_04_gt_00160.png gt_outputs/simulated_04/simulated_04_gt_00185.png
215,msi_inputs/simulated_04/simulated_04_frame_00000.tif msi_inputs/simulated_04/simulated_04_frame_00010.tif msi_inputs/simulated_04/simulated_04_frame_00020.tif msi_inputs/simulated_04/simulated_04_frame_00030.tif msi_inputs/simulated_04/simulated_04_frame_00040.tif msi_inputs/simulated_04/simulated_04_frame_00050.tif msi_inputs/simulated_04/simulated_04_frame_00060.tif msi_inputs/simulated_04/simulated_04_frame_00070.tif,gt_outputs/simulated_04/simulated_04_gt_00000.png gt_outputs/simulated_04/simulated_04_gt_00010.png gt_outputs/simulated_04/simulated_04_gt_00020.png gt_outputs/simulated_04/simulated_04_gt_00030.png gt_outputs/simulated_04/simulated_04_gt_00040.png gt_outputs/simulated_04/simulated_04_gt_00050.png gt_outputs/simulated_04/simulated_04_gt_00060.png gt_outputs/simulated_04/simulated_04_gt_00070.png
216,msi_inputs/simulated_04/simulated_04_frame_00088.tif msi_inputs/simulated_04/simulated_04_frame_00089.tif msi_inputs/simulated_04/simulated_04_frame_00090.tif msi_inputs/simulated_04/simulated_04_frame_00091.tif msi_inputs/simulated_04/simulated_04_frame_00092.tif msi_inputs/simulated_04/simulated_04_frame_00093.tif msi_inputs/simulated_04/simulated_04_frame_00094.tif msi_inputs/simulated_04/simulated_04_frame_00095.tif,gt_outputs/simulated_04/simulated_04_gt_00088.png gt_outputs/simulated_04/simulated_04_gt_00089.png gt_outputs/simulated_04/simulated_04_gt_00090.png gt_outputs/simulated_04/simulated_04_gt_00091.png gt_outputs/simulated_04/simulated_04_gt_00092.png gt_outputs/simulated_04/simulated_04_gt_00093.png gt_outputs/simulated_04/simulated_04_gt_00094.png gt_outputs/simulated_04/simulated_04_gt_00095.png
217,msi_inputs/simulated_04/simulated_04_frame_00000.tif msi_inputs/simulated_04/simulated_04_frame_00001.tif msi_inputs/simulated_04/simulated_04_frame_00002.tif msi_inputs/simulated_04/simulated_04_frame_00003.tif msi_inputs/simulated_04/simulated_04_frame_00004.tif msi_inputs/simulated_04/simulated_04_frame_00005.tif msi_inputs/simulated_04/simulated_04_frame_00006.tif msi_inputs/simulated_04/simulated_04_frame_00007.tif,gt_outputs/simulated_04/simulated_04_gt_00000.png gt_outputs/simulated_04/simulated_04_gt_00001.png gt_outputs/simulated_04/simulated_04_gt_00002.png gt_outputs/simulated_04/simulated_04_gt_00003.png gt_outputs/simulated_04/simulated_04_gt_00004.png gt_outputs/simulated_04/simulated_04_gt_00005.png gt_outputs/simulated_04/simulated_04_gt_00006.png gt_outputs/simulated_04/simulated_04_gt_00007.png
218,msi_inputs/simulated_04/simulated_04_frame_00013.tif msi_inputs/simulated_04/simulated_04_frame_00038.tif msi_inputs/simulated_04/simulated_04_frame_00063.tif msi_inputs/simulated_04/simulated_04_frame_00088.tif msi_inputs/simulated_04/simulated_04_frame_00113.tif msi_inputs/simulated_04/simulated_04_frame_00138.tif msi_inputs/simulated_04/simulated_04_frame_00163.tif msi_inputs/simulated_04/simulated_04_frame_00188.tif,gt_outputs/simulated_04/simulated_04_gt_00013.png gt_outputs/simulated_04/simulated_04_gt_00038.png gt_outputs/simulated_04/simulated_04_gt_00063.png gt_outputs/simulated_04/simulated_04_gt_00088.png gt_outputs/simulated_04/simulated_04_gt_00113.png gt_outputs/simulated_04/simulated_04_gt_00138.png gt_outputs/simulated_04/simulated_04_gt_00163.png gt_outputs/simulated_04/simulated_04_gt_00188.png
219,msi_inputs/simulated_04/simulated_04_frame_00136.tif msi_inputs/simulated_04/simulated_04_frame_00137.tif msi_inputs/simulated_04/simulated_04_frame_00138.tif msi_inputs/simulated_04/simulated_04_frame_00139.tif msi_inputs/simulated_04/simulated_04_frame_00140.tif msi_inputs/simulated_04/simulated_04_frame_00141.tif msi_inputs/simulated_04/simulated_04_frame_00142.tif msi_inputs/simulated_04/simulated_04_frame_00143.tif,gt_outputs/simulated_04/simulated_04_gt_00136.png gt_outputs/simulated_04/simulated_04_gt_00137.png gt_outputs/simulated_04/simulated_04_gt_00138.png gt_outputs/simulated_04/simulated_04_gt_00139.png gt_outputs/simulated_04/simulated_04_gt_00140.png gt_outputs/simulated_04/simulated_04_gt_00141.png gt_outputs/simulated_04/simulated_04_gt_00142.png gt_outputs/simulated_04/simulated_04_gt_00143.png
220,msi_inputs/simulated_04/simulated_04_frame_00089.tif msi_inputs/simulated_04/simulated_04_frame_00099.tif msi_inputs/simulated_04/simulated_04_frame_00109.tif msi_inputs/simulated_04/simulated_04_frame_00119.tif msi_inputs/simulated_04/simulated_04_frame_00129.tif msi_inputs/simulated_04/simulated_04_frame_00139.tif msi_inputs/simulated_04/simulated_04_frame_00149.tif msi_inputs/simulated_04/simulated_04_frame_00159.tif,gt_outputs/simulated_04/simulated_04_gt_00089.png gt_outputs/simulated_04/simulated_04_gt_00099.png gt_outputs/simulated_04/simulated_04_gt_00109.png gt_outputs/simulated_04/simulated_04_gt_00119.png gt_outputs/simulated_04/simulated_04_gt_00129.png gt_outputs/simulated_04/simulated_04_gt_00139.png gt_outputs/simulated_04/simulated_04_gt_00149.png gt_outputs/simulated_04/simulated_04_gt_00159.png
221,msi_inputs/simulated_04/simulated_04_frame_00004.tif msi_inputs/simulated_04/simulated_04_frame_00014.tif msi_inputs/simulated_04/simulated_04_frame_00024.tif msi_inputs/simulated_04/simulated_04_frame_00034.tif msi_inputs/simulated_04/simulated_04_frame_00044.tif msi_inputs/simulated_04/simulated_04_frame_00054.tif msi_inputs/simulated_04/simulated_04_frame_00064.tif msi_inputs/simulated_04/simulated_04_frame_00074.tif,gt_outputs/simulated_04/simulated_04_gt_00004.png gt_outputs/simulated_04/simulated_04_gt_00014.png gt_outputs/simulated_04/simulated_04_gt_00024.png gt_outputs/simulated_04/simulated_04_gt_00034.png gt_outputs/simulated_04/simulated_04_gt_00044.png gt_outputs/simulated_04/simulated_04_gt_00054.png gt_outputs/simulated_04/simulated_04_gt_00064.png gt_outputs/simulated_04/simulated_04_gt_00074.png
222,msi_inputs/simulated_04/simulated_04_frame_00080.tif msi_inputs/simulated_04/simulated_04_frame_00081.tif msi_inputs/simulated_04/simulated_04_frame_00082.tif msi_inputs/simulated_04/simulated_04_frame_00083.tif msi_inputs/simulated_04/simulated_04_frame_00084.tif msi_inputs/simulated_04/simulated_04_frame_00085.tif msi_inputs/simulated_04/simulated_04_frame_00086.tif msi_inputs/simulated_04/simulated_04_frame_00087.tif,gt_outputs/simulated_04/simulated_04_gt_00080.png gt_outputs/simulated_04/simulated_04_gt_00081.png gt_outputs/simulated_04/simulated_04_gt_00082.png gt_outputs/simulated_04/simulated_04_gt_00083.png gt_outputs/simulated_04/simulated_04_gt_00084.png gt_outputs/simulated_04/simulated_04_gt_00085.png gt_outputs/simulated_04/simulated_04_gt_00086.png gt_outputs/simulated_04/simulated_04_gt_00087.png
223,msi_inputs/simulated_04/simulated_04_frame_00064.tif msi_inputs/simulated_04/simulated_04_frame_00065.tif msi_inputs/simulated_04/simulated_04_frame_00066.tif msi_inputs/simulated_04/simulated_04_frame_00067.tif msi_inputs/simulated_04/simulated_04_frame_00068.tif msi_inputs/simulated_04/simulated_04_frame_00069.tif msi_inputs/simulated_04/simulated_04_frame_00070.tif msi_inputs/simulated_04/simulated_04_frame_00071.tif,gt_outputs/simulated_04/simulated_04_gt_00064.png gt_outputs/simulated_04/simulated_04_gt_00065.png gt_outputs/simulated_04/simulated_04_gt_00066.png gt_outputs/simulated_04/simulated_04_gt_00067.png gt_outputs/simulated_04/simulated_04_gt_00068.png gt_outputs/simulated_04/simulated_04_gt_00069.png gt_outputs/simulated_04/simulated_04_gt_00070.png gt_outputs/simulated_04/simulated_04_gt_00071.png
224,msi_inputs/simulated_04/simulated_04_frame_00041.tif msi_inputs/simulated_04/simulated_04_frame_00046.tif msi_inputs/simulated_04/simulated_04_frame_00051.tif msi_inputs/simulated_04/simulated_04_frame_00056.tif msi_inputs/simulated_04/simulated_04_frame_00061.tif msi_inputs/simulated_04/simulated_04_frame_00066.tif msi_inputs/simulated_04/simulated_04_frame_00071.tif msi_inputs/simulated_04/simulated_04_frame_00076.tif,gt_outputs/simulated_04/simulated_04_gt_00041.png gt_outputs/simulated_04/simulated_04_gt_00046.png gt_outputs/simulated_04/simulated_04_gt_00051.png gt_outputs/simulated_04/simulated_04_gt_00056.png gt_outputs/simulated_04/simulated_04_gt_00061.png gt_outputs/simulated_04/simulated_04_gt_00066.png gt_outputs/simulated_04/simulated_04_gt_00071.png gt_outputs/simulated_04/simulated_04_gt_00076.png
225,msi_inputs/simulated_04/simulated_04_frame_00040.tif msi_inputs/simulated_04/simulated_04_frame_00045.tif msi_inputs/simulated_04/simulated_04_frame_00050.tif msi_inputs/simulated_04/simulated_04_frame_00055.tif msi_inputs/simulated_04/simulated_04_frame_00060.tif msi_inputs/simulated_04/simulated_04_frame_00065.tif msi_inputs/simulated_04/simulated_04_frame_00070.tif msi_inputs/simulated_04/simulated_04_frame_00075.tif,gt_outputs/simulated_04/simulated_04_gt_00040.png gt_outputs/simulated_04/simulated_04_gt_00045.png gt_outputs/simulated_04/simulated_04_gt_00050.png gt_outputs/simulated_04/simulated_04_gt_00055.png gt_outputs/simulated_04/simulated_04_gt_00060.png gt_outputs/simulated_04/simulated_04_gt_00065.png gt_outputs/simulated_04/simulated_04_gt_00070.png gt_outputs/simulated_04/simulated_04_gt_00075.png
226,msi_inputs/simulated_04/simulated_04_frame_00176.tif msi_inputs/simulated_04/simulated_04_frame_00177.tif msi_inputs/simulated_04/simulated_04_frame_00178.tif msi_inputs/simulated_04/simulated_04_frame_00179.tif msi_inputs/simulated_04/simulated_04_frame_00180.tif msi_inputs/simulated_04/simulated_04_frame_00181.tif msi_inputs/simulated_04/simulated_04_frame_00182.tif msi_inputs/simulated_04/simulated_04_frame_00183.tif,gt_outputs/simulated_04/simulated_04_gt_00176.png gt_outputs/simulated_04/simulated_04_gt_00177.png gt_outputs/simulated_04/simulated_04_gt_00178.png gt_outputs/simulated_04/simulated_04_gt_00179.png gt_outputs/simulated_04/simulated_04_gt_00180.png gt_outputs/simulated_04/simulated_04_gt_00181.png gt_outputs/simulated_04/simulated_04_gt_00182.png gt_outputs/simulated_04/simulated_04_gt_00183.png
227,msi_inputs/simulated_04/simulated_04_frame_00006.tif msi_inputs/simulated_04/simulated_04_frame_00016.tif msi_inputs/simulated_04/simulated_04_frame_00026.tif msi_inputs/simulated_04/simulated_04_frame_00036.tif msi_inputs/simulated_04/simulated_04_frame_00046.tif msi_inputs/simulated_04/simulated_04_frame_00056.tif msi_inputs/simulated_04/simulated_04_frame_00066.tif msi_inputs/simulated_04/simulated_04_frame_00076.tif,gt_outputs/simulated_04/simulated_04_gt_00006.png gt_outputs/simulated_04/simulated_04_gt_00016.png gt_outputs/simulated_04/simulated_04_gt_00026.png gt_outputs/simulated_04/simulated_04_gt_00036.png gt_outputs/simulated_04/simulated_04_gt_00046.png gt_outputs/simulated_04/simulated_04_gt_00056.png gt_outputs/simulated_04/simulated_04_gt_00066.png gt_outputs/simulated_04/simulated_04_gt_00076.png
228,msi_inputs/simulated_04/simulated_04_frame_00023.tif msi_inputs/simulated_04/simulated_04_frame_00048.tif msi_inputs/simulated_04/simulated_04_frame_00073.tif msi_inputs/simulated_04/simulated_04_frame_00098.tif msi_inputs/simulated_04/simulated_04_frame_00123.tif msi_inputs/simulated_04/simulated_04_frame_00148.tif msi_inputs/simulated_04/simulated_04_frame_00173.tif msi_inputs/simulated_04/simulated_04_frame_00198.tif,gt_outputs/simulated_04/simulated_04_gt_00023.png gt_outputs/simulated_04/simulated_04_gt_00048.png gt_outputs/simulated_04/simulated_04_gt_00073.png gt_outputs/simulated_04/simulated_04_gt_00098.png gt_outputs/simulated_04/simulated_04_gt_00123.png gt_outputs/simulated_04/simulated_04_gt_00148.png gt_outputs/simulated_04/simulated_04_gt_00173.png gt_outputs/simulated_04/simulated_04_gt_00198.png
229,msi_inputs/simulated_04/simulated_04_frame_00096.tif msi_inputs/simulated_04/simulated_04_frame_00097.tif msi_inputs/simulated_04/simulated_04_frame_00098.tif msi_inputs/simulated_04/simulated_04_frame_00099.tif msi_inputs/simulated_04/simulated_04_frame_00100.tif msi_inputs/simulated_04/simulated_04_frame_00101.tif msi_inputs/simulated_04/simulated_04_frame_00102.tif msi_inputs/simulated_04/simulated_04_frame_00103.tif,gt_outputs/simulated_04/simulated_04_gt_00096.png gt_outputs/simulated_04/simulated_04_gt_00097.png gt_outputs/simulated_04/simulated_04_gt_00098.png gt_outputs/simulated_04/simulated_04_gt_00099.png gt_outputs/simulated_04/simulated_04_gt_00100.png gt_outputs/simulated_04/simulated_04_gt_00101.png gt_outputs/simulated_04/simulated_04_gt_00102.png gt_outputs/simulated_04/simulated_04_gt_00103.png
230,msi_inputs/simulated_04/simulated_04_frame_00081.tif msi_inputs/simulated_04/simulated_04_frame_00091.tif msi_inputs/simulated_04/simulated_04_frame_00101.tif msi_inputs/simulated_04/simulated_04_frame_00111.tif msi_inputs/simulated_04/simulated_04_frame_00121.tif msi_inputs/simulated_04/simulated_04_frame_00131.tif msi_inputs/simulated_04/simulated_04_frame_00141.tif msi_inputs/simulated_04/simulated_04_frame_00151.tif,gt_outputs/simulated_04/simulated_04_gt_00081.png gt_outputs/simulated_04/simulated_04_gt_00091.png gt_outputs/simulated_04/simulated_04_gt_00101.png gt_outputs/simulated_04/simulated_04_gt_00111.png gt_outputs/simulated_04/simulated_04_gt_00121.png gt_outputs/simulated_04/simulated_04_gt_00131.png gt_outputs/simulated_04/simulated_04_gt_00141.png gt_outputs/simulated_04/simulated_04_gt_00151.png
231,msi_inputs/simulated_04/simulated_04_frame_00084.tif msi_inputs/simulated_04/simulated_04_frame_00094.tif msi_inputs/simulated_04/simulated_04_frame_00104.tif msi_inputs/simulated_04/simulated_04_frame_00114.tif msi_inputs/simulated_04/simulated_04_frame_00124.tif msi_inputs/simulated_04/simulated_04_frame_00134.tif msi_inputs/simulated_04/simulated_04_frame_00144.tif msi_inputs/simulated_04/simulated_04_frame_00154.tif,gt_outputs/simulated_04/simulated_04_gt_00084.png gt_outputs/simulated_04/simulated_04_gt_00094.png gt_outputs/simulated_04/simulated_04_gt_00104.png gt_outputs/simulated_04/simulated_04_gt_00114.png gt_outputs/simulated_04/simulated_04_gt_00124.png gt_outputs/simulated_04/simulated_04_gt_00134.png gt_outputs/simulated_04/simulated_04_gt_00144.png gt_outputs/simulated_04/simulated_04_gt_00154.png
232,msi_inputs/simulated_04/simulated_04_frame_00043.tif msi_inputs/simulated_04/simulated_04_frame_00048.tif msi_inputs/simulated_04/simulated_04_frame_00053.tif msi_inputs/simulated_04/simulated_04_frame_00058.tif msi_inputs/simulated_04/simulated_04_frame_00063.tif msi_inputs/simulated_04/simulated_04_frame_00068.tif msi_inputs/simulated_04/simulated_04_frame_00073.tif msi_inputs/simulated_04/simulated_04_frame_00078.tif,gt_outputs/simulated_04/simulated_04_gt_00043.png gt_outputs/simulated_04/simulated_04_gt_00048.png gt_outputs/simulated_04/simulated_04_gt_00053.png gt_outputs/simulated_04/simulated_04_gt_00058.png gt_outputs/simulated_04/simulated_04_gt_00063.png gt_outputs/simulated_04/simulated_04_gt_00068.png gt_outputs/simulated_04/simulated_04_gt_00073.png gt_outputs/simulated_04/simulated_04_gt_00078.png
233,msi_inputs/simulated_04/simulated_04_frame_00056.tif msi_inputs/simulated_04/simulated_04_frame_00057.tif msi_inputs/simulated_04/simulated_04_frame_00058.tif msi_inputs/simulated_04/simulated_04_frame_00059.tif msi_inputs/simulated_04/simulated_04_frame_00060.tif msi_inputs/simulated_04/simulated_04_frame_00061.tif msi_inputs/simulated_04/simulated_04_frame_00062.tif msi_inputs/simulated_04/simulated_04_frame_00063.tif,gt_outputs/simulated_04/simulated_04_gt_00056.png gt_outputs/simulated_04/simulated_04_gt_00057.png gt_outputs/simulated_04/simulated_04_gt_00058.png gt_outputs/simulated_04/simulated_04_gt_00059.png gt_outputs/simulated_04/simulated_04_gt_00060.png gt_outputs/simulated_04/simulated_04_gt_00061.png gt_outputs/simulated_04/simulated_04_gt_00062.png gt_outputs/simulated_04/simulated_04_gt_00063.png
234,msi_inputs/simulated_04/simulated_04_frame_00044.tif msi_inputs/simulated_04/simulated_04_frame_00049.tif msi_inputs/simulated_04/simulated_04_frame_00054.tif msi_inputs/simulated_04/simulated_04_frame_00059.tif msi_inputs/simulated_04/simulated_04_frame_00064.tif msi_inputs/simulated_04/simulated_04_frame_00069.tif msi_inputs/simulated_04/simulated_04_frame_00074.tif msi_inputs/simulated_04/simulated_04_frame_00079.tif,gt_outputs/simulated_04/simulated_04_gt_00044.png gt_outputs/simulated_04/simulated_04_gt_00049.png gt_outputs/simulated_04/simulated_04_gt_00054.png gt_outputs/simulated_04/simulated_04_gt_00059.png gt_outputs/simulated_04/simulated_04_gt_00064.png gt_outputs/simulated_04/simulated_04_gt_00069.png gt_outputs/simulated_04/simulated_04_gt_00074.png gt_outputs/simulated_04/simulated_04_gt_00079.png
235,msi_inputs/simulated_04/simulated_04_frame_00008.tif msi_inputs/simulated_04/simulated_04_frame_00009.tif msi_inputs/simulated_04/simulated_04_frame_00010.tif msi_inputs/simulated_04/simulated_04_frame_00011.tif msi_inputs/simulated_04/simulated_04_frame_00012.tif msi_inputs/simulated_04/simulated_04_frame_00013.tif msi_inputs/simulated_04/simulated_04_frame_00014.tif msi_inputs/simulated_04/simulated_04_frame_00015.tif,gt_outputs/simulated_04/simulated_04_gt_00008.png gt_outputs/simulated_04/simulated_04_gt_00009.png gt_outputs/simulated_04/simulated_04_gt_00010.png gt_outputs/simulated_04/simulated_04_gt_00011.png gt_outputs/simulated_04/simulated_04_gt_00012.png gt_outputs/simulated_04/simulated_04_gt_00013.png gt_outputs/simulated_04/simulated_04_gt_00014.png gt_outputs/simulated_04/simulated_04_gt_00015.png
236,msi_inputs/simulated_04/simulated_04_frame_00009.tif msi_inputs/simulated_04/simulated_04_frame_00034.tif msi_inputs/simulated_04/simulated_04_frame_00059.tif msi_inputs/simulated_04/simulated_04_frame_00084.tif msi_inputs/simulated_04/simulated_04_frame_00109.tif msi_inputs/simulated_04/simulated_04_frame_00134.tif msi_inputs/simulated_04/simulated_04_frame_00159.tif msi_inputs/simulated_04/simulated_04_frame_00184.tif,gt_outputs/simulated_04/simulated_04_gt_00009.png gt_outputs/simulated_04/simulated_04_gt_00034.png gt_outputs/simulated_04/simulated_04_gt_00059.png gt_outputs/simulated_04/simulated_04_gt_00084.png gt_outputs/simulated_04/simulated_04_gt_00109.png gt_outputs/simulated_04/simulated_04_gt_00134.png gt_outputs/simulated_04/simulated_04_gt_00159.png gt_outputs/simulated_04/simulated_04_gt_00184.png
237,msi_inputs/simulated_04/simulated_04_frame_00121.tif msi_inputs/simulated_04/simulated_04_frame_00126.tif msi_inputs/simulated_04/simulated_04_frame_00131.tif msi_inputs/simulated_04/simulated_04_frame_00136.tif msi_inputs/simulated_04/simulated_04_frame_00141.tif msi_inputs/simulated_04/simulated_04_frame_00146.tif msi_inputs/simulated_04/simulated_04_frame_00151.tif msi_inputs/simulated_04/simulated_04_frame_00156.tif,gt_outputs/simulated_04/simulated_04_gt_00121.png gt_outputs/simulated_04/simulated_04_gt_00126.png gt_outputs/simulated_04/simulated_04_gt_00131.png gt_outputs/simulated_04/simulated_04_gt_00136.png gt_outputs/simulated_04/simulated_04_gt_00141.png gt_outputs/simulated_04/simulated_04_gt_00146.png gt_outputs/simulated_04/simulated_04_gt_00151.png gt_outputs/simulated_04/simulated_04_gt_00156.png
238,msi_inputs/simulated_04/simulated_04_frame_00082.tif msi_inputs/simulated_04/simulated_04_frame_00087.tif msi_inputs/simulated_04/simulated_04_frame_00092.tif msi_inputs/simulated_04/simulated_04_frame_00097.tif msi_inputs/simulated_04/simulated_04_frame_00102.tif msi_inputs/simulated_04/simulated_04_frame_00107.tif msi_inputs/simulated_04/simulated_04_frame_00112.tif msi_inputs/simulated_04/simulated_04_frame_00117.tif,gt_outputs/simulated_04/simulated_04_gt_00082.png gt_outputs/simulated_04/simulated_04_gt_00087.png gt_outputs/simulated_04/simulated_04_gt_00092.png gt_outputs/simulated_04/simulated_04_gt_00097.png gt_outputs/simulated_04/simulated_04_gt_00102.png gt_outputs/simulated_04/simulated_04_gt_00107.png gt_outputs/simulated_04/simulated_04_gt_00112.png gt_outputs/simulated_04/simulated_04_gt_00117.png
239,msi_inputs/simulated_04/simulated_04_frame_00161.tif msi_inputs/simulated_04/simulated_04_frame_00166.tif msi_inputs/simulated_04/simulated_04_frame_00171.tif msi_inputs/simulated_04/simulated_04_frame_00176.tif msi_inputs/simulated_04/simulated_04_frame_00181.tif msi_inputs/simulated_04/simulated_04_frame_00186.tif msi_inputs/simulated_04/simulated_04_frame_00191.tif msi_inputs/simulated_04/simulated_04_frame_00196.tif,gt_outputs/simulated_04/simulated_04_gt_00161.png gt_outputs/simulated_04/simulated_04_gt_00166.png gt_outputs/simulated_04/simulated_04_gt_00171.png gt_outputs/simulated_04/simulated_04_gt_00176.png gt_outputs/simulated_04/simulated_04_gt_00181.png gt_outputs/simulated_04/simulated_04_gt_00186.png gt_outputs/simulated_04/simulated_04_gt_00191.png gt_outputs/simulated_04/simulated_04_gt_00196.png
240,msi_inputs/simulated_04/simulated_04_frame_00122.tif msi_inputs/simulated_04/simulated_04_frame_00127.tif msi_inputs/simulated_04/simulated_04_frame_00132.tif msi_inputs/simulated_04/simulated_04_frame_00137.tif msi_inputs/simulated_04/simulated_04_frame_00142.tif msi_inputs/simulated_04/simulated_04_frame_00147.tif msi_inputs/simulated_04/simulated_04_frame_00152.tif msi_inputs/simulated_04/simulated_04_frame_00157.tif,gt_outputs/simulated_04/simulated_04_gt_00122.png gt_outputs/simulated_04/simulated_04_gt_00127.png gt_outputs/simulated_04/simulated_04_gt_00132.png gt_outputs/simulated_04/simulated_04_gt_00137.png gt_outputs/simulated_04/simulated_04_gt_00142.png gt_outputs/simulated_04/simulated_04_gt_00147.png gt_outputs/simulated_04/simulated_04_gt_00152.png gt_outputs/simulated_04/simulated_04_gt_00157.png
241,msi_inputs/simulated_04/simulated_04_frame_00019.tif msi_inputs/simulated_04/simulated_04_frame_00044.tif msi_inputs/simulated_04/simulated_04_frame_00069.tif msi_inputs/simulated_04/simulated_04_frame_00094.tif msi_inputs/simulated_04/simulated_04_frame_00119.tif msi_inputs/simulated_04/simulated_04_frame_00144.tif msi_inputs/simulated_04/simulated_04_frame_00169.tif msi_inputs/simulated_04/simulated_04_frame_00194.tif,gt_outputs/simulated_04/simulated_04_gt_00019.png gt_outputs/simulated_04/simulated_04_gt_00044.png gt_outputs/simulated_04/simulated_04_gt_00069.png gt_outputs/simulated_04/simulated_04_gt_00094.png gt_outputs/simulated_04/simulated_04_gt_00119.png gt_outputs/simulated_04/simulated_04_gt_00144.png gt_outputs/simulated_04/simulated_04_gt_00169.png gt_outputs/simulated_04/simulated_04_gt_00194.png
242,msi_inputs/simulated_04/simulated_04_frame_00040.tif msi_inputs/simulated_04/simulated_04_frame_00041.tif msi_inputs/simulated_04/simulated_04_frame_00042.tif msi_inputs/simulated_04/simulated_04_frame_00043.tif msi_inputs/simulated_04/simulated_04_frame_00044.tif msi_inputs/simulated_04/simulated_04_frame_00045.tif msi_inputs/simulated_04/simulated_04_frame_00046.tif msi_inputs/simulated_04/simulated_04_frame_00047.tif,gt_outputs/simulated_04/simulated_04_gt_00040.png gt_outputs/simulated_04/simulated_04_gt_00041.png gt_outputs/simulated_04/simulated_04_gt_00042.png gt_outputs/simulated_04/simulated_04_gt_00043.png gt_outputs/simulated_04/simulated_04_gt_00044.png gt_outputs/simulated_04/simulated_04_gt_00045.png gt_outputs/simulated_04/simulated_04_gt_00046.png gt_outputs/simulated_04/simulated_04_gt_00047.png
243,msi_inputs/simulated_04/simulated_04_frame_00080.tif msi_inputs/simulated_04/simulated_04_frame_00085.tif msi_inputs/simulated_04/simulated_04_frame_00090.tif msi_inputs/simulated_04/simulated_04_frame_00095.tif msi_inputs/simulated_04/simulated_04_frame_00100.tif msi_inputs/simulated_04/simulated_04_frame_00105.tif msi_inputs/simulated_04/simulated_04_frame_00110.tif msi_inputs/simulated_04/simulated_04_frame_00115.tif,gt_outputs/simulated_04/simulated_04_gt_00080.png gt_outputs/simulated_04/simulated_04_gt_00085.png gt_outputs/simulated_04/simulated_04_gt_00090.png gt_outputs/simulated_04/simulated_04_gt_00095.png gt_outputs/simulated_04/simulated_04_gt_00100.png gt_outputs/simulated_04/simulated_04_gt_00105.png gt_outputs/simulated_04/simulated_04_gt_00110.png gt_outputs/simulated_04/simulated_04_gt_00115.png
244,msi_inputs/simulated_04/simulated_04_frame_00087.tif msi_inputs/simulated_04/simulated_04_frame_00097.tif msi_inputs/simulated_04/simulated_04_frame_00107.tif msi_inputs/simulated_04/simulated_04_frame_00117.tif msi_inputs/simulated_04/simulated_04_frame_00127.tif msi_inputs/simulated_04/simulated_04_frame_00137.tif msi_inputs/simulated_04/simulated_04_frame_00147.tif msi_inputs/simulated_04/simulated_04_frame_00157.tif,gt_outputs/simulated_04/simulated_04_gt_00087.png gt_outputs/simulated_04/simulated_04_gt_00097.png gt_outputs/simulated_04/simulated_04_gt_00107.png gt_outputs/simulated_04/simulated_04_gt_00117.png gt_outputs/simulated_04/simulated_04_gt_00127.png gt_outputs/simulated_04/simulated_04_gt_00137.png gt_outputs/simulated_04/simulated_04_gt_00147.png gt_outputs/simulated_04/simulated_04_gt_00157.png
245,msi_inputs/simulated_04/simulated_04_frame_00124.tif msi_inputs/simulated_04/simulated_04_frame_00129.tif msi_inputs/simulated_04/simulated_04_frame_00134.tif msi_inputs/simulated_04/simulated_04_frame_00139.tif msi_inputs/simulated_04/simulated_04_frame_00144.tif msi_inputs/simulated_04/simulated_04_frame_00149.tif msi_inputs/simulated_04/simulated_04_frame_00154.tif msi_inputs/simulated_04/simulated_04_frame_00159.tif,gt_outputs/simulated_04/simulated_04_gt_00124.png gt_outputs/simulated_04/simulated_04_gt_00129.png gt_outputs/simulated_04/simulated_04_gt_00134.png gt_outputs/simulated_04/simulated_04_gt_00139.png gt_outputs/simulated_04/simulated_04_gt_00144.png gt_outputs/simulated_04/simulated_04_gt_00149.png gt_outputs/simulated_04/simulated_04_gt_00154.png gt_outputs/simulated_04/simulated_04_gt_00159.png
246,msi_inputs/simulated_04/simulated_04_frame_00003.tif msi_inputs/simulated_04/simulated_04_frame_00013.tif msi_inputs/simulated_04/simulated_04_frame_00023.tif msi_inputs/simulated_04/simulated_04_frame_00033.tif msi_inputs/simulated_04/simulated_04_frame_00043.tif msi_inputs/simulated_04/simulated_04_frame_00053.tif msi_inputs/simulated_04/simulated_04_frame_00063.tif msi_inputs/simulated_04/simulated_04_frame_00073.tif,gt_outputs/simulated_04/simulated_04_gt_00003.png gt_outputs/simulated_04/simulated_04_gt_00013.png gt_outputs/simulated_04/simulated_04_gt_00023.png gt_outputs/simulated_04/simulated_04_gt_00033.png gt_outputs/simulated_04/simulated_04_gt_00043.png gt_outputs/simulated_04/simulated_04_gt_00053.png gt_outputs/simulated_04/simulated_04_gt_00063.png gt_outputs/simulated_04/simulated_04_gt_00073.png
247,msi_inputs/simulated_04/simulated_04_frame_00072.tif msi_inputs/simulated_04/simulated_04_frame_00073.tif msi_inputs/simulated_04/simulated_04_frame_00074.tif msi_inputs/simulated_04/simulated_04_frame_00075.tif msi_inputs/simulated_04/simulated_04_frame_00076.tif msi_inputs/simulated_04/simulated_04_frame_00077.tif msi_inputs/simulated_04/simulated_04_frame_00078.tif msi_inputs/simulated_04/simulated_04_frame_00079.tif,gt_outputs/simulated_04/simulated_04_gt_00072.png gt_outputs/simulated_04/simulated_04_gt_00073.png gt_outputs/simulated_04/simulated_04_gt_00074.png gt_outputs/simulated_04/simulated_04_gt_00075.png gt_outputs/simulated_04/simulated_04_gt_00076.png gt_outputs/simulated_04/simulated_04_gt_00077.png gt_outputs/simulated_04/simulated_04_gt_00078.png gt_outputs/simulated_04/simulated_04_gt_00079.png
248,msi_inputs/simulated_04/simulated_04_frame_00009.tif msi_inputs/simulated_04/simulated_04_frame_00019.tif msi_inputs/simulated_04/simulated_04_frame_00029.tif msi_inputs/simulated_04/simulated_04_frame_00039.tif msi_inputs/simulated_04/simulated_04_frame_00049.tif msi_inputs/simulated_04/simulated_04_frame_00059.tif msi_inputs/simulated_04/simulated_04_frame_00069.tif msi_inputs/simulated_04/simulated_04_frame_00079.tif,gt_outputs/simulated_04/simulated_04_gt_00009.png gt_outputs/simulated_04/simulated_04_gt_00019.png gt_outputs/simulated_04/simulated_04_gt_00029.png gt_outputs/simulated_04/simulated_04_gt_00039.png gt_outputs/simulated_04/simulated_04_gt_00049.png gt_outputs/simulated_04/simulated_04_gt_00059.png gt_outputs/simulated_04/simulated_04_gt_00069.png gt_outputs/simulated_04/simulated_04_gt_00079.png
249,msi_inputs/simulated_04/simulated_04_frame_00032.tif msi_inputs/simulated_04/simulated_04_frame_00033.tif msi_inputs/simulated_04/simulated_04_frame_00034.tif msi_inputs/simulated_04/simulated_04_frame_00035.tif msi_inputs/simulated_04/simulated_04_frame_00036.tif msi_inputs/simulated_04/simulated_04_frame_00037.tif msi_inputs/simulated_04/simulated_04_frame_00038.tif msi_inputs/simulated_04/simulated_04_frame_00039.tif,gt_outputs/simulated_04/simulated_04_gt_00032.png gt_outputs/simulated_04/simulated_04_gt_00033.png gt_outputs/simulated_04/simulated_04_gt_00034.png gt_outputs/simulated_04/simulated_04_gt_00035.png gt_outputs/simulated_04/simulated_04_gt_00036.png gt_outputs/simulated_04/simulated_04_gt_00037.png gt_outputs/simulated_04/simulated_04_gt_00038.png gt_outputs/simulated_04/simulated_04_gt_00039.png
250,msi_inputs/simulated_04/simulated_04_frame_00001.tif msi_inputs/simulated_04/simulated_04_frame_00006.tif msi_inputs/simulated_04/simulated_04_frame_00011.tif msi_inputs/simulated_04/simulated_04_frame_00016.tif msi_inputs/simulated_04/simulated_04_frame_00021.tif msi_inputs/simulated_04/simulated_04_frame_00026.tif msi_inputs/simulated_04/simulated_04_frame_00031.tif msi_inputs/simulated_04/simulated_04_frame_00036.tif,gt_outputs/simulated_04/simulated_04_gt_00001.png gt_outputs/simulated_04/simulated_04_gt_00006.png gt_outputs/simulated_04/simulated_04_gt_00011.png gt_outputs/simulated_04/simulated_04_gt_00016.png gt_outputs/simulated_04/simulated_04_gt_00021.png gt_outputs/simulated_04/simulated_04_gt_00026.png gt_outputs/simulated_04/simulated_04_gt_00031.png gt_outputs/simulated_04/simulated_04_gt_00036.png
251,msi_inputs/simulated_04/simulated_04_frame_00022.tif msi_inputs/simulated_04/simulated_04_frame_00047.tif msi_inputs/simulated_04/simulated_04_frame_00072.tif msi_inputs/simulated_04/simulated_04_frame_00097.tif msi_inputs/simulated_04/simulated_04_frame_00122.tif msi_inputs/simulated_04/simulated_04_frame_00147.tif msi_inputs/simulated_04/simulated_04_frame_00172.tif msi_inputs/simulated_04/simulated_04_frame_00197.tif,gt_outputs/simulated_04/simulated_04_gt_00022.png gt_outputs/simulated_04/simulated_04_gt_00047.png gt_outputs/simulated_04/simulated_04_gt_00072.png gt_outputs/simulated_04/simulated_04_gt_00097.png gt_outputs/simulated_04/simulated_04_gt_00122.png gt_outputs/simulated_04/simulated_04_gt_00147.png gt_outputs/simulated_04/simulated_04_gt_00172.png gt_outputs/simulated_04/simulated_04_gt_00197.png
252,msi_inputs/simulated_04/simulated_04_frame_00085.tif msi_inputs/simulated_04/simulated_04_frame_00095.tif msi_inputs/simulated_04/simulated_04_frame_00105.tif msi_inputs/simulated_04/simulated_04_frame_00115.tif msi_inputs/simulated_04/simulated_04_frame_00125.tif msi_inputs/simulated_04/simulated_04_frame_00135.tif msi_inputs/simulated_04/simulated_04_frame_00145.tif msi_inputs/simulated_04/simulated_04_frame_00155.tif,gt_outputs/simulated_04/simulated_04_gt_00085.png gt_outputs/simulated_04/simulated_04_gt_00095.png gt_outputs/simulated_04/simulated_04_gt_00105.png gt_outputs/simulated_04/simulated_04_gt_00115.png gt_outputs/simulated_04/simulated_04_gt_00125.png gt_outputs/simulated_04/simulated_04_gt_00135.png gt_outputs/simulated_04/simulated_04_gt_00145.png gt_outputs/simulated_04/simulated_04_gt_00155.png
253,msi_inputs/simulated_04/simulated_04_frame_00002.tif msi_inputs/simulated_04/simulated_04_frame_00027.tif msi_inputs/simulated_04/simulated_04_frame_00052.tif msi_inputs/simulated_04/simulated_04_frame_00077.tif msi_inputs/simulated_04/simulated_04_frame_00102.tif msi_inputs/simulated_04/simulated_04_frame_00127.tif msi_inputs/simulated_04/simulated_04_frame_00152.tif msi_inputs/simulated_04/simulated_04_frame_00177.tif,gt_outputs/simulated_04/simulated_04_gt_00002.png gt_outputs/simulated_04/simulated_04_gt_00027.png gt_outputs/simulated_04/simulated_04_gt_00052.png gt_outputs/simulated_04/simulated_04_gt_00077.png gt_outputs/simulated_04/simulated_04_gt_00102.png gt_outputs/simulated_04/simulated_04_gt_00127.png gt_outputs/simulated_04/simulated_04_gt_00152.png gt_outputs/simulated_04/simulated_04_gt_00177.png
254,msi_inputs/simulated_04/simulated_04_frame_00003.tif msi_inputs/simulated_04/simulated_04_frame_00028.tif msi_inputs/simulated_04/simulated_04_frame_00053.tif msi_inputs/simulated_04/simulated_04_frame_00078.tif msi_inputs/simulated_04/simulated_04_frame_00103.tif msi_inputs/simulated_04/simulated_04_frame_00128.tif msi_inputs/simulated_04/simulated_04_frame_00153.tif msi_inputs/simulated_04/simulated_04_frame_00178.tif,gt_outputs/simulated_04/simulated_04_gt_00003.png gt_outputs/simulated_04/simulated_04_gt_00028.png gt_outputs/simulated_04/simulated_04_gt_00053.png gt_outputs/simulated_04/simulated_04_gt_00078.png gt_outputs/simulated_04/simulated_04_gt_00103.png gt_outputs/simulated_04/simulated_04_gt_00128.png gt_outputs/simulated_04/simulated_04_gt_00153.png gt_outputs/simulated_04/simulated_04_gt_00178.png
255,msi_inputs/simulated_04/simulated_04_frame_00082.tif msi_inputs/simulated_04/simulated_04_frame_00092.tif msi_inputs/simulated_04/simulated_04_frame_00102.tif msi_inputs/simulated_04/simulated_04_frame_00112.tif msi_inputs/simulated_04/simulated_04_frame_00122.tif msi_inputs/simulated_04/simulated_04_frame_00132.tif msi_inputs/simulated_04/simulated_04_frame_00142.tif msi_inputs/simulated_04/simulated_04_frame_00152.tif,gt_outputs/simulated_04/simulated_04_gt_00082.png gt_outputs/simulated_04/simulated_04_gt_00092.png gt_outputs/simulated_04/simulated_04_gt_00102.png gt_outputs/simulated_04/simulated_04_gt_00112.png gt_outputs/simulated_04/simulated_04_gt_00122.png gt_outputs/simulated_04/simulated_04_gt_00132.png gt_outputs/simulated_04/simulated_04_gt_00142.png gt_outputs/simulated_04/simulated_04_gt_00152.png
256,msi_inputs/simulated_04/simulated_04_frame_00021.tif msi_inputs/simulated_04/simulated_04_frame_00046.tif msi_inputs/simulated_04/simulated_04_frame_00071.tif msi_inputs/simulated_04/simulated_04_frame_00096.tif msi_inputs/simulated_04/simulated_04_frame_00121.tif msi_inputs/simulated_04/simulated_04_frame_00146.tif msi_inputs/simulated_04/simulated_04_frame_00171.tif msi_inputs/simulated_04/simulated_04_frame_00196.tif,gt_outputs/simulated_04/simulated_04_gt_00021.png gt_outputs/simulated_04/simulated_04_gt_00046.png gt_outputs/simulated_04/simulated_04_gt_00071.png gt_outputs/simulated_04/simulated_04_gt_00096.png gt_outputs/simulated_04/simulated_04_gt_00121.png gt_outputs/simulated_04/simulated_04_gt_00146.png gt_outputs/simulated_04/simulated_04_gt_00171.png gt_outputs/simulated_04/simulated_04_gt_00196.png
257,msi_inputs/simulated_04/simulated_04_frame_00000.tif msi_inputs/simulated_04/simulated_04_frame_00025.tif msi_inputs/simulated_04/simulated_04_frame_00050.tif msi_inputs/simulated_04/simulated_04_frame_00075.tif msi_inputs/simulated_04/simulated_04_frame_00100.tif msi_inputs/simulated_04/simulated_04_frame_00125.tif msi_inputs/simulated_04/simulated_04_frame_00150.tif msi_inputs/simulated_04/simulated_04_frame_00175.tif,gt_outputs/simulated_04/simulated_04_gt_00000.png gt_outputs/simulated_04/simulated_04_gt_00025.png gt_outputs/simulated_04/simulated_04_gt_00050.png gt_outputs/simulated_04/simulated_04_gt_00075.png gt_outputs/simulated_04/simulated_04_gt_00100.png gt_outputs/simulated_04/simulated_04_gt_00125.png gt_outputs/simulated_04/simulated_04_gt_00150.png gt_outputs/simulated_04/simulated_04_gt_00175.png
258,msi_inputs/simulated_04/simulated_04_frame_00015.tif msi_inputs/simulated_04/simulated_04_frame_00040.tif msi_inputs/simulated_04/simulated_04_frame_00065.tif msi_inputs/simulated_04/simulated_04_frame_00090.tif msi_inputs/simulated_04/simulated_04_frame_00115.tif msi_inputs/simulated_04/simulated_04_frame_00140.tif msi_inputs/simulated_04/simulated_04_frame_00165.tif msi_inputs/simulated_04/simulated_04_frame_00190.tif,gt_outputs/simulated_04/simulated_04_gt_00015.png gt_outputs/simulated_04/simulated_04_gt_00040.png gt_outputs/simulated_04/simulated_04_gt_00065.png gt_outputs/simulated_04/simulated_04_gt_00090.png gt_outputs/simulated_04/simulated_04_gt_00115.png gt_outputs/simulated_04/simulated_04_gt_00140.png gt_outputs/simulated_04/simulated_04_gt_00165.png gt_outputs/simulated_04/simulated_04_gt_00190.png
259,msi_inputs/simulated_04/simulated_04_frame_00084.tif msi_inputs/simulated_04/simulated_04_frame_00089.tif msi_inputs/simulated_04/simulated_04_frame_00094.tif msi_inputs/simulated_04/simulated_04_frame_00099.tif msi_inputs/simulated_04/simulated_04_frame_00104.tif msi_inputs/simulated_04/simulated_04_frame_00109.tif msi_inputs/simulated_04/simulated_04_frame_00114.tif msi_inputs/simulated_04/simulated_04_frame_00119.tif,gt_outputs/simulated_04/simulated_04_gt_00084.png gt_outputs/simulated_04/simulated_04_gt_00089.png gt_outputs/simulated_04/simulated_04_gt_00094.png gt_outputs/simulated_04/simulated_04_gt_00099.png gt_outputs/simulated_04/simulated_04_gt_00104.png gt_outputs/simulated_04/simulated_04_gt_00109.png gt_outputs/simulated_04/simulated_04_gt_00114.png gt_outputs/simulated_04/simulated_04_gt_00119.png
260,msi_inputs/simulated_04/simulated_04_frame_00163.tif msi_inputs/simulated_04/simulated_04_frame_00168.tif msi_inputs/simulated_04/simulated_04_frame_00173.tif msi_inputs/simulated_04/simulated_04_frame_00178.tif msi_inputs/simulated_04/simulated_04_frame_00183.tif msi_inputs/simulated_04/simulated_04_frame_00188.tif msi_inputs/simulated_04/simulated_04_frame_00193.tif msi_inputs/simulated_04/simulated_04_frame_00198.tif,gt_outputs/simulated_04/simulated_04_gt_00163.png gt_outputs/simulated_04/simulated_04_gt_00168.png gt_outputs/simulated_04/simulated_04_gt_00173.png gt_outputs/simulated_04/simulated_04_gt_00178.png gt_outputs/simulated_04/simulated_04_gt_00183.png gt_outputs/simulated_04/simulated_04_gt_00188.png gt_outputs/simulated_04/simulated_04_gt_00193.png gt_outputs/simulated_04/simulated_04_gt_00198.png
261,msi_inputs/simulated_04/simulated_04_frame_00160.tif msi_inputs/simulated_04/simulated_04_frame_00165.tif msi_inputs/simulated_04/simulated_04_frame_00170.tif msi_inputs/simulated_04/simulated_04_frame_00175.tif msi_inputs/simulated_04/simulated_04_frame_00180.tif msi_inputs/simulated_04/simulated_04_frame_00185.tif msi_inputs/simulated_04/simulated_04_frame_00190.tif msi_inputs/simulated_04/simulated_04_frame_00195.tif,gt_outputs/simulated_04/simulated_04_gt_00160.png gt_outputs/simulated_04/simulated_04_gt_00165.png gt_outputs/simulated_04/simulated_04_gt_00170.png gt_outputs/simulated_04/simulated_04_gt_00175.png gt_outputs/simulated_04/simulated_04_gt_00180.png gt_outputs/simulated_04/simulated_04_gt_00185.png gt_outputs/simulated_04/simulated_04_gt_00190.png gt_outputs/simulated_04/simulated_04_gt_00195.png
262,msi_inputs/simulated_04/simulated_04_frame_00120.tif msi_inputs/simulated_04/simulated_04_frame_00125.tif msi_inputs/simulated_04/simulated_04_frame_00130.tif msi_inputs/simulated_04/simulated_04_frame_00135.tif msi_inputs/simulated_04/simulated_04_frame_00140.tif msi_inputs/simulated_04/simulated_04_frame_00145.tif msi_inputs/simulated_04/simulated_04_frame_00150.tif msi_inputs/simulated_04/simulated_04_frame_00155.tif,gt_outputs/simulated_04/simulated_04_gt_00120.png gt_outputs/simulated_04/simulated_04_gt_00125.png gt_outputs/simulated_04/simulated_04_gt_00130.png gt_outputs/simulated_04/simulated_04_gt_00135.png gt_outputs/simulated_04/simulated_04_gt_00140.png gt_outputs/simulated_04/simulated_04_gt_00145.png gt_outputs/simulated_04/simulated_04_gt_00150.png gt_outputs/simulated_04/simulated_04_gt_00155.png
263,msi_inputs/simulated_04/simulated_04_frame_00008.tif msi_inputs/simulated_04/simulated_04_frame_00018.tif msi_inputs/simulated_04/simulated_04_frame_00028.tif msi_inputs/simulated_04/simulated_04_frame_00038.tif msi_inputs/simulated_04/simulated_04_frame_00048.tif msi_inputs/simulated_04/simulated_04_frame_00058.tif msi_inputs/simulated_04/simulated_04_frame_00068.tif msi_inputs/simulated_04/simulated_04_frame_00078.tif,gt_outputs/simulated_04/simulated_04_gt_00008.png gt_outputs/simulated_04/simulated_04_gt_00018.png gt_outputs/simulated_04/simulated_04_gt_00028.png gt_outputs/simulated_04/simulated_04_gt_00038.png gt_outputs/simulated_04/simulated_04_gt_00048.png gt_outputs/simulated_04/simulated_04_gt_00058.png gt_outputs/simulated_04/simulated_04_gt_00068.png gt_outputs/simulated_04/simulated_04_gt_00078.png
264,msi_inputs/simulated_05/simulated_05_frame_00056.tif msi_inputs/simulated_05/simulated_05_frame_00057.tif msi_inputs/simulated_05/simulated_05_frame_00058.tif msi_inputs/simulated_05/simulated_05_frame_00059.tif msi_inputs/simulated_05/simulated_05_frame_00060.tif msi_inputs/simulated_05/simulated_05_frame_00061.tif msi_inputs/simulated_05/simulated_05_frame_00062.tif msi_inputs/simulated_05/simulated_05_frame_00063.tif,gt_outputs/simulated_05/simulated_05_gt_00056.png gt_outputs/simulated_05/simulated_05_gt_00057.png gt_outputs/simulated_05/simulated_05_gt_00058.png gt_outputs/simulated_05/simulated_05_gt_00059.png gt_outputs/simulated_05/simulated_05_gt_00060.png gt_outputs/simulated_05/simulated_05_gt_00061.png gt_outputs/simulated_05/simulated_05_gt_00062.png gt_outputs/simulated_05/simulated_05_gt_00063.png
265,msi_inputs/simulated_05/simulated_05_frame_00123.tif msi_inputs/simulated_05/simulated_05_frame_00128.tif msi_inputs/simulated_05/simulated_05_frame_00133.tif msi_inputs/simulated_05/simulated_05_frame_00138.tif msi_inputs/simulated_05/simulated_05_frame_00143.tif msi_inputs/simulated_05/simulated_05_frame_00148.tif msi_inputs/simulated_05/simulated_05_frame_00153.tif msi_inputs/simulated_05/simulated_05_frame_00158.tif,gt_outputs/simulated_05/simulated_05_gt_00123.png gt_outputs/simulated_05/simulated_05_gt_00128.png gt_outputs/simulated_05/simulated_05_gt_00133.png gt_outputs/simulated_05/simulated_05_gt_00138.png gt_outputs/simulated_05/simulated_05_gt_00143.png gt_outputs/simulated_05/simulated_05_gt_00148.png gt_outputs/simulated_05/simulated_05_gt_00153.png gt_outputs/simulated_05/simulated_05_gt_00158.png
266,msi_inputs/simulated_05/simulated_05_frame_00004.tif msi_inputs/simulated_05/simulated_05_frame_00029.tif msi_inputs/simulated_05/simulated_05_frame_00054.tif msi_inputs/simulated_05/simulated_05_frame_00079.tif msi_inputs/simulated_05/simulated_05_frame_00104.tif msi_inputs/simulated_05/simulated_05_frame_00129.tif msi_inputs/simulated_05/simulated_05_frame_00154.tif msi_inputs/simulated_05/simulated_05_frame_00179.tif,gt_outputs/simulated_05/simulated_05_gt_00004.png gt_outputs/simulated_05/simulated_05_gt_00029.png gt_outputs/simulated_05/simulated_05_gt_00054.png gt_outputs/simulated_05/simulated_05_gt_00079.png gt_outputs/simulated_05/simulated_05_gt_00104.png gt_outputs/simulated_05/simulated_05_gt_00129.png gt_outputs/simulated_05/simulated_05_gt_00154.png gt_outputs/simulated_05/simulated_05_gt_00179.png
267,msi_inputs/simulated_05/simulated_05_frame_00128.tif msi_inputs/simulated_05/simulated_05_frame_00129.tif msi_inputs/simulated_05/simulated_05_frame_00130.tif msi_inputs/simulated_05/simulated_05_frame_00131.tif msi_inputs/simulated_05/simulated_05_frame_00132.tif msi_inputs/simulated_05/simulated_05_frame_00133.tif msi_inputs/simulated_05/simulated_05_frame_00134.tif msi_inputs/simulated_05/simulated_05_frame_00135.tif,gt_outputs/simulated_05/simulated_05_gt_00128.png gt_outputs/simulated_05/simulated_05_gt_00129.png gt_outputs/simulated_05/simulated_05_gt_00130.png gt_outputs/simulated_05/simulated_05_gt_00131.png gt_outputs/simulated_05/simulated_05_gt_00132.png gt_outputs/simulated_05/simulated_05_gt_00133.png gt_outputs/simulated_05/simulated_05_gt_00134.png gt_outputs/simulated_05/simulated_05_gt_00135.png
268,msi_inputs/simulated_05/simulated_05_frame_00152.tif msi_inputs/simulated_05/simulated_05_frame_00153.tif msi_inputs/simulated_05/simulated_05_frame_00154.tif msi_inputs/simulated_05/simulated_05_frame_00155.tif msi_inputs/simulated_05/simulated_05_frame_00156.tif msi_inputs/simulated_05/simulated_05_frame_00157.tif msi_inputs/simulated_05/simulated_05_frame_00158.tif msi_inputs/simulated_05/simulated_05_frame_00159.tif,gt_outputs/simulated_05/simulated_05_gt_00152.png gt_outputs/simulated_05/simulated_05_gt_00153.png gt_outputs/simulated_05/simulated_05_gt_00154.png gt_outputs/simulated_05/simulated_05_gt_00155.png gt_outputs/simulated_05/simulated_05_gt_00156.png gt_outputs/simulated_05/simulated_05_gt_00157.png gt_outputs/simulated_05/simulated_05_gt_00158.png gt_outputs/simulated_05/simulated_05_gt_00159.png
269,msi_inputs/simulated_05/simulated_05_frame_00020.tif msi_inputs/simulated_05/simulated_05_frame_00045.tif msi_inputs/simulated_05/simulated_05_frame_00070.tif msi_inputs/simulated_05/simulated_05_frame_00095.tif msi_inputs/simulated_05/simulated_05_frame_00120.tif msi_inputs/simulated_05/simulated_05_frame_00145.tif msi_inputs/simulated_05/simulated_05_frame_00170.tif msi_inputs/simulated_05/simulated_05_frame_00195.tif,gt_outputs/simulated_05/simulated_05_gt_00020.png gt_outputs/simulated_05/simulated_05_gt_00045.png gt_outputs/simulated_05/simulated_05_gt_00070.png gt_outputs/simulated_05/simulated_05_gt_00095.png gt_outputs/simulated_05/simulated_05_gt_00120.png gt_outputs/simulated_05/simulated_05_gt_00145.png gt_outputs/simulated_05/simulated_05_gt_00170.png gt_outputs/simulated_05/simulated_05_gt_00195.png
270,msi_inputs/simulated_05/simulated_05_frame_00042.tif msi_inputs/simulated_05/simulated_05_frame_00047.tif msi_inputs/simulated_05/simulated_05_frame_00052.tif msi_inputs/simulated_05/simulated_05_frame_00057.tif msi_inputs/simulated_05/simulated_05_frame_00062.tif msi_inputs/simulated_05/simulated_05_frame_00067.tif msi_inputs/simulated_05/simulated_05_frame_00072.tif msi_inputs/simulated_05/simulated_05_frame_00077.tif,gt_outputs/simulated_05/simulated_05_gt_00042.png gt_outputs/simulated_05/simulated_05_gt_00047.png gt_outputs/simulated_05/simulated_05_gt_00052.png gt_outputs/simulated_05/simulated_05_gt_00057.png gt_outputs/simulated_05/simulated_05_gt_00062.png gt_outputs/simulated_05/simulated_05_gt_00067.png gt_outputs/simulated_05/simulated_05_gt_00072.png gt_outputs/simulated_05/simulated_05_gt_00077.png
271,msi_inputs/simulated_05/simulated_05_frame_00121.tif msi_inputs/simulated_05/simulated_05_frame_00126.tif msi_inputs/simulated_05/simulated_05_frame_00131.tif msi_inputs/simulated_05/simulated_05_frame_00136.tif msi_inputs/simulated_05/simulated_05_frame_00141.tif msi_inputs/simulated_05/simulated_05_frame_00146.tif msi_inputs/simulated_05/simulated_05_frame_00151.tif msi_inputs/simulated_05/simulated_05_frame_00156.tif,gt_outputs/simulated_05/simulated_05_gt_00121.png gt_outputs/simulated_05/simulated_05_gt_00126.png gt_outputs/simulated_05/simulated_05_gt_00131.png gt_outputs/simulated_05/simulated_05_gt_00136.png gt_outputs/simulated_05/simulated_05_gt_00141.png gt_outputs/simulated_05/simulated_05_gt_00146.png gt_outputs/simulated_05/simulated_05_gt_00151.png gt_outputs/simulated_05/simulated_05_gt_00156.png
272,msi_inputs/simulated_05/simulated_05_frame_00023.tif msi_inputs/simulated_05/simulated_05_frame_00048.tif msi_inputs/simulated_05/simulated_05_frame_00073.tif msi_inputs/simulated_05/simulated_05_frame_00098.tif msi_inputs/simulated_05/simulated_05_frame_00123.tif msi_inputs/simulated_05/simulated_05_frame_00148.tif msi_inputs/simulated_05/simulated_05_frame_00173.tif msi_inputs/simulated_05/simulated_05_frame_00198.tif,gt_outputs/simulated_05/simulated_05_gt_00023.png gt_outputs/simulated_05/simulated_05_gt_00048.png gt_outputs/simulated_05/simulated_05_gt_00073.png gt_outputs/simulated_05/simulated_05_gt_00098.png gt_outputs/simulated_05/simulated_05_gt_00123.png gt_outputs/simulated_05/simulated_05_gt_00148.png gt_outputs/simulated_05/simulated_05_gt_00173.png gt_outputs/simulated_05/simulated_05_gt_00198.png
273,msi_inputs/simulated_05/simulated_05_frame_00003.tif msi_inputs/simulated_05/simulated_05_frame_00008.tif msi_inputs/simulated_05/simulated_05_frame_00013.tif msi_inputs/simulated_05/simulated_05_frame_00018.tif msi_inputs/simulated_05/simulated_05_frame_00023.tif msi_inputs/simulated_05/simulated_05_frame_00028.tif msi_inputs/simulated_05/simulated_05_frame_00033.tif msi_inputs/simulated_05/simulated_05_frame_00038.tif,gt_outputs/simulated_05/simulated_05_gt_00003.png gt_outputs/simulated_05/simulated_05_gt_00008.png gt_outputs/simulated_05/simulated_05_gt_00013.png gt_outputs/simulated_05/simulated_05_gt_00018.png gt_outputs/simulated_05/simulated_05_gt_00023.png gt_outputs/simulated_05/simulated_05_gt_00028.png gt_outputs/simulated_05/simulated_05_gt_00033.png gt_outputs/simulated_05/simulated_05_gt_00038.png
274,msi_inputs/simulated_05/simulated_05_frame_00082.tif msi_inputs/simulated_05/simulated_05_frame_00087.tif msi_inputs/simulated_05/simulated_05_frame_00092.tif msi_inputs/simulated_05/simulated_05_frame_00097.tif msi_inputs/simulated_05/simulated_05_frame_00102.tif msi_inputs/simulated_05/simulated_05_frame_00107.tif msi_inputs/simulated_05/simulated_05_frame_00112.tif msi_inputs/simulated_05/simulated_05_frame_00117.tif,gt_outputs/simulated_05/simulated_05_gt_00082.png gt_outputs/simulated_05/simulated_05_gt_00087.png gt_outputs/simulated_05/simulated_05_gt_00092.png gt_outputs/simulated_05/simulated_05_gt_00097.png gt_outputs/simulated_05/simulated_05_gt_00102.png gt_outputs/simulated_05/simulated_05_gt_00107.png gt_outputs/simulated_05/simulated_05_gt_00112.png gt_outputs/simulated_05/simulated_05_gt_00117.png
275,msi_inputs/simulated_05/simulated_05_frame_00080.tif msi_inputs/simulated_05/simulated_05_frame_00090.tif msi_inputs/simulated_05/simulated_05_frame_00100.tif msi_inputs/simulated_05/simulated_05_frame_00110.tif msi_inputs/simulated_05/simulated_05_frame_00120.tif msi_inputs/simulated_05/simulated_05_frame_00130.tif msi_inputs/simulated_05/simulated_05_frame_00140.tif msi_inputs/simulated_05/simulated_05_frame_00150.tif,gt_outputs/simulated_05/simulated_05_gt_00080.png gt_outputs/simulated_05/simulated_05_gt_00090.png gt_outputs/simulated_05/simulated_05_gt_00100.png gt_outputs/simulated_05/simulated_05_gt_00110.png gt_outputs/simulated_05/simulated_05_gt_00120.png gt_outputs/simulated_05/simulated_05_gt_00130.png gt_outputs/simulated_05/simulated_05_gt_00140.png gt_outputs/simulated_05/simulated_05_gt_00150.png
276,msi_inputs/simulated_05/simulated_05_frame_00192.tif msi_inputs/simulated_05/simulated_05_frame_00193.tif msi_inputs/simulated_05/simulated_05_frame_00194.tif msi_inputs/simulated_05/simulated_05_frame_00195.tif msi_inputs/simulated_05/simulated_05_frame_00196.tif msi_inputs/simulated_05/simulated_05_frame_00197.tif msi_inputs/simulated_05/simulated_05_frame_00198.tif msi_inputs/simulated_05/simulated_05_frame_00199.tif,gt_outputs/simulated_05/simulated_05_gt_00192.png gt_outputs/simulated_05/simulated_05_gt_00193.png gt_outputs/simulated_05/simulated_05_gt_00194.png gt_outputs/simulated_05/simulated_05_gt_00195.png gt_outputs/simulated_05/simulated_05_gt_00196.png gt_outputs/simulated_05/simulated_05_gt_00197.png gt_outputs/simulated_05/simulated_05_gt_00198.png gt_outputs/simulated_05/simulated_05_gt_00199.png
277,msi_inputs/simulated_05/simulated_05_frame_00016.tif msi_inputs/simulated_05/simulated_05_frame_00017.tif msi_inputs/simulated_05/simulated_05_frame_00018.tif msi_inputs/simulated_05/simulated_05_frame_00019.tif msi_inputs/simulated_05/simulated_05_frame_00020.tif msi_inputs/simulated_05/simulated_05_frame_00021.tif msi_inputs/simulated_05/simulated_05_frame_00022.tif msi_inputs/simulated_05/simulated_05_frame_00023.tif,gt_outputs/simulated_05/simulated_05_gt_00016.png gt_outputs/simulated_05/simulated_05_gt_00017.png gt_outputs/simulated_05/simulated_05_gt_00018.png gt_outputs/simulated_05/simulated_05_gt_00019.png gt_outputs/simulated_05/simulated_05_gt_00020.png gt_outputs/simulated_05/simulated_05_gt_00021.png gt_outputs/simulated_05/simulated_05_gt_00022.png gt_outputs/simulated_05/simulated_05_gt_00023.png
278,msi_inputs/simulated_05/simulated_05_frame_00081.tif msi_inputs/simulated_05/simulated_05_frame_00091.tif msi_inputs/simulated_05/simulated_05_frame_00101.tif msi_inputs/simulated_05/simulated_05_frame_00111.tif msi_inputs/simulated_05/simulated_05_frame_00121.tif msi_inputs/simulated_05/simulated_05_frame_00131.tif msi_inputs/simulated_05/simulated_05_frame_00141.tif msi_inputs/simulated_05/simulated_05_frame_00151.tif,gt_outputs/simulated_05/simulated_05_gt_00081.png gt_outputs/simulated_05/simulated_05_gt_00091.png gt_outputs/simulated_05/simulated_05_gt_00101.png gt_outputs/simulated_05/simulated_05_gt_00111.png gt_outputs/simulated_05/simulated_05_gt_00121.png gt_outputs/simulated_05/simulated_05_gt_00131.png gt_outputs/simulated_05/simulated_05_gt_00141.png gt_outputs/simulated_05/simulated_05_gt_00151.png
279,msi_inputs/simulated_05/simulated_05_frame_00005.tif msi_inputs/simulated_05/simulated_05_frame_00015.tif msi_inputs/simulated_05/simulated_05_frame_00025.tif msi_inputs/simulated_05/simulated_05_frame_00035.tif msi_inputs/simulated_05/simulated_05_frame_00045.tif msi_inputs/simulated_05/simulated_05_frame_00055.tif msi_inputs/simulated_05/simulated_05_frame_00065.tif msi_inputs/simulated_05/simulated_05_frame_00075.tif,gt_outputs/simulated_05/simulated_05_gt_00005.png gt_outputs/simulated_05/simulated_05_gt_00015.png gt_outputs/simulated_05/simulated_05_gt_00025.png gt_outputs/simulated_05/simulated_05_gt_00035.png gt_outputs/simulated_05/simulated_05_gt_00045.png gt_outputs/simulated_05/simulated_05_gt_00055.png gt_outputs/simulated_05/simulated_05_gt_00065.png gt_outputs/simulated_05/simulated_05_gt_00075.png
280,msi_inputs/simulated_05/simulated_05_frame_00002.tif msi_inputs/simulated_05/simulated_05_frame_00012.tif msi_inputs/simulated_05/simulated_05_frame_00022.tif msi_inputs/simulated_05/simulated_05_frame_00032.tif msi_inputs/simulated_05/simulated_05_frame_00042.tif msi_inputs/simulated_05/simulated_05_frame_00052.tif msi_inputs/simulated_05/simulated_05_frame_00062.tif msi_inputs/simulated_05/simulated_05_frame_00072.tif,gt_outputs/simulated_05/simulated_05_gt_00002.png gt_outputs/simulated_05/simulated_05_gt_00012.png gt_outputs/simulated_05/simulated_05_gt_00022.png gt_outputs/simulated_05/simulated_05_gt_00032.png gt_outputs/simulated_05/simulated_05_gt_00042.png gt_outputs/simulated_05/simulated_05_gt_00052.png gt_outputs/simulated_05/simulated_05_gt_00062.png gt_outputs/simulated_05/simulated_05_gt_00072.png
281,msi_inputs/simulated_05/simulated_05_frame_00011.tif msi_inputs/simulated_05/simulated_05_frame_00036.tif msi_inputs/simulated_05/simulated_05_frame_00061.tif msi_inputs/simulated_05/simulated_05_frame_00086.tif msi_inputs/simulated_05/simulated_05_frame_00111.tif msi_inputs/simulated_05/simulated_05_frame_00136.tif msi_inputs/simulated_05/simulated_05_frame_00161.tif msi_inputs/simulated_05/simulated_05_frame_00186.tif,gt_outputs/simulated_05/simulated_05_gt_00011.png gt_outputs/simulated_05/simulated_05_gt_00036.png gt_outputs/simulated_05/simulated_05_gt_00061.png gt_outputs/simulated_05/simulated_05_gt_00086.png gt_outputs/simulated_05/simulated_05_gt_00111.png gt_outputs/simulated_05/simulated_05_gt_00136.png gt_outputs/simulated_05/simulated_05_gt_00161.png gt_outputs/simulated_05/simulated_05_gt_00186.png
282,msi_inputs/simulated_05/simulated_05_frame_00080.tif msi_inputs/simulated_05/simulated_05_frame_00085.tif msi_inputs/simulated_05/simulated_05_frame_00090.tif msi_inputs/simulated_05/simulated_05_frame_00095.tif msi_inputs/simulated_05/simulated_05_frame_00100.tif msi_inputs/simulated_05/simulated_05_frame_00105.tif msi_inputs/simulated_05/simulated_05_frame_00110.tif msi_inputs/simulated_05/simulated_05_frame_00115.tif,gt_outputs/simulated_05/simulated_05_gt_00080.png gt_outputs/simulated_05/simulated_05_gt_00085.png gt_outputs/simulated_05/simulated_05_gt_00090.png gt_outputs/simulated_05/simulated_05_gt_00095.png gt_outputs/simulated_05/simulated_05_gt_00100.png gt_outputs/simulated_05/simulated_05_gt_00105.png gt_outputs/simulated_05/simulated_05_gt_00110.png gt_outputs/simulated_05/simulated_05_gt_00115.png
283,msi_inputs/simulated_05/simulated_05_frame_00006.tif msi_inputs/simulated_05/simulated_05_frame_00031.tif msi_inputs/simulated_05/simulated_05_frame_00056.tif msi_inputs/simulated_05/simulated_05_frame_00081.tif msi_inputs/simulated_05/simulated_05_frame_00106.tif msi_inputs/simulated_05/simulated_05_frame_00131.tif msi_inputs/simulated_05/simulated_05_frame_00156.tif msi_inputs/simulated_05/simulated_05_frame_00181.tif,gt_outputs/simulated_05/simulated_05_gt_00006.png gt_outputs/simulated_05/simulated_05_gt_00031.png gt_outputs/simulated_05/simulated_05_gt_00056.png gt_outputs/simulated_05/simulated_05_gt_00081.png gt_outputs/simulated_05/simulated_05_gt_00106.png gt_outputs/simulated_05/simulated_05_gt_00131.png gt_outputs/simulated_05/simulated_05_gt_00156.png gt_outputs/simulated_05/simulated_05_gt_00181.png
284,msi_inputs/simulated_05/simulated_05_frame_00015.tif msi_inputs/simulated_05/simulated_05_frame_00040.tif msi_inputs/simulated_05/simulated_05_frame_00065.tif msi_inputs/simulated_05/simulated_05_frame_00090.tif msi_inputs/simulated_05/simulated_05_frame_00115.tif msi_inputs/simulated_05/simulated_05_frame_00140.tif msi_inputs/simulated_05/simulated_05_frame_00165.tif msi_inputs/simulated_05/simulated_05_frame_00190.tif,gt_outputs/simulated_05/simulated_05_gt_00015.png gt_outputs/simulated_05/simulated_05_gt_00040.png gt_outputs/simulated_05/simulated_05_gt_00065.png gt_outputs/simulated_05/simulated_05_gt_00090.png gt_outputs/simulated_05/simulated_05_gt_00115.png gt_outputs/simulated_05/simulated_05_gt_00140.png gt_outputs/simulated_05/simulated_05_gt_00165.png gt_outputs/simulated_05/simulated_05_gt_00190.png
285,msi_inputs/simulated_05/simulated_05_frame_00004.tif msi_inputs/simulated_05/simulated_05_frame_00014.tif msi_inputs/simulated_05/simulated_05_frame_00024.tif msi_inputs/simulated_05/simulated_05_frame_00034.tif msi_inputs/simulated_05/simulated_05_frame_00044.tif msi_inputs/simulated_05/simulated_05_frame_00054.tif msi_inputs/simulated_05/simulated_05_frame_00064.tif msi_inputs/simulated_05/simulated_05_frame_00074.tif,gt_outputs/simulated_05/simulated_05_gt_00004.png gt_outputs/simulated_05/simulated_05_gt_00014.png gt_outputs/simulated_05/simulated_05_gt_00024.png gt_outputs/simulated_05/simulated_05_gt_00034.png gt_outputs/simulated_05/simulated_05_gt_00044.png gt_outputs/simulated_05/simulated_05_gt_00054.png gt_outputs/simulated_05/simulated_05_gt_00064.png gt_outputs/simulated_05/simulated_05_gt_00074.png
286,msi_inputs/simulated_05/simulated_05_frame_00164.tif msi_inputs/simulated_05/simulated_05_frame_00169.tif msi_inputs/simulated_05/simulated_05_frame_00174.tif msi_inputs/simulated_05/simulated_05_frame_00179.tif msi_inputs/simulated_05/simulated_05_frame_00184.tif msi_inputs/simulated_05/simulated_05_frame_00189.tif msi_inputs/simulated_05/simulated_05_frame_00194.tif msi_inputs/simulated_05/simulated_05_frame_00199.tif,gt_outputs/simulated_05/simulated_05_gt_00164.png gt_outputs/simulated_05/simulated_05_gt_00169.png gt_outputs/simulated_05/simulated_05_gt_00174.png gt_outputs/simulated_05/simulated_05_gt_00179.png gt_outputs/simulated_05/simulated_05_gt_00184.png gt_outputs/simulated_05/simulated_05_gt_00189.png gt_outputs/simulated_05/simulated_05_gt_00194.png gt_outputs/simulated_05/simulated_05_gt_00199.png
287,msi_inputs/simulated_05/simulated_05_frame_00000.tif msi_inputs/simulated_05/simulated_05_frame_00010.tif msi_inputs/simulated_05/simulated_05_frame_00020.tif msi_inputs/simulated_05/simulated_05_frame_00030.tif msi_inputs/simulated_05/simulated_05_frame_00040.tif msi_inputs/simulated_05/simulated_05_frame_00050.tif msi_inputs/simulated_05/simulated_05_frame_00060.tif msi_inputs/simulated_05/simulated_05_frame_00070.tif,gt_outputs/simulated_05/simulated_05_gt_00000.png gt_outputs/simulated_05/simulated_05_gt_00010.png gt_outputs/simulated_05/simulated_05_gt_00020.png gt_outputs/simulated_05/simulated_05_gt_00030.png gt_outputs/simulated_05/simulated_05_gt_00040.png gt_outputs/simulated_05/simulated_05_gt_00050.png gt_outputs/simulated_05/simulated_05_gt_00060.png gt_outputs/simulated_05/simulated_05_gt_00070.png
288,msi_inputs/simulated_05/simulated_05_frame_00082.tif msi_inputs/simulated_05/simulated_05_frame_00092.tif msi_inputs/simulated_05/simulated_05_frame_00102.tif msi_inputs/simulated_05/simulated_05_frame_00112.tif msi_inputs/simulated_05/simulated_05_frame_00122.tif msi_inputs/simulated_05/simulated_05_frame_00132.tif msi_inputs/simulated_05/simulated_05_frame_00142.tif msi_inputs/simulated_05/simulated_05_frame_00152.tif,gt_outputs/simulated_05/simulated_05_gt_00082.png gt_outputs/simulated_05/simulated_05_gt_00092.png gt_outputs/simulated_05/simulated_05_gt_00102.png gt_outputs/simulated_05/simulated_05_gt_00112.png gt_outputs/simulated_05/simulated_05_gt_00122.png gt_outputs/simulated_05/simulated_05_gt_00132.png gt_outputs/simulated_05/simulated_05_gt_00142.png gt_outputs/simulated_05/simulated_05_gt_00152.png
289,msi_inputs/simulated_05/simulated_05_frame_00124.tif msi_inputs/simulated_05/simulated_05_frame_00129.tif msi_inputs/simulated_05/simulated_05_frame_00134.tif msi_inputs/simulated_05/simulated_05_frame_00139.tif msi_inputs/simulated_05/simulated_05_frame_00144.tif msi_inputs/simulated_05/simulated_05_frame_00149.tif msi_inputs/simulated_05/simulated_05_frame_00154.tif msi_inputs/simulated_05/simulated_05_frame_00159.tif,gt_outputs/simulated_05/simulated_05_gt_00124.png gt_outputs/simulated_05/simulated_05_gt_00129.png gt_outputs/simulated_05/simulated_05_gt_00134.png gt_outputs/simulated_05/simulated_05_gt_00139.png gt_outputs/simulated_05/simulated_05_gt_00144.png gt_outputs/simulated_05/simulated_05_gt_00149.png gt_outputs/simulated_05/simulated_05_gt_00154.png gt_outputs/simulated_05/simulated_05_gt_00159.png
290,msi_inputs/simulated_05/simulated_05_frame_00040.tif msi_inputs/simulated_05/simulated_05_frame_00045.tif msi_inputs/simulated_05/simulated_05_frame_00050.tif msi_inputs/simulated_05/simulated_05_frame_00055.tif msi_inputs/simulated_05/simulated_05_frame_00060.tif msi_inputs/simulated_05/simulated_05_frame_00065.tif msi_inputs/simulated_05/simulated_05_frame_00070.tif msi_inputs/simulated_05/simulated_05_frame_00075.tif,gt_outputs/simulated_05/simulated_05_gt_00040.png gt_outputs/simulated_05/simulated_05_gt_00045.png gt_outputs/simulated_05/simulated_05_gt_00050.png gt_outputs/simulated_05/simulated_05_gt_00055.png gt_outputs/simulated_05/simulated_05_gt_00060.png gt_outputs/simulated_05/simulated_05_gt_00065.png gt_outputs/simulated_05/simulated_05_gt_00070.png gt_outputs/simulated_05/simulated_05_gt_00075.png
291,msi_inputs/simulated_05/simulated_05_frame_00080.tif msi_inputs/simulated_05/simulated_05_frame_00081.tif msi_inputs/simulated_05/simulated_05_frame_00082.tif msi_inputs/simulated_05/simulated_05_frame_00083.tif msi_inputs/simulated_05/simulated_05_frame_00084.tif msi_inputs/simulated_05/simulated_05_frame_00085.tif msi_inputs/simulated_05/simulated_05_frame_00086.tif msi_inputs/simulated_05/simulated_05_frame_00087.tif,gt_outputs/simulated_05/simulated_05_gt_00080.png gt_outputs/simulated_05/simulated_05_gt_00081.png gt_outputs/simulated_05/simulated_05_gt_00082.png gt_outputs/simulated_05/simulated_05_gt_00083.png gt_outputs/simulated_05/simulated_05_gt_00084.png gt_outputs/simulated_05/simulated_05_gt_00085.png gt_outputs/simulated_05/simulated_05_gt_00086.png gt_outputs/simulated_05/simulated_05_gt_00087.png
292,msi_inputs/simulated_05/simulated_05_frame_00000.tif msi_inputs/simulated_05/simulated_05_frame_00025.tif msi_inputs/simulated_05/simulated_05_frame_00050.tif msi_inputs/simulated_05/simulated_05_frame_00075.tif msi_inputs/simulated_05/simulated_05_frame_00100.tif msi_inputs/simulated_05/simulated_05_frame_00125.tif msi_inputs/simulated_05/simulated_05_frame_00150.tif msi_inputs/simulated_05/simulated_05_frame_00175.tif,gt_outputs/simulated_05/simulated_05_gt_00000.png gt_outputs/simulated_05/simulated_05_gt_00025.png gt_outputs/simulated_05/simulated_05_gt_00050.png gt_outputs/simulated_05/simulated_05_gt_00075.png gt_outputs/simulated_05/simulated_05_gt_00100.png gt_outputs/simulated_05/simulated_05_gt_00125.png gt_outputs/simulated_05/simulated_05_gt_00150.png gt_outputs/simulated_05/simulated_05_gt_00175.png
293,msi_inputs/simulated_05/simulated_05_frame_00104.tif msi_inputs/simulated_05/simulated_05_frame_00105.tif msi_inputs/simulated_05/simulated_05_frame_00106.tif msi_inputs/simulated_05/simulated_05_frame_00107.tif msi_inputs/simulated_05/simulated_05_frame_00108.tif msi_inputs/simulated_05/simulated_05_frame_00109.tif msi_inputs/simulated_05/simulated_05_frame_00110.tif msi_inputs/simulated_05/simulated_05_frame_00111.tif,gt_outputs/simulated_05/simulated_05_gt_00104.png gt_outputs/simulated_05/simulated_05_gt_00105.png gt_outputs/simulated_05/simulated_05_gt_00106.png gt_outputs/simulated_05/simulated_05_gt_00107.png gt_outputs/simulated_05/simulated_05_gt_00108.png gt_outputs/simulated_05/simulated_05_gt_00109.png gt_outputs/simulated_05/simulated_05_gt_00110.png gt_outputs/simulated_05/simulated_05_gt_00111.png
294,msi_inputs/simulated_05/simulated_05_frame_00083.tif msi_inputs/simulated_05/simulated_05_frame_00088.tif msi_inputs/simulated_05/simulated_05_frame_00093.tif msi_inputs/simulated_05/simulated_05_frame_00098.tif msi_inputs/simulated_05/simulated_05_frame_00103.tif msi_inputs/simulated_05/simulated_05_frame_00108.tif msi_inputs/simulated_05/simulated_05_frame_00113.tif msi_inputs/simulated_05/simulated_05_frame_00118.tif,gt_outputs/simulated_05/simulated_05_gt_00083.png gt_outputs/simulated_05/simulated_05_gt_00088.png gt_outputs/simulated_05/simulated_05_gt_00093.png gt_outputs/simulated_05/simulated_05_gt_00098.png gt_outputs/simulated_05/simulated_05_gt_00103.png gt_outputs/simulated_05/simulated_05_gt_00108.png gt_outputs/simulated_05/simulated_05_gt_00113.png gt_outputs/simulated_05/simulated_05_gt_00118.png
295,msi_inputs/simulated_05/simulated_05_frame_00007.tif msi_inputs/simulated_05/simulated_05_frame_00032.tif msi_inputs/simulated_05/simulated_05_frame_00057.tif msi_inputs/simulated_05/simulated_05_frame_00082.tif msi_inputs/simulated_05/simulated_05_frame_00107.tif msi_inputs/simulated_05/simulated_05_frame_00132.tif msi_inputs/simulated_05/simulated_05_frame_00157.tif msi_inputs/simulated_05/simulated_05_frame_00182.tif,gt_outputs/simulated_05/simulated_05_gt_00007.png gt_outputs/simulated_05/simulated_05_gt_00032.png gt_outputs/simulated_05/simulated_05_gt_00057.png gt_outputs/simulated_05/simulated_05_gt_00082.png gt_outputs/simulated_05/simulated_05_gt_00107.png gt_outputs/simulated_05/simulated_05_gt_00132.png gt_outputs/simulated_05/simulated_05_gt_00157.png gt_outputs/simulated_05/simulated_05_gt_00182.png
296,msi_inputs/simulated_05/simulated_05_frame_00000.tif msi_inputs/simulated_05/simulated_05_frame_00005.tif msi_inputs/simulated_05/simulated_05_frame_00010.tif msi_inputs/simulated_05/simulated_05_frame_00015.tif msi_inputs/simulated_05/simulated_05_frame_00020.tif msi_inputs/simulated_05/simulated_05_frame_00025.tif msi_inputs/simulated_05/simulated_05_frame_00030.tif msi_inputs/simulated_05/simulated_05_frame_00035.tif,gt_outputs/simulated_05/simulated_05_gt_00000.png gt_outputs/simulated_05/simulated_05_gt_00005.png gt_outputs/simulated_05/simulated_05_gt_00010.png gt_outputs/simulated_05/simulated_05_gt_00015.png gt_outputs/simulated_05/simulated_05_gt_00020.png gt_outputs/simulated_05/simulated_05_gt_00025.png gt_outputs/simulated_05/simulated_05_gt_00030.png gt_outputs/simulated_05/simulated_05_gt_00035.png
297,msi_inputs/simulated_05/simulated_05_frame_00044.tif msi_inputs/simulated_05/simulated_05_frame_00049.tif msi_inputs/simulated_05/simulated_05_frame_00054.tif msi_inputs/simulated_05/simulated_05_frame_00059.tif msi_inputs/simulated_05/simulated_05_frame_00064.tif msi_inputs/simulated_05/simulated_05_frame_00069.tif msi_inputs/simulated_05/simulated_05_frame_00074.tif msi_inputs/simulated_05/simulated_05_frame_00079.tif,gt_outputs/simulated_05/simulated_05_gt_00044.png gt_outputs/simulated_05/simulated_05_gt_00049.png gt_outputs/simulated_05/simulated_05_gt_00054.png gt_outputs/simulated_05/simulated_05_gt_00059.png gt_outputs/simulated_05/simulated_05_gt_00064.png gt_outputs/simulated_05/simulated_05_gt_00069.png gt_outputs/simulated_05/simulated_05_gt_00074.png gt_outputs/simulated_05/simulated_05_gt_00079.png
298,msi_inputs/simulated_05/simulated_05_frame_00086.tif msi_inputs/simulated_05/simulated_05_frame_00096.tif msi_inputs/simulated_05/simulated_05_frame_00106.tif msi_inputs/simulated_05/simulated_05_frame_00116.tif msi_inputs/simulated_05/simulated_05_frame_00126.tif msi_inputs/simulated_05/simulated_05_frame_00136.tif msi_inputs/simulated_05/simulated_05_frame_00146.tif msi_inputs/simulated_05/simulated_05_frame_00156.tif,gt_outputs/simulated_05/simulated_05_gt_00086.png gt_outputs/simulated_05/simulated_05_gt_00096.png gt_outputs/simulated_05/simulated_05_gt_00106.png gt_outputs/simulated_05/simulated_05_gt_00116.png gt_outputs/simulated_05/simulated_05_gt_00126.png gt_outputs/simulated_05/simulated_05_gt_00136.png gt_outputs/simulated_05/simulated_05_gt_00146.png gt_outputs/simulated_05/simulated_05_gt_00156.png
299,msi_inputs/simulated_05/simulated_05_frame_00009.tif msi_inputs/simulated_05/simulated_05_frame_00019.tif msi_inputs/simulated_05/simulated_05_frame_00029.tif msi_inputs/simulated_05/simulated_05_frame_00039.tif msi_inputs/simulated_05/simulated_05_frame_00049.tif msi_inputs/simulated_05/simulated_05_frame_00059.tif msi_inputs/simulated_05/simulated_05_frame_00069.tif msi_inputs/simulated_05/simulated_05_frame_00079.tif,gt_outputs/simulated_05/simulated_05_gt_00009.png gt_outputs/simulated_05/simulated_05_gt_00019.png gt_outputs/simulated_05/simulated_05_gt_00029.png gt_outputs/simulated_05/simulated_05_gt_00039.png gt_outputs/simulated_05/simulated_05_gt_00049.png gt_outputs/simulated_05/simulated_05_gt_00059.png gt_outputs/simulated_05/simulated_05_gt_00069.png gt_outputs/simulated_05/simulated_05_gt_00079.png
300,msi_inputs/simulated_05/simulated_05_frame_00084.tif msi_inputs/simulated_05/simulated_05_frame_00089.tif msi_inputs/simulated_05/simulated_05_frame_00094.tif msi_inputs/simulated_05/simulated_05_frame_00099.tif msi_inputs/simulated_05/simulated_05_frame_00104.tif msi_inputs/simulated_05/simulated_05_frame_00109.tif msi_inputs/simulated_05/simulated_05_frame_00114.tif msi_inputs/simulated_05/simulated_05_frame_00119.tif,gt_outputs/simulated_05/simulated_05_gt_00084.png gt_outputs/simulated_05/simulated_05_gt_00089.png gt_outputs/simulated_05/simulated_05_gt_00094.png gt_outputs/simulated_05/simulated_05_gt_00099.png gt_outputs/simulated_05/simulated_05_gt_00104.png gt_outputs/simulated_05/simulated_05_gt_00109.png gt_outputs/simulated_05/simulated_05_gt_00114.png gt_outputs/simulated_05/simulated_05_gt_00119.png
301,msi_inputs/simulated_05/simulated_05_frame_00017.tif msi_inputs/simulated_05/simulated_05_frame_00042.tif msi_inputs/simulated_05/simulated_05_frame_00067.tif msi_inputs/simulated_05/simulated_05_frame_00092.tif msi_inputs/simulated_05/simulated_05_frame_00117.tif msi_inputs/simulated_05/simulated_05_frame_00142.tif msi_inputs/simulated_05/simulated_05_frame_00167.tif msi_inputs/simulated_05/simulated_05_frame_00192.tif,gt_outputs/simulated_05/simulated_05_gt_00017.png gt_outputs/simulated_05/simulated_05_gt_00042.png gt_outputs/simulated_05/simulated_05_gt_00067.png gt_outputs/simulated_05/simulated_05_gt_00092.png gt_outputs/simulated_05/simulated_05_gt_00117.png gt_outputs/simulated_05/simulated_05_gt_00142.png gt_outputs/simulated_05/simulated_05_gt_00167.png gt_outputs/simulated_05/simulated_05_gt_00192.png
302,msi_inputs/simulated_05/simulated_05_frame_00013.tif msi_inputs/simulated_05/simulated_05_frame_00038.tif msi_inputs/simulated_05/simulated_05_frame_00063.tif msi_inputs/simulated_05/simulated_05_frame_00088.tif msi_inputs/simulated_05/simulated_05_frame_00113.tif msi_inputs/simulated_05/simulated_05_frame_00138.tif msi_inputs/simulated_05/simulated_05_frame_00163.tif msi_inputs/simulated_05/simulated_05_frame_00188.tif,gt_outputs/simulated_05/simulated_05_gt_00013.png gt_outputs/simulated_05/simulated_05_gt_00038.png gt_outputs/simulated_05/simulated_05_gt_00063.png gt_outputs/simulated_05/simulated_05_gt_00088.png gt_outputs/simulated_05/simulated_05_gt_00113.png gt_outputs/simulated_05/simulated_05_gt_00138.png gt_outputs/simulated_05/simulated_05_gt_00163.png gt_outputs/simulated_05/simulated_05_gt_00188.png
303,msi_inputs/simulated_05/simulated_05_frame_00005.tif msi_inputs/simulated_05/simulated_05_frame_00030.tif msi_inputs/simulated_05/simulated_05_frame_00055.tif msi_inputs/simulated_05/simulated_05_frame_00080.tif msi_inputs/simulated_05/simulated_05_frame_00105.tif msi_inputs/simulated_05/simulated_05_frame_00130.tif msi_inputs/simulated_05/simulated_05_frame_00155.tif msi_inputs/simulated_05/simulated_05_frame_00180.tif,gt_outputs/simulated_05/simulated_05_gt_00005.png gt_outputs/simulated_05/simulated_05_gt_00030.png gt_outputs/simulated_05/simulated_05_gt_00055.png gt_outputs/simulated_05/simulated_05_gt_00080.png gt_outputs/simulated_05/simulated_05_gt_00105.png gt_outputs/simulated_05/simulated_05_gt_00130.png gt_outputs/simulated_05/simulated_05_gt_00155.png gt_outputs/simulated_05/simulated_05_gt_00180.png
304,msi_inputs/simulated_05/simulated_05_frame_00064.tif msi_inputs/simulated_05/simulated_05_frame_00065.tif msi_inputs/simulated_05/simulated_05_frame_00066.tif msi_inputs/simulated_05/simulated_05_frame_00067.tif msi_inputs/simulated_05/simulated_05_frame_00068.tif msi_inputs/simulated_05/simulated_05_frame_00069.tif msi_inputs/simulated_05/simulated_05_frame_00070.tif msi_inputs/simulated_05/simulated_05_frame_00071.tif,gt_outputs/simulated_05/simulated_05_gt_00064.png gt_outputs/simulated_05/simulated_05_gt_00065.png gt_outputs/simulated_05/simulated_05_gt_00066.png gt_outputs/simulated_05/simulated_05_gt_00067.png gt_outputs/simulated_05/simulated_05_gt_00068.png gt_outputs/simulated_05/simulated_05_gt_00069.png gt_outputs/simulated_05/simulated_05_gt_00070.png gt_outputs/simulated_05/simulated_05_gt_00071.png
305,msi_inputs/simulated_05/simulated_05_frame_00009.tif msi_inputs/simulated_05/simulated_05_frame_00034.tif msi_inputs/simulated_05/simulated_05_frame_00059.tif msi_inputs/simulated_05/simulated_05_frame_00084.tif msi_inputs/simulated_05/simulated_05_frame_00109.tif msi_inputs/simulated_05/simulated_05_frame_00134.tif msi_inputs/simulated_05/simulated_05_frame_00159.tif msi_inputs/simulated_05/simulated_05_frame_00184.tif,gt_outputs/simulated_05/simulated_05_gt_00009.png gt_outputs/simulated_05/simulated_05_gt_00034.png gt_outputs/simulated_05/simulated_05_gt_00059.png gt_outputs/simulated_05/simulated_05_gt_00084.png gt_outputs/simulated_05/simulated_05_gt_00109.png gt_outputs/simulated_05/simulated_05_gt_00134.png gt_outputs/simulated_05/simulated_05_gt_00159.png gt_outputs/simulated_05/simulated_05_gt_00184.png
306,msi_inputs/simulated_05/simulated_05_frame_00001.tif msi_inputs/simulated_05/simulated_05_frame_00011.tif msi_inputs/simulated_05/simulated_05_frame_00021.tif msi_inputs/simulated_05/simulated_05_frame_00031.tif msi_inputs/simulated_05/simulated_05_frame_00041.tif msi_inputs/simulated_05/simulated_05_frame_00051.tif msi_inputs/simulated_05/simulated_05_frame_00061.tif msi_inputs/simulated_05/simulated_05_frame_00071.tif,gt_outputs/simulated_05/simulated_05_gt_00001.png gt_outputs/simulated_05/simulated_05_gt_00011.png gt_outputs/simulated_05/simulated_05_gt_00021.png gt_outputs/simulated_05/simulated_05_gt_00031.png gt_outputs/simulated_05/simulated_05_gt_00041.png gt_outputs/simulated_05/simulated_05_gt_00051.png gt_outputs/simulated_05/simulated_05_gt_00061.png gt_outputs/simulated_05/simulated_05_gt_00071.png
307,msi_inputs/simulated_05/simulated_05_frame_00007.tif msi_inputs/simulated_05/simulated_05_frame_00017.tif msi_inputs/simulated_05/simulated_05_frame_00027.tif msi_inputs/simulated_05/simulated_05_frame_00037.tif msi_inputs/simulated_05/simulated_05_frame_00047.tif msi_inputs/simulated_05/simulated_05_frame_00057.tif msi_inputs/simulated_05/simulated_05_frame_00067.tif msi_inputs/simulated_05/simulated_05_frame_00077.tif,gt_outputs/simulated_05/simulated_05_gt_00007.png gt_outputs/simulated_05/simulated_05_gt_00017.png gt_outputs/simulated_05/simulated_05_gt_00027.png gt_outputs/simulated_05/simulated_05_gt_00037.png gt_outputs/simulated_05/simulated_05_gt_00047.png gt_outputs/simulated_05/simulated_05_gt_00057.png gt_outputs/simulated_05/simulated_05_gt_00067.png gt_outputs/simulated_05/simulated_05_gt_00077.png
308,msi_inputs/simulated_05/simulated_05_frame_00004.tif msi_inputs/simulated_05/simulated_05_frame_00009.tif msi_inputs/simulated_05/simulated_05_frame_00014.tif msi_inputs/simulated_05/simulated_05_frame_00019.tif msi_inputs/simulated_05/simulated_05_frame_00024.tif msi_inputs/simulated_05/simulated_05_frame_00029.tif msi_inputs/simulated_05/simulated_05_frame_00034.tif msi_inputs/simulated_05/simulated_05_frame_00039.tif,gt_outputs/simulated_05/simulated_05_gt_00004.png gt_outputs/simulated_05/simulated_05_gt_00009.png gt_outputs/simulated_05/simulated_05_gt_00014.png gt_outputs/simulated_05/simulated_05_gt_00019.png gt_outputs/simulated_05/simulated_05_gt_00024.png gt_outputs/simulated_05/simulated_05_gt_00029.png gt_outputs/simulated_05/simulated_05_gt_00034.png gt_outputs/simulated_05/simulated_05_gt_00039.png
309,msi_inputs/simulated_05/simulated_05_frame_00089.tif msi_inputs/simulated_05/simulated_05_frame_00099.tif msi_inputs/simulated_05/simulated_05_frame_00109.tif msi_inputs/simulated_05/simulated_05_frame_00119.tif msi_inputs/simulated_05/simulated_05_frame_00129.tif msi_inputs/simulated_05/simulated_05_frame_00139.tif msi_inputs/simulated_05/simulated_05_frame_00149.tif msi_inputs/simulated_05/simulated_05_frame_00159.tif,gt_outputs/simulated_05/simulated_05_gt_00089.png gt_outputs/simulated_05/simulated_05_gt_00099.png gt_outputs/simulated_05/simulated_05_gt_00109.png gt_outputs/simulated_05/simulated_05_gt_00119.png gt_outputs/simulated_05/simulated_05_gt_00129.png gt_outputs/simulated_05/simulated_05_gt_00139.png gt_outputs/simulated_05/simulated_05_gt_00149.png gt_outputs/simulated_05/simulated_05_gt_00159.png
310,msi_inputs/simulated_05/simulated_05_frame_00001.tif msi_inputs/simulated_05/simulated_05_frame_00026.tif msi_inputs/simulated_05/simulated_05_frame_00051.tif msi_inputs/simulated_05/simulated_05_frame_00076.tif msi_inputs/simulated_05/simulated_05_frame_00101.tif msi_inputs/simulated_05/simulated_05_frame_00126.tif msi_inputs/simulated_05/simulated_05_frame_00151.tif msi_inputs/simulated_05/simulated_05_frame_00176.tif,gt_outputs/simulated_05/simulated_05_gt_00001.png gt_outputs/simulated_05/simulated_05_gt_00026.png gt_outputs/simulated_05/simulated_05_gt_00051.png gt_outputs/simulated_05/simulated_05_gt_00076.png gt_outputs/simulated_05/simulated_05_gt_00101.png gt_outputs/simulated_05/simulated_05_gt_00126.png gt_outputs/simulated_05/simulated_05_gt_00151.png gt_outputs/simulated_05/simulated_05_gt_00176.png
311,msi_inputs/simulated_05/simulated_05_frame_00014.tif msi_inputs/simulated_05/simulated_05_frame_00039.tif msi_inputs/simulated_05/simulated_05_frame_00064.tif msi_inputs/simulated_05/simulated_05_frame_00089.tif msi_inputs/simulated_05/simulated_05_frame_00114.tif msi_inputs/simulated_05/simulated_05_frame_00139.tif msi_inputs/simulated_05/simulated_05_frame_00164.tif msi_inputs/simulated_05/simulated_05_frame_00189.tif,gt_outputs/simulated_05/simulated_05_gt_00014.png gt_outputs/simulated_05/simulated_05_gt_00039.png gt_outputs/simulated_05/simulated_05_gt_00064.png gt_outputs/simulated_05/simulated_05_gt_00089.png gt_outputs/simulated_05/simulated_05_gt_00114.png gt_outputs/simulated_05/simulated_05_gt_00139.png gt_outputs/simulated_05/simulated_05_gt_00164.png gt_outputs/simulated_05/simulated_05_gt_00189.png
312,msi_inputs/simulated_05/simulated_05_frame_00003.tif msi_inputs/simulated_05/simulated_05_frame_00028.tif msi_inputs/simulated_05/simulated_05_frame_00053.tif msi_inputs/simulated_05/simulated_05_frame_00078.tif msi_inputs/simulated_05/simulated_05_frame_00103.tif msi_inputs/simulated_05/simulated_05_frame_00128.tif msi_inputs/simulated_05/simulated_05_frame_00153.tif msi_inputs/simulated_05/simulated_05_frame_00178.tif,gt_outputs/simulated_05/simulated_05_gt_00003.png gt_outputs/simulated_05/simulated_05_gt_00028.png gt_outputs/simulated_05/simulated_05_gt_00053.png gt_outputs/simulated_05/simulated_05_gt_00078.png gt_outputs/simulated_05/simulated_05_gt_00103.png gt_outputs/simulated_05/simulated_05_gt_00128.png gt_outputs/simulated_05/simulated_05_gt_00153.png gt_outputs/simulated_05/simulated_05_gt_00178.png
313,msi_inputs/simulated_05/simulated_05_frame_00084.tif msi_inputs/simulated_05/simulated_05_frame_00094.tif msi_inputs/simulated_05/simulated_05_frame_00104.tif msi_inputs/simulated_05/simulated_05_frame_00114.tif msi_inputs/simulated_05/simulated_05_frame_00124.tif msi_inputs/simulated_05/simulated_05_frame_00134.tif msi_inputs/simulated_05/simulated_05_frame_00144.tif msi_inputs/simulated_05/simulated_05_frame_00154.tif,gt_outputs/simulated_05/simulated_05_gt_00084.png gt_outputs/simulated_05/simulated_05_gt_00094.png gt_outputs/simulated_05/simulated_05_gt_00104.png gt_outputs/simulated_05/simulated_05_gt_00114.png gt_outputs/simulated_05/simulated_05_gt_00124.png gt_outputs/simulated_05/simulated_05_gt_00134.png gt_outputs/simulated_05/simulated_05_gt_00144.png gt_outputs/simulated_05/simulated_05_gt_00154.png
314,msi_inputs/simulated_05/simulated_05_frame_00024.tif msi_inputs/simulated_05/simulated_05_frame_00025.tif msi_inputs/simulated_05/simulated_05_frame_00026.tif msi_inputs/simulated_05/simulated_05_frame_00027.tif msi_inputs/simulated_05/simulated_05_frame_00028.tif msi_inputs/simulated_05/simulated_05_frame_00029.tif msi_inputs/simulated_05/simulated_05_frame_00030.tif msi_inputs/simulated_05/simulated_05_frame_00031.tif,gt_outputs/simulated_05/simulated_05_gt_00024.png gt_outputs/simulated_05/simulated_05_gt_00025.png gt_outputs/simulated_05/simulated_05_gt_00026.png gt_outputs/simulated_05/simulated_05_gt_00027.png gt_outputs/simulated_05/simulated_05_gt_00028.png gt_outputs/simulated_05/simulated_05_gt_00029.png gt_outputs/simulated_05/simulated_05_gt_00030.png gt_outputs/simulated_05/simulated_05_gt_00031.png
315,msi_inputs/simulated_05/simulated_05_frame_00040.tif msi_inputs/simulated_05/simulated_05_frame_00041.tif msi_inputs/simulated_05/simulated_05_frame_00042.tif msi_inputs/simulated_05/simulated_05_frame_00043.tif msi_inputs/simulated_05/simulated_05_frame_00044.tif msi_inputs/simulated_05/simulated_05_frame_00045.tif msi_inputs/simulated_05/simulated_05_frame_00046.tif msi_inputs/simulated_05/simulated_05_frame_00047.tif,gt_outputs/simulated_05/simulated_05_gt_00040.png gt_outputs/simulated_05/simulated_05_gt_00041.png gt_outputs/simulated_05/simulated_05_gt_00042.png gt_outputs/simulated_05/simulated_05_gt_00043.png gt_outputs/simulated_05/simulated_05_gt_00044.png gt_outputs/simulated_05/simulated_05_gt_00045.png gt_outputs/simulated_05/simulated_05_gt_00046.png gt_outputs/simulated_05/simulated_05_gt_00047.png
316,msi_inputs/simulated_05/simulated_05_frame_00024.tif msi_inputs/simulated_05/simulated_05_frame_00049.tif msi_inputs/simulated_05/simulated_05_frame_00074.tif msi_inputs/simulated_05/simulated_05_frame_00099.tif msi_inputs/simulated_05/simulated_05_frame_00124.tif msi_inputs/simulated_05/simulated_05_frame_00149.tif msi_inputs/simulated_05/simulated_05_frame_00174.tif msi_inputs/simulated_05/simulated_05_frame_00199.tif,gt_outputs/simulated_05/simulated_05_gt_00024.png gt_outputs/simulated_05/simulated_05_gt_00049.png gt_outputs/simulated_05/simulated_05_gt_00074.png gt_outputs/simulated_05/simulated_05_gt_00099.png gt_outputs/simulated_05/simulated_05_gt_00124.png gt_outputs/simulated_05/simulated_05_gt_00149.png gt_outputs/simulated_05/simulated_05_gt_00174.png gt_outputs/simulated_05/simulated_05_gt_00199.png
317,msi_inputs/simulated_05/simulated_05_frame_00022.tif msi_inputs/simulated_05/simulated_05_frame_00047.tif msi_inputs/simulated_05/simulated_05_frame_00072.tif msi_inputs/simulated_05/simulated_05_frame_00097.tif msi_inputs/simulated_05/simulated_05_frame_00122.tif msi_inputs/simulated_05/simulated_05_frame_00147.tif msi_inputs/simulated_05/simulated_05_frame_00172.tif msi_inputs/simulated_05/simulated_05_frame_00197.tif,gt_outputs/simulated_05/simulated_05_gt_00022.png gt_outputs/simulated_05/simulated_05_gt_00047.png gt_outputs/simulated_05/simulated_05_gt_00072.png gt_outputs/simulated_05/simulated_05_gt_00097.png gt_outputs/simulated_05/simulated_05_gt_00122.png gt_outputs/simulated_05/simulated_05_gt_00147.png gt_outputs/simulated_05/simulated_05_gt_00172.png gt_outputs/simulated_05/simulated_05_gt_00197.png
318,msi_inputs/simulated_05/simulated_05_frame_00136.tif msi_inputs/simulated_05/simulated_05_frame_00137.tif msi_inputs/simulated_05/simulated_05_frame_00138.tif msi_inputs/simulated_05/simulated_05_frame_00139.tif msi_inputs/simulated_05/simulated_05_frame_00140.tif msi_inputs/simulated_05/simulated_05_frame_00141.tif msi_inputs/simulated_05/simulated_05_frame_00142.tif msi_inputs/simulated_05/simulated_05_frame_00143.tif,gt_outputs/simulated_05/simulated_05_gt_00136.png gt_outputs/simulated_05/simulated_05_gt_00137.png gt_outputs/simulated_05/simulated_05_gt_00138.png gt_outputs/simulated_05/simulated_05_gt_00139.png gt_outputs/simulated_05/simulated_05_gt_00140.png gt_outputs/simulated_05/simulated_05_gt_00141.png gt_outputs/simulated_05/simulated_05_gt_00142.png gt_outputs/simulated_05/simulated_05_gt_00143.png
319,msi_inputs/simulated_05/simulated_05_frame_00003.tif msi_inputs/simulated_05/simulated_05_frame_00013.tif msi_inputs/simulated_05/simulated_05_frame_00023.tif msi_inputs/simulated_05/simulated_05_frame_00033.tif msi_inputs/simulated_05/simulated_05_frame_00043.tif msi_inputs/simulated_05/simulated_05_frame_00053.tif msi_inputs/simulated_05/simulated_05_frame_00063.tif msi_inputs/simulated_05/simulated_05_frame_00073.tif,gt_outputs/simulated_05/simulated_05_gt_00003.png gt_outputs/simulated_05/simulated_05_gt_00013.png gt_outputs/simulated_05/simulated_05_gt_00023.png gt_outputs/simulated_05/simulated_05_gt_00033.png gt_outputs/simulated_05/simulated_05_gt_00043.png gt_outputs/simulated_05/simulated_05_gt_00053.png gt_outputs/simulated_05/simulated_05_gt_00063.png gt_outputs/simulated_05/simulated_05_gt_00073.png
320,msi_inputs/simulated_05/simulated_05_frame_00008.tif msi_inputs/simulated_05/simulated_05_frame_00009.tif msi_inputs/simulated_05/simulated_05_frame_00010.tif msi_inputs/simulated_05/simulated_05_frame_00011.tif msi_inputs/simulated_05/simulated_05_frame_00012.tif msi_inputs/simulated_05/simulated_05_frame_00013.tif msi_inputs/simulated_05/simulated_05_frame_00014.tif msi_inputs/simulated_05/simulated_05_frame_00015.tif,gt_outputs/simulated_05/simulated_05_gt_00008.png gt_outputs/simulated_05/simulated_05_gt_00009.png gt_outputs/simulated_05/simulated_05_gt_00010.png gt_outputs/simulated_05/simulated_05_gt_00011.png gt_outputs/simulated_05/simulated_05_gt_00012.png gt_outputs/simulated_05/simulated_05_gt_00013.png gt_outputs/simulated_05/simulated_05_gt_00014.png gt_outputs/simulated_05/simulated_05_gt_00015.png
321,msi_inputs/simulated_05/simulated_05_frame_00043.tif msi_inputs/simulated_05/simulated_05_frame_00048.tif msi_inputs/simulated_05/simulated_05_frame_00053.tif msi_inputs/simulated_05/simulated_05_frame_00058.tif msi_inputs/simulated_05/simulated_05_frame_00063.tif msi_inputs/simulated_05/simulated_05_frame_00068.tif msi_inputs/simulated_05/simulated_05_frame_00073.tif msi_inputs/simulated_05/simulated_05_frame_00078.tif,gt_outputs/simulated_05/simulated_05_gt_00043.png gt_outputs/simulated_05/simulated_05_gt_00048.png gt_outputs/simulated_05/simulated_05_gt_00053.png gt_outputs/simulated_05/simulated_05_gt_00058.png gt_outputs/simulated_05/simulated_05_gt_00063.png gt_outputs/simulated_05/simulated_05_gt_00068.png gt_outputs/simulated_05/simulated_05_gt_00073.png gt_outputs/simulated_05/simulated_05_gt_00078.png
322,msi_inputs/simulated_05/simulated_05_frame_00096.tif msi_inputs/simulated_05/simulated_05_frame_00097.tif msi_inputs/simulated_05/simulated_05_frame_00098.tif msi_inputs/simulated_05/simulated_05_frame_00099.tif msi_inputs/simulated_05/simulated_05_frame_00100.tif msi_inputs/simulated_05/simulated_05_frame_00101.tif msi_inputs/simulated_05/simulated_05_frame_00102.tif msi_inputs/simulated_05/simulated_05_frame_00103.tif,gt_outputs/simulated_05/simulated_05_gt_00096.png gt_outputs/simulated_05/simulated_05_gt_00097.png gt_outputs/simulated_05/simulated_05_gt_00098.png gt_outputs/simulated_05/simulated_05_gt_00099.png gt_outputs/simulated_05/simulated_05_gt_00100.png gt_outputs/simulated_05/simulated_05_gt_00101.png gt_outputs/simulated_05/simulated_05_gt_00102.png gt_outputs/simulated_05/simulated_05_gt_00103.png
323,msi_inputs/simulated_05/simulated_05_frame_00160.tif msi_inputs/simulated_05/simulated_05_frame_00165.tif msi_inputs/simulated_05/simulated_05_frame_00170.tif msi_inputs/simulated_05/simulated_05_frame_00175.tif msi_inputs/simulated_05/simulated_05_frame_00180.tif msi_inputs/simulated_05/simulated_05_frame_00185.tif msi_inputs/simulated_05/simulated_05_frame_00190.tif msi_inputs/simulated_05/simulated_05_frame_00195.tif,gt_outputs/simulated_05/simulated_05_gt_00160.png gt_outputs/simulated_05/simulated_05_gt_00165.png gt_outputs/simulated_05/simulated_05_gt_00170.png gt_outputs/simulated_05/simulated_05_gt_00175.png gt_outputs/simulated_05/simulated_05_gt_00180.png gt_outputs/simulated_05/simulated_05_gt_00185.png gt_outputs/simulated_05/simulated_05_gt_00190.png gt_outputs/simulated_05/simulated_05_gt_00195.png
324,msi_inputs/simulated_05/simulated_05_frame_00085.tif msi_inputs/simulated_05/simulated_05_frame_00095.tif msi_inputs/simulated_05/simulated_05_frame_00105.tif msi_inputs/simulated_05/simulated_05_frame_00115.tif msi_inputs/simulated_05/simulated_05_frame_00125.tif msi_inputs/simulated_05/simulated_05_frame_00135.tif msi_inputs/simulated_05/simulated_05_frame_00145.tif msi_inputs/simulated_05/simulated_05_frame_00155.tif,gt_outputs/simulated_05/simulated_05_gt_00085.png gt_outputs/simulated_05/simulated_05_gt_00095.png gt_outputs/simulated_05/simulated_05_gt_00105.png gt_outputs/simulated_05/simulated_05_gt_00115.png gt_outputs/simulated_05/simulated_05_gt_00125.png gt_outputs/simulated_05/simulated_05_gt_00135.png gt_outputs/simulated_05/simulated_05_gt_00145.png gt_outputs/simulated_05/simulated_05_gt_00155.png
325,msi_inputs/simulated_05/simulated_05_frame_00012.tif msi_inputs/simulated_05/simulated_05_frame_00037.tif msi_inputs/simulated_05/simulated_05_frame_00062.tif msi_inputs/simulated_05/simulated_05_frame_00087.tif msi_inputs/simulated_05/simulated_05_frame_00112.tif msi_inputs/simulated_05/simulated_05_frame_00137.tif msi_inputs/simulated_05/simulated_05_frame_00162.tif msi_inputs/simulated_05/simulated_05_frame_00187.tif,gt_outputs/simulated_05/simulated_05_gt_00012.png gt_outputs/simulated_05/simulated_05_gt_00037.png gt_outputs/simulated_05/simulated_05_gt_00062.png gt_outputs/simulated_05/simulated_05_gt_00087.png gt_outputs/simulated_05/simulated_05_gt_00112.png gt_outputs/simulated_05/simulated_05_gt_00137.png gt_outputs/simulated_05/simulated_05_gt_00162.png gt_outputs/simulated_05/simulated_05_gt_00187.png
326,msi_inputs/simulated_05/simulated_05_frame_00184.tif msi_inputs/simulated_05/simulated_05_frame_00185.tif msi_inputs/simulated_05/simulated_05_frame_00186.tif msi_inputs/simulated_05/simulated_05_frame_00187.tif msi_inputs/simulated_05/simulated_05_frame_00188.tif msi_inputs/simulated_05/simulated_05_frame_00189.tif msi_inputs/simulated_05/simulated_05_frame_00190.tif msi_inputs/simulated_05/simulated_05_frame_00191.tif,gt_outputs/simulated_05/simulated_05_gt_00184.png gt_outputs/simulated_05/simulated_05_gt_00185.png gt_outputs/simulated_05/simulated_05_gt_00186.png gt_outputs/simulated_05/simulated_05_gt_00187.png gt_outputs/simulated_05/simulated_05_gt_00188.png gt_outputs/simulated_05/simulated_05_gt_00189.png gt_outputs/simulated_05/simulated_05_gt_00190.png gt_outputs/simulated_05/simulated_05_gt_00191.png
327,msi_inputs/simulated_05/simulated_05_frame_00016.tif msi_inputs/simulated_05/simulated_05_frame_00041.tif msi_inputs/simulated_05/simulated_05_frame_00066.tif msi_inputs/simulated_05/simulated_05_frame_00091.tif msi_inputs/simulated_05/simulated_05_frame_00116.tif msi_inputs/simulated_05/simulated_05_frame_00141.tif msi_inputs/simulated_05/simulated_05_frame_00166.tif msi_inputs/simulated_05/simulated_05_frame_00191.tif,gt_outputs/simulated_05/simulated_05_gt_00016.png gt_outputs/simulated_05/simulated_05_gt_00041.png gt_outputs/simulated_05/simulated_05_gt_00066.png gt_outputs/simulated_05/simulated_05_gt_00091.png gt_outputs/simulated_05/simulated_05_gt_00116.png gt_outputs/simulated_05/simulated_05_gt_00141.png gt_outputs/simulated_05/simulated_05_gt_00166.png gt_outputs/simulated_05/simulated_05_gt_00191.png
328,msi_inputs/simulated_05/simulated_05_frame_00021.tif msi_inputs/simulated_05/simulated_05_frame_00046.tif msi_inputs/simulated_05/simulated_05_frame_00071.tif msi_inputs/simulated_05/simulated_05_frame_00096.tif msi_inputs/simulated_05/simulated_05_frame_00121.tif msi_inputs/simulated_05/simulated_05_frame_00146.tif msi_inputs/simulated_05/simulated_05_frame_00171.tif msi_inputs/simulated_05/simulated_05_frame_00196.tif,gt_outputs/simulated_05/simulated_05_gt_00021.png gt_outputs/simulated_05/simulated_05_gt_00046.png gt_outputs/simulated_05/simulated_05_gt_00071.png gt_outputs/simulated_05/simulated_05_gt_00096.png gt_outputs/simulated_05/simulated_05_gt_00121.png gt_outputs/simulated_05/simulated_05_gt_00146.png gt_outputs/simulated_05/simulated_05_gt_00171.png gt_outputs/simulated_05/simulated_05_gt_00196.png
329,msi_inputs/simulated_05/simulated_05_frame_00081.tif msi_inputs/simulated_05/simulated_05_frame_00086.tif msi_inputs/simulated_05/simulated_05_frame_00091.tif msi_inputs/simulated_05/simulated_05_frame_00096.tif msi_inputs/simulated_05/simulated_05_frame_00101.tif msi_inputs/simulated_05/simulated_05_frame_00106.tif msi_inputs/simulated_05/simulated_05_frame_00111.tif msi_inputs/simulated_05/simulated_05_frame_00116.tif,gt_outputs/simulated_05/simulated_05_gt_00081.png gt_outputs/simulated_05/simulated_05_gt_00086.png gt_outputs/simulated_05/simulated_05_gt_00091.png gt_outputs/simulated_05/simulated_05_gt_00096.png gt_outputs/simulated_05/simulated_05_gt_00101.png gt_outputs/simulated_05/simulated_05_gt_00106.png gt_outputs/simulated_05/simulated_05_gt_00111.png gt_outputs/simulated_05/simulated_05_gt_00116.png
330,msi_inputs/simulated_06/simulated_06_frame_00080.tif msi_inputs/simulated_06/simulated_06_frame_00085.tif msi_inputs/simulated_06/simulated_06_frame_00090.tif msi_inputs/simulated_06/simulated_06_frame_00095.tif msi_inputs/simulated_06/simulated_06_frame_00100.tif msi_inputs/simulated_06/simulated_06_frame_00105.tif msi_inputs/simulated_06/simulated_06_frame_00110.tif msi_inputs/simulated_06/simulated_06_frame_00115.tif,gt_outputs/simulated_06/simulated_06_gt_00080.png gt_outputs/simulated_06/simulated_06_gt_00085.png gt_outputs/simulated_06/simulated_06_gt_00090.png gt_outputs/simulated_06/simulated_06_gt_00095.png gt_outputs/simulated_06/simulated_06_gt_00100.png gt_outputs/simulated_06/simulated_06_gt_00105.png gt_outputs/simulated_06/simulated_06_gt_00110.png gt_outputs/simulated_06/simulated_06_gt_00115.png
331,msi_inputs/simulated_06/simulated_06_frame_00004.tif msi_inputs/simulated_06/simulated_06_frame_00029.tif msi_inputs/simulated_06/simulated_06_frame_00054.tif msi_inputs/simulated_06/simulated_06_frame_00079.tif msi_inputs/simulated_06/simulated_06_frame_00104.tif msi_inputs/simulated_06/simulated_06_frame_00129.tif msi_inputs/simulated_06/simulated_06_frame_00154.tif msi_inputs/simulated_06/simulated_06_frame_00179.tif,gt_outputs/simulated_06/simulated_06_gt_00004.png gt_outputs/simulated_06/simulated_06_gt_00029.png gt_outputs/simulated_06/simulated_06_gt_00054.png gt_outputs/simulated_06/simulated_06_gt_00079.png gt_outputs/simulated_06/simulated_06_gt_00104.png gt_outputs/simulated_06/simulated_06_gt_00129.png gt_outputs/simulated_06/simulated_06_gt_00154.png gt_outputs/simulated_06/simulated_06_gt_00179.png
332,msi_inputs/simulated_06/simulated_06_frame_00003.tif msi_inputs/simulated_06/simulated_06_frame_00028.tif msi_inputs/simulated_06/simulated_06_frame_00053.tif msi_inputs/simulated_06/simulated_06_frame_00078.tif msi_inputs/simulated_06/simulated_06_frame_00103.tif msi_inputs/simulated_06/simulated_06_frame_00128.tif msi_inputs/simulated_06/simulated_06_frame_00153.tif msi_inputs/simulated_06/simulated_06_frame_00178.tif,gt_outputs/simulated_06/simulated_06_gt_00003.png gt_outputs/simulated_06/simulated_06_gt_00028.png gt_outputs/simulated_06/simulated_06_gt_00053.png gt_outputs/simulated_06/simulated_06_gt_00078.png gt_outputs/simulated_06/simulated_06_gt_00103.png gt_outputs/simulated_06/simulated_06_gt_00128.png gt_outputs/simulated_06/simulated_06_gt_00153.png gt_outputs/simulated_06/simulated_06_gt_00178.png
333,msi_inputs/simulated_06/simulated_06_frame_00007.tif msi_inputs/simulated_06/simulated_06_frame_00032.tif msi_inputs/simulated_06/simulated_06_frame_00057.tif msi_inputs/simulated_06/simulated_06_frame_00082.tif msi_inputs/simulated_06/simulated_06_frame_00107.tif msi_inputs/simulated_06/simulated_06_frame_00132.tif msi_inputs/simulated_06/simulated_06_frame_00157.tif msi_inputs/simulated_06/simulated_06_frame_00182.tif,gt_outputs/simulated_06/simulated_06_gt_00007.png gt_outputs/simulated_06/simulated_06_gt_00032.png gt_outputs/simulated_06/simulated_06_gt_00057.png gt_outputs/simulated_06/simulated_06_gt_00082.png gt_outputs/simulated_06/simulated_06_gt_00107.png gt_outputs/simulated_06/simulated_06_gt_00132.png gt_outputs/simulated_06/simulated_06_gt_00157.png gt_outputs/simulated_06/simulated_06_gt_00182.png
334,msi_inputs/simulated_06/simulated_06_frame_00020.tif msi_inputs/simulated_06/simulated_06_frame_00045.tif msi_inputs/simulated_06/simulated_06_frame_00070.tif msi_inputs/simulated_06/simulated_06_frame_00095.tif msi_inputs/simulated_06/simulated_06_frame_00120.tif msi_inputs/simulated_06/simulated_06_frame_00145.tif msi_inputs/simulated_06/simulated_06_frame_00170.tif msi_inputs/simulated_06/simulated_06_frame_00195.tif,gt_outputs/simulated_06/simulated_06_gt_00020.png gt_outputs/simulated_06/simulated_06_gt_00045.png gt_outputs/simulated_06/simulated_06_gt_00070.png gt_outputs/simulated_06/simulated_06_gt_00095.png gt_outputs/simulated_06/simulated_06_gt_00120.png gt_outputs/simulated_06/simulated_06_gt_00145.png gt_outputs/simulated_06/simulated_06_gt_00170.png gt_outputs/simulated_06/simulated_06_gt_00195.png
335,msi_inputs/simulated_06/simulated_06_frame_00021.tif msi_inputs/simulated_06/simulated_06_frame_00046.tif msi_inputs/simulated_06/simulated_06_frame_00071.tif msi_inputs/simulated_06/simulated_06_frame_00096.tif msi_inputs/simulated_06/simulated_06_frame_00121.tif msi_inputs/simulated_06/simulated_06_frame_00146.tif msi_inputs/simulated_06/simulated_06_frame_00171.tif msi_inputs/simulated_06/simulated_06_frame_00196.tif,gt_outputs/simulated_06/simulated_06_gt_00021.png gt_outputs/simulated_06/simulated_06_gt_00046.png gt_outputs/simulated_06/simulated_06_gt_00071.png gt_outputs/simulated_06/simulated_06_gt_00096.png gt_outputs/simulated_06/simulated_06_gt_00121.png gt_outputs/simulated_06/simulated_06_gt_00146.png gt_outputs/simulated_06/simulated_06_gt_00171.png gt_outputs/simulated_06/simulated_06_gt_00196.png
336,msi_inputs/simulated_06/simulated_06_frame_00082.tif msi_inputs/simulated_06/simulated_06_frame_00092.tif msi_inputs/simulated_06/simulated_06_frame_00102.tif msi_inputs/simulated_06/simulated_06_frame_00112.tif msi_inputs/simulated_06/simulated_06_frame_00122.tif msi_inputs/simulated_06/simulated_06_frame_00132.tif msi_inputs/simulated_06/simulated_06_frame_00142.tif msi_inputs/simulated_06/simulated_06_frame_00152.tif,gt_outputs/simulated_06/simulated_06_gt_00082.png gt_outputs/simulated_06/simulated_06_gt_00092.png gt_outputs/simulated_06/simulated_06_gt_00102.png gt_outputs/simulated_06/simulated_06_gt_00112.png gt_outputs/simulated_06/simulated_06_gt_00122.png gt_outputs/simulated_06/simulated_06_gt_00132.png gt_outputs/simulated_06/simulated_06_gt_00142.png gt_outputs/simulated_06/simulated_06_gt_00152.png
337,msi_inputs/simulated_06/simulated_06_frame_00088.tif msi_inputs/simulated_06/simulated_06_frame_00089.tif msi_inputs/simulated_06/simulated_06_frame_00090.tif msi_inputs/simulated_06/simulated_06_frame_00091.tif msi_inputs/simulated_06/simulated_06_frame_00092.tif msi_inputs/simulated_06/simulated_06_frame_00093.tif msi_inputs/simulated_06/simulated_06_frame_00094.tif msi_inputs/simulated_06/simulated_06_frame_00095.tif,gt_outputs/simulated_06/simulated_06_gt_00088.png gt_outputs/simulated_06/simulated_06_gt_00089.png gt_outputs/simulated_06/simulated_06_gt_00090.png gt_outputs/simulated_06/simulated_06_gt_00091.png gt_outputs/simulated_06/simulated_06_gt_00092.png gt_outputs/simulated_06/simulated_06_gt_00093.png gt_outputs/simulated_06/simulated_06_gt_00094.png gt_outputs/simulated_06/simulated_06_gt_00095.png
338,msi_inputs/simulated_06/simulated_06_frame_00008.tif msi_inputs/simulated_06/simulated_06_frame_00018.tif msi_inputs/simulated_06/simulated_06_frame_00028.tif msi_inputs/simulated_06/simulated_06_frame_00038.tif msi_inputs/simulated_06/simulated_06_frame_00048.tif msi_inputs/simulated_06/simulated_06_frame_00058.tif msi_inputs/simulated_06/simulated_06_frame_00068.tif msi_inputs/simulated_06/simulated_06_frame_00078.tif,gt_outputs/simulated_06/simulated_06_gt_00008.png gt_outputs/simulated_06/simulated_06_gt_00018.png gt_outputs/simulated_06/simulated_06_gt_00028.png gt_outputs/simulated_06/simulated_06_gt_00038.png gt_outputs/simulated_06/simulated_06_gt_00048.png gt_outputs/simulated_06/simulated_06_gt_00058.png gt_outputs/simulated_06/simulated_06_gt_00068.png gt_outputs/simulated_06/simulated_06_gt_00078.png
339,msi_inputs/simulated_06/simulated_06_frame_00040.tif msi_inputs/simulated_06/simulated_06_frame_00045.tif msi_inputs/simulated_06/simulated_06_frame_00050.tif msi_inputs/simulated_06/simulated_06_frame_00055.tif msi_inputs/simulated_06/simulated_06_frame_00060.tif msi_inputs/simulated_06/simulated_06_frame_00065.tif msi_inputs/simulated_06/simulated_06_frame_00070.tif msi_inputs/simulated_06/simulated_06_frame_00075.tif,gt_outputs/simulated_06/simulated_06_gt_00040.png gt_outputs/simulated_06/simulated_06_gt_00045.png gt_outputs/simulated_06/simulated_06_gt_00050.png gt_outputs/simulated_06/simulated_06_gt_00055.png gt_outputs/simulated_06/simulated_06_gt_00060.png gt_outputs/simulated_06/simulated_06_gt_00065.png gt_outputs/simulated_06/simulated_06_gt_00070.png gt_outputs/simulated_06/simulated_06_gt_00075.png
340,msi_inputs/simulated_06/simulated_06_frame_00023.tif msi_inputs/simulated_06/simulated_06_frame_00048.tif msi_inputs/simulated_06/simulated_06_frame_00073.tif msi_inputs/simulated_06/simulated_06_frame_00098.tif msi_inputs/simulated_06/simulated_06_frame_00123.tif msi_inputs/simulated_06/simulated_06_frame_00148.tif msi_inputs/simulated_06/simulated_06_frame_00173.tif msi_inputs/simulated_06/simulated_06_frame_00198.tif,gt_outputs/simulated_06/simulated_06_gt_00023.png gt_outputs/simulated_06/simulated_06_gt_00048.png gt_outputs/simulated_06/simulated_06_gt_00073.png gt_outputs/simulated_06/simulated_06_gt_00098.png gt_outputs/simulated_06/simulated_06_gt_00123.png gt_outputs/simulated_06/simulated_06_gt_00148.png gt_outputs/simulated_06/simulated_06_gt_00173.png gt_outputs/simulated_06/simulated_06_gt_00198.png
341,msi_inputs/simulated_06/simulated_06_frame_00004.tif msi_inputs/simulated_06/simulated_06_frame_00009.tif msi_inputs/simulated_06/simulated_06_frame_00014.tif msi_inputs/simulated_06/simulated_06_frame_00019.tif msi_inputs/simulated_06/simulated_06_frame_00024.tif msi_inputs/simulated_06/simulated_06_frame_00029.tif msi_inputs/simulated_06/simulated_06_frame_00034.tif msi_inputs/simulated_06/simulated_06_frame_00039.tif,gt_outputs/simulated_06/simulated_06_gt_00004.png gt_outputs/simulated_06/simulated_06_gt_00009.png gt_outputs/simulated_06/simulated_06_gt_00014.png gt_outputs/simulated_06/simulated_06_gt_00019.png gt_outputs/simulated_06/simulated_06_gt_00024.png gt_outputs/simulated_06/simulated_06_gt_00029.png gt_outputs/simulated_06/simulated_06_gt_00034.png gt_outputs/simulated_06/simulated_06_gt_00039.png
342,msi_inputs/simulated_06/simulated_06_frame_00022.tif msi_inputs/simulated_06/simulated_06_frame_00047.tif msi_inputs/simulated_06/simulated_06_frame_00072.tif msi_inputs/simulated_06/simulated_06_frame_00097.tif msi_inputs/simulated_06/simulated_06_frame_00122.tif msi_inputs/simulated_06/simulated_06_frame_00147.tif msi_inputs/simulated_06/simulated_06_frame_00172.tif msi_inputs/simulated_06/simulated_06_frame_00197.tif,gt_outputs/simulated_06/simulated_06_gt_00022.png gt_outputs/simulated_06/simulated_06_gt_00047.png gt_outputs/simulated_06/simulated_06_gt_00072.png gt_outputs/simulated_06/simulated_06_gt_00097.png gt_outputs/simulated_06/simulated_06_gt_00122.png gt_outputs/simulated_06/simulated_06_gt_00147.png gt_outputs/simulated_06/simulated_06_gt_00172.png gt_outputs/simulated_06/simulated_06_gt_00197.png
343,msi_inputs/simulated_06/simulated_06_frame_00112.tif msi_inputs/simulated_06/simulated_06_frame_00113.tif msi_inputs/simulated_06/simulated_06_frame_00114.tif msi_inputs/simulated_06/simulated_06_frame_00115.tif msi_inputs/simulated_06/simulated_06_frame_00116.tif msi_inputs/simulated_06/simulated_06_frame_00117.tif msi_inputs/simulated_06/simulated_06_frame_00118.tif msi_inputs/simulated_06/simulated_06_frame_00119.tif,gt_outputs/simulated_06/simulated_06_gt_00112.png gt_outputs/simulated_06/simulated_06_gt_00113.png gt_outputs/simulated_06/simulated_06_gt_00114.png gt_outputs/simulated_06/simulated_06_gt_00115.png gt_outputs/simulated_06/simulated_06_gt_00116.png gt_outputs/simulated_06/simulated_06_gt_00117.png gt_outputs/simulated_06/simulated_06_gt_00118.png gt_outputs/simulated_06/simulated_06_gt_00119.png
344,msi_inputs/simulated_06/simulated_06_frame_00084.tif msi_inputs/simulated_06/simulated_06_frame_00094.tif msi_inputs/simulated_06/simulated_06_frame_00104.tif msi_inputs/simulated_06/simulated_06_frame_00114.tif msi_inputs/simulated_06/simulated_06_frame_00124.tif msi_inputs/simulated_06/simulated_06_frame_00134.tif msi_inputs/simulated_06/simulated_06_frame_00144.tif msi_inputs/simulated_06/simulated_06_frame_00154.tif,gt_outputs/simulated_06/simulated_06_gt_00084.png gt_outputs/simulated_06/simulated_06_gt_00094.png gt_outputs/simulated_06/simulated_06_gt_00104.png gt_outputs/simulated_06/simulated_06_gt_00114.png gt_outputs/simulated_06/simulated_06_gt_00124.png gt_outputs/simulated_06/simulated_06_gt_00134.png gt_outputs/simulated_06/simulated_06_gt_00144.png gt_outputs/simulated_06/simulated_06_gt_00154.png
345,msi_inputs/simulated_06/simulated_06_frame_00008.tif msi_inputs/simulated_06/simulated_06_frame_00009.tif msi_inputs/simulated_06/simulated_06_frame_00010.tif msi_inputs/simulated_06/simulated_06_frame_00011.tif msi_inputs/simulated_06/simulated_06_frame_00012.tif msi_inputs/simulated_06/simulated_06_frame_00013.tif msi_inputs/simulated_06/simulated_06_frame_00014.tif msi_inputs/simulated_06/simulated_06_frame_00015.tif,gt_outputs/simulated_06/simulated_06_gt_00008.png gt_outputs/simulated_06/simulated_06_gt_00009.png gt_outputs/simulated_06/simulated_06_gt_00010.png gt_outputs/simulated_06/simulated_06_gt_00011.png gt_outputs/simulated_06/simulated_06_gt_00012.png gt_outputs/simulated_06/simulated_06_gt_00013.png gt_outputs/simulated_06/simulated_06_gt_00014.png gt_outputs/simulated_06/simulated_06_gt_00015.png
346,msi_inputs/simulated_06/simulated_06_frame_00160.tif msi_inputs/simulated_06/simulated_06_frame_00165.tif msi_inputs/simulated_06/simulated_06_frame_00170.tif msi_inputs/simulated_06/simulated_06_frame_00175.tif msi_inputs/simulated_06/simulated_06_frame_00180.tif msi_inputs/simulated_06/simulated_06_frame_00185.tif msi_inputs/simulated_06/simulated_06_frame_00190.tif msi_inputs/simulated_06/simulated_06_frame_00195.tif,gt_outputs/simulated_06/simulated_06_gt_00160.png gt_outputs/simulated_06/simulated_06_gt_00165.png gt_outputs/simulated_06/simulated_06_gt_00170.png gt_outputs/simulated_06/simulated_06_gt_00175.png gt_outputs/simulated_06/simulated_06_gt_00180.png gt_outputs/simulated_06/simulated_06_gt_00185.png gt_outputs/simulated_06/simulated_06_gt_00190.png gt_outputs/simulated_06/simulated_06_gt_00195.png
347,msi_inputs/simulated_06/simulated_06_frame_00002.tif msi_inputs/simulated_06/simulated_06_frame_00007.tif msi_inputs/simulated_06/simulated_06_frame_00012.tif msi_inputs/simulated_06/simulated_06_frame_00017.tif msi_inputs/simulated_06/simulated_06_frame_00022.tif msi_inputs/simulated_06/simulated_06_frame_00027.tif msi_inputs/simulated_06/simulated_06_frame_00032.tif msi_inputs/simulated_06/simulated_06_frame_00037.tif,gt_outputs/simulated_06/simulated_06_gt_00002.png gt_outputs/simulated_06/simulated_06_gt_00007.png gt_outputs/simulated_06/simulated_06_gt_00012.png gt_outputs/simulated_06/simulated_06_gt_00017.png gt_outputs/simulated_06/simulated_06_gt_00022.png gt_outputs/simulated_06/simulated_06_gt_00027.png gt_outputs/simulated_06/simulated_06_gt_00032.png gt_outputs/simulated_06/simulated_06_gt_00037.png
348,msi_inputs/simulated_06/simulated_06_frame_00000.tif msi_inputs/simulated_06/simulated_06_frame_00001.tif msi_inputs/simulated_06/simulated_06_frame_00002.tif msi_inputs/simulated_06/simulated_06_frame_00003.tif msi_inputs/simulated_06/simulated_06_frame_00004.tif msi_inputs/simulated_06/simulated_06_frame_00005.tif msi_inputs/simulated_06/simulated_06_frame_00006.tif msi_inputs/simulated_06/simulated_06_frame_00007.tif,gt_outputs/simulated_06/simulated_06_gt_00000.png gt_outputs/simulated_06/simulated_06_gt_00001.png gt_outputs/simulated_06/simulated_06_gt_00002.png gt_outputs/simulated_06/simulated_06_gt_00003.png gt_outputs/simulated_06/simulated_06_gt_00004.png gt_outputs/simulated_06/simulated_06_gt_00005.png gt_outputs/simulated_06/simulated_06_gt_00006.png gt_outputs/simulated_06/simulated_06_gt_00007.png
349,msi_inputs/simulated_06/simulated_06_frame_00005.tif msi_inputs/simulated_06/simulated_06_frame_00015.tif msi_inputs/simulated_06/simulated_06_frame_00025.tif msi_inputs/simulated_06/simulated_06_frame_00035.tif msi_inputs/simulated_06/simulated_06_frame_00045.tif msi_inputs/simulated_06/simulated_06_frame_00055.tif msi_inputs/simulated_06/simulated_06_frame_00065.tif msi_inputs/simulated_06/simulated_06_frame_00075.tif,gt_outputs/simulated_06/simulated_06_gt_00005.png gt_outputs/simulated_06/simulated_06_gt_00015.png gt_outputs/simulated_06/simulated_06_gt_00025.png gt_outputs/simulated_06/simulated_06_gt_00035.png gt_outputs/simulated_06/simulated_06_gt_00045.png gt_outputs/simulated_06/simulated_06_gt_00055.png gt_outputs/simulated_06/simulated_06_gt_00065.png gt_outputs/simulated_06/simulated_06_gt_00075.png
350,msi_inputs/simulated_06/simulated_06_frame_00081.tif msi_inputs/simulated_06/simulated_06_frame_00091.tif msi_inputs/simulated_06/simulated_06_frame_00101.tif msi_inputs/simulated_06/simulated_06_frame_00111.tif msi_inputs/simulated_06/simulated_06_frame_00121.tif msi_inputs/simulated_06/simulated_06_frame_00131.tif msi_inputs/simulated_06/simulated_06_frame_00141.tif msi_inputs/simulated_06/simulated_06_frame_00151.tif,gt_outputs/simulated_06/simulated_06_gt_00081.png gt_outputs/simulated_06/simulated_06_gt_00091.png gt_outputs/simulated_06/simulated_06_gt_00101.png gt_outputs/simulated_06/simulated_06_gt_00111.png gt_outputs/simulated_06/simulated_06_gt_00121.png gt_outputs/simulated_06/simulated_06_gt_00131.png gt_outputs/simulated_06/simulated_06_gt_00141.png gt_outputs/simulated_06/simulated_06_gt_00151.png
351,msi_inputs/simulated_06/simulated_06_frame_00012.tif msi_inputs/simulated_06/simulated_06_frame_00037.tif msi_inputs/simulated_06/simulated_06_frame_00062.tif msi_inputs/simulated_06/simulated_06_frame_00087.tif msi_inputs/simulated_06/simulated_06_frame_00112.tif msi_inputs/simulated_06/simulated_06_frame_00137.tif msi_inputs/simulated_06/simulated_06_frame_00162.tif msi_inputs/simulated_06/simulated_06_frame_00187.tif,gt_outputs/simulated_06/simulated_06_gt_00012.png gt_outputs/simulated_06/simulated_06_gt_00037.png gt_outputs/simulated_06/simulated_06_gt_00062.png gt_outputs/simulated_06/simulated_06_gt_00087.png gt_outputs/simulated_06/simulated_06_gt_00112.png gt_outputs/simulated_06/simulated_06_gt_00137.png gt_outputs/simulated_06/simulated_06_gt_00162.png gt_outputs/simulated_06/simulated_06_gt_00187.png
352,msi_inputs/simulated_06/simulated_06_frame_00083.tif msi_inputs/simulated_06/simulated_06_frame_00088.tif msi_inputs/simulated_06/simulated_06_frame_00093.tif msi_inputs/simulated_06/simulated_06_frame_00098.tif msi_inputs/simulated_06/simulated_06_frame_00103.tif msi_inputs/simulated_06/simulated_06_frame_00108.tif msi_inputs/simulated_06/simulated_06_frame_00113.tif msi_inputs/simulated_06/simulated_06_frame_00118.tif,gt_outputs/simulated_06/simulated_06_gt_00083.png gt_outputs/simulated_06/simulated_06_gt_00088.png gt_outputs/simulated_06/simulated_06_gt_00093.png gt_outputs/simulated_06/simulated_06_gt_00098.png gt_outputs/simulated_06/simulated_06_gt_00103.png gt_outputs/simulated_06/simulated_06_gt_00108.png gt_outputs/simulated_06/simulated_06_gt_00113.png gt_outputs/simulated_06/simulated_06_gt_00118.png
353,msi_inputs/simulated_06/simulated_06_frame_00018.tif msi_inputs/simulated_06/simulated_06_frame_00043.tif msi_inputs/simulated_06/simulated_06_frame_00068.tif msi_inputs/simulated_06/simulated_06_frame_00093.tif msi_inputs/simulated_06/simulated_06_frame_00118.tif msi_inputs/simulated_06/simulated_06_frame_00143.tif msi_inputs/simulated_06/simulated_06_frame_00168.tif msi_inputs/simulated_06/simulated_06_frame_00193.tif,gt_outputs/simulated_06/simulated_06_gt_00018.png gt_outputs/simulated_06/simulated_06_gt_00043.png gt_outputs/simulated_06/simulated_06_gt_00068.png gt_outputs/simulated_06/simulated_06_gt_00093.png gt_outputs/simulated_06/simulated_06_gt_00118.png gt_outputs/simulated_06/simulated_06_gt_00143.png gt_outputs/simulated_06/simulated_06_gt_00168.png gt_outputs/simulated_06/simulated_06_gt_00193.png
354,msi_inputs/simulated_06/simulated_06_frame_00043.tif msi_inputs/simulated_06/simulated_06_frame_00048.tif msi_inputs/simulated_06/simulated_06_frame_00053.tif msi_inputs/simulated_06/simulated_06_frame_00058.tif msi_inputs/simulated_06/simulated_06_frame_00063.tif msi_inputs/simulated_06/simulated_06_frame_00068.tif msi_inputs/simulated_06/simulated_06_frame_00073.tif msi_inputs/simulated_06/simulated_06_frame_00078.tif,gt_outputs/simulated_06/simulated_06_gt_00043.png gt_outputs/simulated_06/simulated_06_gt_00048.png gt_outputs/simulated_06/simulated_06_gt_00053.png gt_outputs/simulated_06/simulated_06_gt_00058.png gt_outputs/simulated_06/simulated_06_gt_00063.png gt_outputs/simulated_06/simulated_06_gt_00068.png gt_outputs/simulated_06/simulated_06_gt_00073.png gt_outputs/simulated_06/simulated_06_gt_00078.png
355,msi_inputs/simulated_06/simulated_06_frame_00080.tif msi_inputs/simulated_06/simulated_06_frame_00081.tif msi_inputs/simulated_06/simulated_06_frame_00082.tif msi_inputs/simulated_06/simulated_06_frame_00083.tif msi_inputs/simulated_06/simulated_06_frame_00084.tif msi_inputs/simulated_06/simulated_06_frame_00085.tif msi_inputs/simulated_06/simulated_06_frame_00086.tif msi_inputs/simulated_06/simulated_06_frame_00087.tif,gt_outputs/simulated_06/simulated_06_gt_00080.png gt_outputs/simulated_06/simulated_06_gt_00081.png gt_outputs/simulated_06/simulated_06_gt_00082.png gt_outputs/simulated_06/simulated_06_gt_00083.png gt_outputs/simulated_06/simulated_06_gt_00084.png gt_outputs/simulated_06/simulated_06_gt_00085.png gt_outputs/simulated_06/simulated_06_gt_00086.png gt_outputs/simulated_06/simulated_06_gt_00087.png
356,msi_inputs/simulated_06/simulated_06_frame_00056.tif msi_inputs/simulated_06/simulated_06_frame_00057.tif msi_inputs/simulated_06/simulated_06_frame_00058.tif msi_inputs/simulated_06/simulated_06_frame_00059.tif msi_inputs/simulated_06/simulated_06_frame_00060.tif msi_inputs/simulated_06/simulated_06_frame_00061.tif msi_inputs/simulated_06/simulated_06_frame_00062.tif msi_inputs/simulated_06/simulated_06_frame_00063.tif,gt_outputs/simulated_06/simulated_06_gt_00056.png gt_outputs/simulated_06/simulated_06_gt_00057.png gt_outputs/simulated_06/simulated_06_gt_00058.png gt_outputs/simulated_06/simulated_06_gt_00059.png gt_outputs/simulated_06/simulated_06_gt_00060.png gt_outputs/simulated_06/simulated_06_gt_00061.png gt_outputs/simulated_06/simulated_06_gt_00062.png gt_outputs/simulated_06/simulated_06_gt_00063.png
357,msi_inputs/simulated_06/simulated_06_frame_00002.tif msi_inputs/simulated_06/simulated_06_frame_00012.tif msi_inputs/simulated_06/simulated_06_frame_00022.tif msi_inputs/simulated_06/simulated_06_frame_00032.tif msi_inputs/simulated_06/simulated_06_frame_00042.tif msi_inputs/simulated_06/simulated_06_frame_00052.tif msi_inputs/simulated_06/simulated_06_frame_00062.tif msi_inputs/simulated_06/simulated_06_frame_00072.tif,gt_outputs/simulated_06/simulated_06_gt_00002.png gt_outputs/simulated_06/simulated_06_gt_00012.png gt_outputs/simulated_06/simulated_06_gt_00022.png gt_outputs/simulated_06/simulated_06_gt_00032.png gt_outputs/simulated_06/simulated_06_gt_00042.png gt_outputs/simulated_06/simulated_06_gt_00052.png gt_outputs/simulated_06/simulated_06_gt_00062.png gt_outputs/simulated_06/simulated_06_gt_00072.png
358,msi_inputs/simulated_06/simulated_06_frame_00163.tif msi_inputs/simulated_06/simulated_06_frame_00168.tif msi_inputs/simulated_06/simulated_06_frame_00173.tif msi_inputs/simulated_06/simulated_06_frame_00178.tif msi_inputs/simulated_06/simulated_06_frame_00183.tif msi_inputs/simulated_06/simulated_06_frame_00188.tif msi_inputs/simulated_06/simulated_06_frame_00193.tif msi_inputs/simulated_06/simulated_06_frame_00198.tif,gt_outputs/simulated_06/simulated_06_gt_00163.png gt_outputs/simulated_06/simulated_06_gt_00168.png gt_outputs/simulated_06/simulated_06_gt_00173.png gt_outputs/simulated_06/simulated_06_gt_00178.png gt_outputs/simulated_06/simulated_06_gt_00183.png gt_outputs/simulated_06/simulated_06_gt_00188.png gt_outputs/simulated_06/simulated_06_gt_00193.png gt_outputs/simulated_06/simulated_06_gt_00198.png
359,msi_inputs/simulated_06/simulated_06_frame_00040.tif msi_inputs/simulated_06/simulated_06_frame_00041.tif msi_inputs/simulated_06/simulated_06_frame_00042.tif msi_inputs/simulated_06/simulated_06_frame_00043.tif msi_inputs/simulated_06/simulated_06_frame_00044.tif msi_inputs/simulated_06/simulated_06_frame_00045.tif msi_inputs/simulated_06/simulated_06_frame_00046.tif msi_inputs/simulated_06/simulated_06_frame_00047.tif,gt_outputs/simulated_06/simulated_06_gt_00040.png gt_outputs/simulated_06/simulated_06_gt_00041.png gt_outputs/simulated_06/simulated_06_gt_00042.png gt_outputs/simulated_06/simulated_06_gt_00043.png gt_outputs/simulated_06/simulated_06_gt_00044.png gt_outputs/simulated_06/simulated_06_gt_00045.png gt_outputs/simulated_06/simulated_06_gt_00046.png gt_outputs/simulated_06/simulated_06_gt_00047.png
360,msi_inputs/simulated_06/simulated_06_frame_00136.tif msi_inputs/simulated_06/simulated_06_frame_00137.tif msi_inputs/simulated_06/simulated_06_frame_00138.tif msi_inputs/simulated_06/simulated_06_frame_00139.tif msi_inputs/simulated_06/simulated_06_frame_00140.tif msi_inputs/simulated_06/simulated_06_frame_00141.tif msi_inputs/simulated_06/simulated_06_frame_00142.tif msi_inputs/simulated_06/simulated_06_frame_00143.tif,gt_outputs/simulated_06/simulated_06_gt_00136.png gt_outputs/simulated_06/simulated_06_gt_00137.png gt_outputs/simulated_06/simulated_06_gt_00138.png gt_outputs/simulated_06/simulated_06_gt_00139.png gt_outputs/simulated_06/simulated_06_gt_00140.png gt_outputs/simulated_06/simulated_06_gt_00141.png gt_outputs/simulated_06/simulated_06_gt_00142.png gt_outputs/simulated_06/simulated_06_gt_00143.png
361,msi_inputs/simulated_06/simulated_06_frame_00042.tif msi_inputs/simulated_06/simulated_06_frame_00047.tif msi_inputs/simulated_06/simulated_06_frame_00052.tif msi_inputs/simulated_06/simulated_06_frame_00057.tif msi_inputs/simulated_06/simulated_06_frame_00062.tif msi_inputs/simulated_06/simulated_06_frame_00067.tif msi_inputs/simulated_06/simulated_06_frame_00072.tif msi_inputs/simulated_06/simulated_06_frame_00077.tif,gt_outputs/simulated_06/simulated_06_gt_00042.png gt_outputs/simulated_06/simulated_06_gt_00047.png gt_outputs/simulated_06/simulated_06_gt_00052.png gt_outputs/simulated_06/simulated_06_gt_00057.png gt_outputs/simulated_06/simulated_06_gt_00062.png gt_outputs/simulated_06/simulated_06_gt_00067.png gt_outputs/simulated_06/simulated_06_gt_00072.png gt_outputs/simulated_06/simulated_06_gt_00077.png
362,msi_inputs/simulated_06/simulated_06_frame_00087.tif msi_inputs/simulated_06/simulated_06_frame_00097.tif msi_inputs/simulated_06/simulated_06_frame_00107.tif msi_inputs/simulated_06/simulated_06_frame_00117.tif msi_inputs/simulated_06/simulated_06_frame_00127.tif msi_inputs/simulated_06/simulated_06_frame_00137.tif msi_inputs/simulated_06/simulated_06_frame_00147.tif msi_inputs/simulated_06/simulated_06_frame_00157.tif,gt_outputs/simulated_06/simulated_06_gt_00087.png gt_outputs/simulated_06/simulated_06_gt_00097.png gt_outputs/simulated_06/simulated_06_gt_00107.png gt_outputs/simulated_06/simulated_06_gt_00117.png gt_outputs/simulated_06/simulated_06_gt_00127.png gt_outputs/simulated_06/simulated_06_gt_00137.png gt_outputs/simulated_06/simulated_06_gt_00147.png gt_outputs/simulated_06/simulated_06_gt_00157.png
363,msi_inputs/simulated_06/simulated_06_frame_00001.tif msi_inputs/simulated_06/simulated_06_frame_00026.tif msi_inputs/simulated_06/simulated_06_frame_00051.tif msi_inputs/simulated_06/simulated_06_frame_00076.tif msi_inputs/simulated_06/simulated_06_frame_00101.tif msi_inputs/simulated_06/simulated_06_frame_00126.tif msi_inputs/simulated_06/simulated_06_frame_00151.tif msi_inputs/simulated_06/simulated_06_frame_00176.tif,gt_outputs/simulated_06/simulated_06_gt_00001.png gt_outputs/simulated_06/simulated_06_gt_00026.png gt_outputs/simulated_06/simulated_06_gt_00051.png gt_outputs/simulated_06/simulated_06_gt_00076.png gt_outputs/simulated_06/simulated_06_gt_00101.png gt_outputs/simulated_06/simulated_06_gt_00126.png gt_outputs/simulated_06/simulated_06_gt_00151.png gt_outputs/simulated_06/simulated_06_gt_00176.png
364,msi_inputs/simulated_06/simulated_06_frame_00160.tif msi_inputs/simulated_06/simulated_06_frame_00161.tif msi_inputs/simulated_06/simulated_06_frame_00162.tif msi_inputs/simulated_06/simulated_06_frame_00163.tif msi_inputs/simulated_06/simulated_06_frame_00164.tif msi_inputs/simulated_06/simulated_06_frame_00165.tif msi_inputs/simulated_06/simulated_06_frame_00166.tif msi_inputs/simulated_06/simulated_06_frame_00167.tif,gt_outputs/simulated_06/simulated_06_gt_00160.png gt_outputs/simulated_06/simulated_06_gt_00161.png gt_outputs/simulated_06/simulated_06_gt_00162.png gt_outputs/simulated_06/simulated_06_gt_00163.png gt_outputs/simulated_06/simulated_06_gt_00164.png gt_outputs/simulated_06/simulated_06_gt_00165.png gt_outputs/simulated_06/simulated_06_gt_00166.png gt_outputs/simulated_06/simulated_06_gt_00167.png
365,msi_inputs/simulated_06/simulated_06_frame_00048.tif msi_inputs/simulated_06/simulated_06_frame_00049.tif msi_inputs/simulated_06/simulated_06_frame_00050.tif msi_inputs/simulated_06/simulated_06_frame_00051.tif msi_inputs/simulated_06/simulated_06_frame_00052.tif msi_inputs/simulated_06/simulated_06_frame_00053.tif msi_inputs/simulated_06/simulated_06_frame_00054.tif msi_inputs/simulated_06/simulated_06_frame_00055.tif,gt_outputs/simulated_06/simulated_06_gt_00048.png gt_outputs/simulated_06/simulated_06_gt_00049.png gt_outputs/simulated_06/simulated_06_gt_00050.png gt_outputs/simulated_06/simulated_06_gt_00051.png gt_outputs/simulated_06/simulated_06_gt_00052.png gt_outputs/simulated_06/simulated_06_gt_00053.png gt_outputs/simulated_06/simulated_06_gt_00054.png gt_outputs/simulated_06/simulated_06_gt_00055.png
366,msi_inputs/simulated_06/simulated_06_frame_00017.tif msi_inputs/simulated_06/simulated_06_frame_00042.tif msi_inputs/simulated_06/simulated_06_frame_00067.tif msi_inputs/simulated_06/simulated_06_frame_00092.tif msi_inputs/simulated_06/simulated_06_frame_00117.tif msi_inputs/simulated_06/simulated_06_frame_00142.tif msi_inputs/simulated_06/simulated_06_frame_00167.tif msi_inputs/simulated_06/simulated_06_frame_00192.tif,gt_outputs/simulated_06/simulated_06_gt_00017.png gt_outputs/simulated_06/simulated_06_gt_00042.png gt_outputs/simulated_06/simulated_06_gt_00067.png gt_outputs/simulated_06/simulated_06_gt_00092.png gt_outputs/simulated_06/simulated_06_gt_00117.png gt_outputs/simulated_06/simulated_06_gt_00142.png gt_outputs/simulated_06/simulated_06_gt_00167.png gt_outputs/simulated_06/simulated_06_gt_00192.png
367,msi_inputs/simulated_06/simulated_06_frame_00016.tif msi_inputs/simulated_06/simulated_06_frame_00041.tif msi_inputs/simulated_06/simulated_06_frame_00066.tif msi_inputs/simulated_06/simulated_06_frame_00091.tif msi_inputs/simulated_06/simulated_06_frame_00116.tif msi_inputs/simulated_06/simulated_06_frame_00141.tif msi_inputs/simulated_06/simulated_06_frame_00166.tif msi_inputs/simulated_06/simulated_06_frame_00191.tif,gt_outputs/simulated_06/simulated_06_gt_00016.png gt_outputs/simulated_06/simulated_06_gt_00041.png gt_outputs/simulated_06/simulated_06_gt_00066.png gt_outputs/simulated_06/simulated_06_gt_00091.png gt_outputs/simulated_06/simulated_06_gt_00116.png gt_outputs/simulated_06/simulated_06_gt_00141.png gt_outputs/simulated_06/simulated_06_gt_00166.png gt_outputs/simulated_06/simulated_06_gt_00191.png
368,msi_inputs/simulated_06/simulated_06_frame_00016.tif msi_inputs/simulated_06/simulated_06_frame_00017.tif msi_inputs/simulated_06/simulated_06_frame_00018.tif msi_inputs/simulated_06/simulated_06_frame_00019.tif msi_inputs/simulated_06/simulated_06_frame_00020.tif msi_inputs/simulated_06/simulated_06_frame_00021.tif msi_inputs/simulated_06/simulated_06_frame_00022.tif msi_inputs/simulated_06/simulated_06_frame_00023.tif,gt_outputs/simulated_06/simulated_06_gt_00016.png gt_outputs/simulated_06/simulated_06_gt_00017.png gt_outputs/simulated_06/simulated_06_gt_00018.png gt_outputs/simulated_06/simulated_06_gt_00019.png gt_outputs/simulated_06/simulated_06_gt_00020.png gt_outputs/simulated_06/simulated_06_gt_00021.png gt_outputs/simulated_06/simulated_06_gt_00022.png gt_outputs/simulated_06/simulated_06_gt_00023.png
369,msi_inputs/simulated_06/simulated_06_frame_00081.tif msi_inputs/simulated_06/simulated_06_frame_00086.tif msi_inputs/simulated_06/simulated_06_frame_00091.tif msi_inputs/simulated_06/simulated_06_frame_00096.tif msi_inputs/simulated_06/simulated_06_frame_00101.tif msi_inputs/simulated_06/simulated_06_frame_00106.tif msi_inputs/simulated_06/simulated_06_frame_00111.tif msi_inputs/simulated_06/simulated_06_frame_00116.tif,gt_outputs/simulated_06/simulated_06_gt_00081.png gt_outputs/simulated_06/simulated_06_gt_00086.png gt_outputs/simulated_06/simulated_06_gt_00091.png gt_outputs/simulated_06/simulated_06_gt_00096.png gt_outputs/simulated_06/simulated_06_gt_00101.png gt_outputs/simulated_06/simulated_06_gt_00106.png gt_outputs/simulated_06/simulated_06_gt_00111.png gt_outputs/simulated_06/simulated_06_gt_00116.png
370,msi_inputs/simulated_06/simulated_06_frame_00001.tif msi_inputs/simulated_06/simulated_06_frame_00011.tif msi_inputs/simulated_06/simulated_06_frame_00021.tif msi_inputs/simulated_06/simulated_06_frame_00031.tif msi_inputs/simulated_06/simulated_06_frame_00041.tif msi_inputs/simulated_06/simulated_06_frame_00051.tif msi_inputs/simulated_06/simulated_06_frame_00061.tif msi_inputs/simulated_06/simulated_06_frame_00071.tif,gt_outputs/simulated_06/simulated_06_gt_00001.png gt_outputs/simulated_06/simulated_06_gt_00011.png gt_outputs/simulated_06/simulated_06_gt_00021.png gt_outputs/simulated_06/simulated_06_gt_00031.png gt_outputs/simulated_06/simulated_06_gt_00041.png gt_outputs/simulated_06/simulated_06_gt_00051.png gt_outputs/simulated_06/simulated_06_gt_00061.png gt_outputs/simulated_06/simulated_06_gt_00071.png
371,msi_inputs/simulated_06/simulated_06_frame_00192.tif msi_inputs/simulated_06/simulated_06_frame_00193.tif msi_inputs/simulated_06/simulated_06_frame_00194.tif msi_inputs/simulated_06/simulated_06_frame_00195.tif msi_inputs/simulated_06/simulated_06_frame_00196.tif msi_inputs/simulated_06/simulated_06_frame_00197.tif msi_inputs/simulated_06/simulated_06_frame_00198.tif msi_inputs/simulated_06/simulated_06_frame_00199.tif,gt_outputs/simulated_06/simulated_06_gt_00192.png gt_outputs/simulated_06/simulated_06_gt_00193.png gt_outputs/simulated_06/simulated_06_gt_00194.png gt_outputs/simulated_06/simulated_06_gt_00195.png gt_outputs/simulated_06/simulated_06_gt_00196.png gt_outputs/simulated_06/simulated_06_gt_00197.png gt_outputs/simulated_06/simulated_06_gt_00198.png gt_outputs/simulated_06/simulated_06_gt_00199.png
372,msi_inputs/simulated_06/simulated_06_frame_00089.tif msi_inputs/simulated_06/simulated_06_frame_00099.tif msi_inputs/simulated_06/simulated_06_frame_00109.tif msi_inputs/simulated_06/simulated_06_frame_00119.tif msi_inputs/simulated_06/simulated_06_frame_00129.tif msi_inputs/simulated_06/simulated_06_frame_00139.tif msi_inputs/simulated_06/simulated_06_frame_00149.tif msi_inputs/simulated_06/simulated_06_frame_00159.tif,gt_outputs/simulated_06/simulated_06_gt_00089.png gt_outputs/simulated_06/simulated_06_gt_00099.png gt_outputs/simulated_06/simulated_06_gt_00109.png gt_outputs/simulated_06/simulated_06_gt_00119.png gt_outputs/simulated_06/simulated_06_gt_00129.png gt_outputs/simulated_06/simulated_06_gt_00139.png gt_outputs/simulated_06/simulated_06_gt_00149.png gt_outputs/simulated_06/simulated_06_gt_00159.png
373,msi_inputs/simulated_06/simulated_06_frame_00164.tif msi_inputs/simulated_06/simulated_06_frame_00169.tif msi_inputs/simulated_06/simulated_06_frame_00174.tif msi_inputs/simulated_06/simulated_06_frame_00179.tif msi_inputs/simulated_06/simulated_06_frame_00184.tif msi_inputs/simulated_06/simulated_06_frame_00189.tif msi_inputs/simulated_06/simulated_06_frame_00194.tif msi_inputs/simulated_06/simulated_06_frame_00199.tif,gt_outputs/simulated_06/simulated_06_gt_00164.png gt_outputs/simulated_06/simulated_06_gt_00169.png gt_outputs/simulated_06/simulated_06_gt_00174.png gt_outputs/simulated_06/simulated_06_gt_00179.png gt_outputs/simulated_06/simulated_06_gt_00184.png gt_outputs/simulated_06/simulated_06_gt_00189.png gt_outputs/simulated_06/simulated_06_gt_00194.png gt_outputs/simulated_06/simulated_06_gt_00199.png
374,msi_inputs/simulated_06/simulated_06_frame_00144.tif msi_inputs/simulated_06/simulated_06_frame_00145.tif msi_inputs/simulated_06/simulated_06_frame_00146.tif msi_inputs/simulated_06/simulated_06_frame_00147.tif msi_inputs/simulated_06/simulated_06_frame_00148.tif msi_inputs/simulated_06/simulated_06_frame_00149.tif msi_inputs/simulated_06/simulated_06_frame_00150.tif msi_inputs/simulated_06/simulated_06_frame_00151.tif,gt_outputs/simulated_06/simulated_06_gt_00144.png gt_outputs/simulated_06/simulated_06_gt_00145.png gt_outputs/simulated_06/simulated_06_gt_00146.png gt_outputs/simulated_06/simulated_06_gt_00147.png gt_outputs/simulated_06/simulated_06_gt_00148.png gt_outputs/simulated_06/simulated_06_gt_00149.png gt_outputs/simulated_06/simulated_06_gt_00150.png gt_outputs/simulated_06/simulated_06_gt_00151.png
375,msi_inputs/simulated_06/simulated_06_frame_00161.tif msi_inputs/simulated_06/simulated_06_frame_00166.tif msi_inputs/simulated_06/simulated_06_frame_00171.tif msi_inputs/simulated_06/simulated_06_frame_00176.tif msi_inputs/simulated_06/simulated_06_frame_00181.tif msi_inputs/simulated_06/simulated_06_frame_00186.tif msi_inputs/simulated_06/simulated_06_frame_00191.tif msi_inputs/simulated_06/simulated_06_frame_00196.tif,gt_outputs/simulated_06/simulated_06_gt_00161.png gt_outputs/simulated_06/simulated_06_gt_00166.png gt_outputs/simulated_06/simulated_06_gt_00171.png gt_outputs/simulated_06/simulated_06_gt_00176.png gt_outputs/simulated_06/simulated_06_gt_00181.png gt_outputs/simulated_06/simulated_06_gt_00186.png gt_outputs/simulated_06/simulated_06_gt_00191.png gt_outputs/simulated_06/simulated_06_gt_00196.png
376,msi_inputs/simulated_06/simulated_06_frame_00011.tif msi_inputs/simulated_06/simulated_06_frame_00036.tif msi_inputs/simulated_06/simulated_06_frame_00061.tif msi_inputs/simulated_06/simulated_06_frame_00086.tif msi_inputs/simulated_06/simulated_06_frame_00111.tif msi_inputs/simulated_06/simulated_06_frame_00136.tif msi_inputs/simulated_06/simulated_06_frame_00161.tif msi_inputs/simulated_06/simulated_06_frame_00186.tif,gt_outputs/simulated_06/simulated_06_gt_00011.png gt_outputs/simulated_06/simulated_06_gt_00036.png gt_outputs/simulated_06/simulated_06_gt_00061.png gt_outputs/simulated_06/simulated_06_gt_00086.png gt_outputs/simulated_06/simulated_06_gt_00111.png gt_outputs/simulated_06/simulated_06_gt_00136.png gt_outputs/simulated_06/simulated_06_gt_00161.png gt_outputs/simulated_06/simulated_06_gt_00186.png
377,msi_inputs/simulated_06/simulated_06_frame_00064.tif msi_inputs/simulated_06/simulated_06_frame_00065.tif msi_inputs/simulated_06/simulated_06_frame_00066.tif msi_inputs/simulated_06/simulated_06_frame_00067.tif msi_inputs/simulated_06/simulated_06_frame_00068.tif msi_inputs/simulated_06/simulated_06_frame_00069.tif msi_inputs/simulated_06/simulated_06_frame_00070.tif msi_inputs/simulated_06/simulated_06_frame_00071.tif,gt_outputs/simulated_06/simulated_06_gt_00064.png gt_outputs/simulated_06/simulated_06_gt_00065.png gt_outputs/simulated_06/simulated_06_gt_00066.png gt_outputs/simulated_06/simulated_06_gt_00067.png gt_outputs/simulated_06/simulated_06_gt_00068.png gt_outputs/simulated_06/simulated_06_gt_00069.png gt_outputs/simulated_06/simulated_06_gt_00070.png gt_outputs/simulated_06/simulated_06_gt_00071.png
378,msi_inputs/simulated_06/simulated_06_frame_00184.tif msi_inputs/simulated_06/simulated_06_frame_00185.tif msi_inputs/simulated_06/simulated_06_frame_00186.tif msi_inputs/simulated_06/simulated_06_frame_00187.tif msi_inputs/simulated_06/simulated_06_frame_00188.tif msi_inputs/simulated_06/simulated_06_frame_00189.tif msi_inputs/simulated_06/simulated_06_frame_00190.tif msi_inputs/simulated_06/simulated_06_frame_00191.tif,gt_outputs/simulated_06/simulated_06_gt_00184.png gt_outputs/simulated_06/simulated_06_gt_00185.png gt_outputs/simulated_06/simulated_06_gt_00186.png gt_outputs/simulated_06/simulated_06_gt_00187.png gt_outputs/simulated_06/simulated_06_gt_00188.png gt_outputs/simulated_06/simulated_06_gt_00189.png gt_outputs/simulated_06/simulated_06_gt_00190.png gt_outputs/simulated_06/simulated_06_gt_00191.png
379,msi_inputs/simulated_06/simulated_06_frame_00014.tif msi_inputs/simulated_06/simulated_06_frame_00039.tif msi_inputs/simulated_06/simulated_06_frame_00064.tif msi_inputs/simulated_06/simulated_06_frame_00089.tif msi_inputs/simulated_06/simulated_06_frame_00114.tif msi_inputs/simulated_06/simulated_06_frame_00139.tif msi_inputs/simulated_06/simulated_06_frame_00164.tif msi_inputs/simulated_06/simulated_06_frame_00189.tif,gt_outputs/simulated_06/simulated_06_gt_00014.png gt_outputs/simulated_06/simulated_06_gt_00039.png gt_outputs/simulated_06/simulated_06_gt_00064.png gt_outputs/simulated_06/simulated_06_gt_00089.png gt_outputs/simulated_06/simulated_06_gt_00114.png gt_outputs/simulated_06/simulated_06_gt_00139.png gt_outputs/simulated_06/simulated_06_gt_00164.png gt_outputs/simulated_06/simulated_06_gt_00189.png
380,msi_inputs/simulated_06/simulated_06_frame_00083.tif msi_inputs/simulated_06/simulated_06_frame_00093.tif msi_inputs/simulated_06/simulated_06_frame_00103.tif msi_inputs/simulated_06/simulated_06_frame_00113.tif msi_inputs/simulated_06/simulated_06_frame_00123.tif msi_inputs/simulated_06/simulated_06_frame_00133.tif msi_inputs/simulated_06/simulated_06_frame_00143.tif msi_inputs/simulated_06/simulated_06_frame_00153.tif,gt_outputs/simulated_06/simulated_06_gt_00083.png gt_outputs/simulated_06/simulated_06_gt_00093.png gt_outputs/simulated_06/simulated_06_gt_00103.png gt_outputs/simulated_06/simulated_06_gt_00113.png gt_outputs/simulated_06/simulated_06_gt_00123.png gt_outputs/simulated_06/simulated_06_gt_00133.png gt_outputs/simulated_06/simulated_06_gt_00143.png gt_outputs/simulated_06/simulated_06_gt_00153.png
381,msi_inputs/simulated_06/simulated_06_frame_00104.tif msi_inputs/simulated_06/simulated_06_frame_00105.tif msi_inputs/simulated_06/simulated_06_frame_00106.tif msi_inputs/simulated_06/simulated_06_frame_00107.tif msi_inputs/simulated_06/simulated_06_frame_00108.tif msi_inputs/simulated_06/simulated_06_frame_00109.tif msi_inputs/simulated_06/simulated_06_frame_00110.tif msi_inputs/simulated_06/simulated_06_frame_00111.tif,gt_outputs/simulated_06/simulated_06_gt_00104.png gt_outputs/simulated_06/simulated_06_gt_00105.png gt_outputs/simulated_06/simulated_06_gt_00106.png gt_outputs/simulated_06/simulated_06_gt_00107.png gt_outputs/simulated_06/simulated_06_gt_00108.png gt_outputs/simulated_06/simulated_06_gt_00109.png gt_outputs/simulated_06/simulated_06_gt_00110.png gt_outputs/simulated_06/simulated_06_gt_00111.png
382,msi_inputs/simulated_06/simulated_06_frame_00121.tif msi_inputs/simulated_06/simulated_06_frame_00126.tif msi_inputs/simulated_06/simulated_06_frame_00131.tif msi_inputs/simulated_06/simulated_06_frame_00136.tif msi_inputs/simulated_06/simulated_06_frame_00141.tif msi_inputs/simulated_06/simulated_06_frame_00146.tif msi_inputs/simulated_06/simulated_06_frame_00151.tif msi_inputs/simulated_06/simulated_06_frame_00156.tif,gt_outputs/simulated_06/simulated_06_gt_00121.png gt_outputs/simulated_06/simulated_06_gt_00126.png gt_outputs/simulated_06/simulated_06_gt_00131.png gt_outputs/simulated_06/simulated_06_gt_00136.png gt_outputs/simulated_06/simulated_06_gt_00141.png gt_outputs/simulated_06/simulated_06_gt_00146.png gt_outputs/simulated_06/simulated_06_gt_00151.png gt_outputs/simulated_06/simulated_06_gt_00156.png
383,msi_inputs/simulated_06/simulated_06_frame_00168.tif msi_inputs/simulated_06/simulated_06_frame_00169.tif msi_inputs/simulated_06/simulated_06_frame_00170.tif msi_inputs/simulated_06/simulated_06_frame_00171.tif msi_inputs/simulated_06/simulated_06_frame_00172.tif msi_inputs/simulated_06/simulated_06_frame_00173.tif msi_inputs/simulated_06/simulated_06_frame_00174.tif msi_inputs/simulated_06/simulated_06_frame_00175.tif,gt_outputs/simulated_06/simulated_06_gt_00168.png gt_outputs/simulated_06/simulated_06_gt_00169.png gt_outputs/simulated_06/simulated_06_gt_00170.png gt_outputs/simulated_06/simulated_06_gt_00171.png gt_outputs/simulated_06/simulated_06_gt_00172.png gt_outputs/simulated_06/simulated_06_gt_00173.png gt_outputs/simulated_06/simulated_06_gt_00174.png gt_outputs/simulated_06/simulated_06_gt_00175.png
384,msi_inputs/simulated_06/simulated_06_frame_00006.tif msi_inputs/simulated_06/simulated_06_frame_00031.tif msi_inputs/simulated_06/simulated_06_frame_00056.tif msi_inputs/simulated_06/simulated_06_frame_00081.tif msi_inputs/simulated_06/simulated_06_frame_00106.tif msi_inputs/simulated_06/simulated_06_frame_00131.tif msi_inputs/simulated_06/simulated_06_frame_00156.tif msi_inputs/simulated_06/simulated_06_frame_00181.tif,gt_outputs/simulated_06/simulated_06_gt_00006.png gt_outputs/simulated_06/simulated_06_gt_00031.png gt_outputs/simulated_06/simulated_06_gt_00056.png gt_outputs/simulated_06/simulated_06_gt_00081.png gt_outputs/simulated_06/simulated_06_gt_00106.png gt_outputs/simulated_06/simulated_06_gt_00131.png gt_outputs/simulated_06/simulated_06_gt_00156.png gt_outputs/simulated_06/simulated_06_gt_00181.png
385,msi_inputs/simulated_06/simulated_06_frame_00044.tif msi_inputs/simulated_06/simulated_06_frame_00049.tif msi_inputs/simulated_06/simulated_06_frame_00054.tif msi_inputs/simulated_06/simulated_06_frame_00059.tif msi_inputs/simulated_06/simulated_06_frame_00064.tif msi_inputs/simulated_06/simulated_06_frame_00069.tif msi_inputs/simulated_06/simulated_06_frame_00074.tif msi_inputs/simulated_06/simulated_06_frame_00079.tif,gt_outputs/simulated_06/simulated_06_gt_00044.png gt_outputs/simulated_06/simulated_06_gt_00049.png gt_outputs/simulated_06/simulated_06_gt_00054.png gt_outputs/simulated_06/simulated_06_gt_00059.png gt_outputs/simulated_06/simulated_06_gt_00064.png gt_outputs/simulated_06/simulated_06_gt_00069.png gt_outputs/simulated_06/simulated_06_gt_00074.png gt_outputs/simulated_06/simulated_06_gt_00079.png
386,msi_inputs/simulated_06/simulated_06_frame_00080.tif msi_inputs/simulated_06/simulated_06_frame_00090.tif msi_inputs/simulated_06/simulated_06_frame_00100.tif msi_inputs/simulated_06/simulated_06_frame_00110.tif msi_inputs/simulated_06/simulated_06_frame_00120.tif msi_inputs/simulated_06/simulated_06_frame_00130.tif msi_inputs/simulated_06/simulated_06_frame_00140.tif msi_inputs/simulated_06/simulated_06_frame_00150.tif,gt_outputs/simulated_06/simulated_06_gt_00080.png gt_outputs/simulated_06/simulated_06_gt_00090.png gt_outputs/simulated_06/simulated_06_gt_00100.png gt_outputs/simulated_06/simulated_06_gt_00110.png gt_outputs/simulated_06/simulated_06_gt_00120.png gt_outputs/simulated_06/simulated_06_gt_00130.png gt_outputs/simulated_06/simulated_06_gt_00140.png gt_outputs/simulated_06/simulated_06_gt_00150.png
387,msi_inputs/simulated_06/simulated_06_frame_00124.tif msi_inputs/simulated_06/simulated_06_frame_00129.tif msi_inputs/simulated_06/simulated_06_frame_00134.tif msi_inputs/simulated_06/simulated_06_frame_00139.tif msi_inputs/simulated_06/simulated_06_frame_00144.tif msi_inputs/simulated_06/simulated_06_frame_00149.tif msi_inputs/simulated_06/simulated_06_frame_00154.tif msi_inputs/simulated_06/simulated_06_frame_00159.tif,gt_outputs/simulated_06/simulated_06_gt_00124.png gt_outputs/simulated_06/simulated_06_gt_00129.png gt_outputs/simulated_06/simulated_06_gt_00134.png gt_outputs/simulated_06/simulated_06_gt_00139.png gt_outputs/simulated_06/simulated_06_gt_00144.png gt_outputs/simulated_06/simulated_06_gt_00149.png gt_outputs/simulated_06/simulated_06_gt_00154.png gt_outputs/simulated_06/simulated_06_gt_00159.png
388,msi_inputs/simulated_06/simulated_06_frame_00001.tif msi_inputs/simulated_06/simulated_06_frame_00006.tif msi_inputs/simulated_06/simulated_06_frame_00011.tif msi_inputs/simulated_06/simulated_06_frame_00016.tif msi_inputs/simulated_06/simulated_06_frame_00021.tif msi_inputs/simulated_06/simulated_06_frame_00026.tif msi_inputs/simulated_06/simulated_06_frame_00031.tif msi_inputs/simulated_06/simulated_06_frame_00036.tif,gt_outputs/simulated_06/simulated_06_gt_00001.png gt_outputs/simulated_06/simulated_06_gt_00006.png gt_outputs/simulated_06/simulated_06_gt_00011.png gt_outputs/simulated_06/simulated_06_gt_00016.png gt_outputs/simulated_06/simulated_06_gt_00021.png gt_outputs/simulated_06/simulated_06_gt_00026.png gt_outputs/simulated_06/simulated_06_gt_00031.png gt_outputs/simulated_06/simulated_06_gt_00036.png
389,msi_inputs/simulated_06/simulated_06_frame_00010.tif msi_inputs/simulated_06/simulated_06_frame_00035.tif msi_inputs/simulated_06/simulated_06_frame_00060.tif msi_inputs/simulated_06/simulated_06_frame_00085.tif msi_inputs/simulated_06/simulated_06_frame_00110.tif msi_inputs/simulated_06/simulated_06_frame_00135.tif msi_inputs/simulated_06/simulated_06_frame_00160.tif msi_inputs/simulated_06/simulated_06_frame_00185.tif,gt_outputs/simulated_06/simulated_06_gt_00010.png gt_outputs/simulated_06/simulated_06_gt_00035.png gt_outputs/simulated_06/simulated_06_gt_00060.png gt_outputs/simulated_06/simulated_06_gt_00085.png gt_outputs/simulated_06/simulated_06_gt_00110.png gt_outputs/simulated_06/simulated_06_gt_00135.png gt_outputs/simulated_06/simulated_06_gt_00160.png gt_outputs/simulated_06/simulated_06_gt_00185.png
390,msi_inputs/simulated_06/simulated_06_frame_00006.tif msi_inputs/simulated_06/simulated_06_frame_00016.tif msi_inputs/simulated_06/simulated_06_frame_00026.tif msi_inputs/simulated_06/simulated_06_frame_00036.tif msi_inputs/simulated_06/simulated_06_frame_00046.tif msi_inputs/simulated_06/simulated_06_frame_00056.tif msi_inputs/simulated_06/simulated_06_frame_00066.tif msi_inputs/simulated_06/simulated_06_frame_00076.tif,gt_outputs/simulated_06/simulated_06_gt_00006.png gt_outputs/simulated_06/simulated_06_gt_00016.png gt_outputs/simulated_06/simulated_06_gt_00026.png gt_outputs/simulated_06/simulated_06_gt_00036.png gt_outputs/simulated_06/simulated_06_gt_00046.png gt_outputs/simulated_06/simulated_06_gt_00056.png gt_outputs/simulated_06/simulated_06_gt_00066.png gt_outputs/simulated_06/simulated_06_gt_00076.png
391,msi_inputs/simulated_06/simulated_06_frame_00002.tif msi_inputs/simulated_06/simulated_06_frame_00027.tif msi_inputs/simulated_06/simulated_06_frame_00052.tif msi_inputs/simulated_06/simulated_06_frame_00077.tif msi_inputs/simulated_06/simulated_06_frame_00102.tif msi_inputs/simulated_06/simulated_06_frame_00127.tif msi_inputs/simulated_06/simulated_06_frame_00152.tif msi_inputs/simulated_06/simulated_06_frame_00177.tif,gt_outputs/simulated_06/simulated_06_gt_00002.png gt_outputs/simulated_06/simulated_06_gt_00027.png gt_outputs/simulated_06/simulated_06_gt_00052.png gt_outputs/simulated_06/simulated_06_gt_00077.png gt_outputs/simulated_06/simulated_06_gt_00102.png gt_outputs/simulated_06/simulated_06_gt_00127.png gt_outputs/simulated_06/simulated_06_gt_00152.png gt_outputs/simulated_06/simulated_06_gt_00177.png
392,msi_inputs/simulated_06/simulated_06_frame_00000.tif msi_inputs/simulated_06/simulated_06_frame_00010.tif msi_inputs/simulated_06/simulated_06_frame_00020.tif msi_inputs/simulated_06/simulated_06_frame_00030.tif msi_inputs/simulated_06/simulated_06_frame_00040.tif msi_inputs/simulated_06/simulated_06_frame_00050.tif msi_inputs/simulated_06/simulated_06_frame_00060.tif msi_inputs/simulated_06/simulated_06_frame_00070.tif,gt_outputs/simulated_06/simulated_06_gt_00000.png gt_outputs/simulated_06/simulated_06_gt_00010.png gt_outputs/simulated_06/simulated_06_gt_00020.png gt_outputs/simulated_06/simulated_06_gt_00030.png gt_outputs/simulated_06/simulated_06_gt_00040.png gt_outputs/simulated_06/simulated_06_gt_00050.png gt_outputs/simulated_06/simulated_06_gt_00060.png gt_outputs/simulated_06/simulated_06_gt_00070.png
393,msi_inputs/simulated_06/simulated_06_frame_00084.tif msi_inputs/simulated_06/simulated_06_frame_00089.tif msi_inputs/simulated_06/simulated_06_frame_00094.tif msi_inputs/simulated_06/simulated_06_frame_00099.tif msi_inputs/simulated_06/simulated_06_frame_00104.tif msi_inputs/simulated_06/simulated_06_frame_00109.tif msi_inputs/simulated_06/simulated_06_frame_00114.tif msi_inputs/simulated_06/simulated_06_frame_00119.tif,gt_outputs/simulated_06/simulated_06_gt_00084.png gt_outputs/simulated_06/simulated_06_gt_00089.png gt_outputs/simulated_06/simulated_06_gt_00094.png gt_outputs/simulated_06/simulated_06_gt_00099.png gt_outputs/simulated_06/simulated_06_gt_00104.png gt_outputs/simulated_06/simulated_06_gt_00109.png gt_outputs/simulated_06/simulated_06_gt_00114.png gt_outputs/simulated_06/simulated_06_gt_00119.png
394,msi_inputs/simulated_06/simulated_06_frame_00152.tif msi_inputs/simulated_06/simulated_06_frame_00153.tif msi_inputs/simulated_06/simulated_06_frame_00154.tif msi_inputs/simulated_06/simulated_06_frame_00155.tif msi_inputs/simulated_06/simulated_06_frame_00156.tif msi_inputs/simulated_06/simulated_06_frame_00157.tif msi_inputs/simulated_06/simulated_06_frame_00158.tif msi_inputs/simulated_06/simulated_06_frame_00159.tif,gt_outputs/simulated_06/simulated_06_gt_00152.png gt_outputs/simulated_06/simulated_06_gt_00153.png gt_outputs/simulated_06/simulated_06_gt_00154.png gt_outputs/simulated_06/simulated_06_gt_00155.png gt_outputs/simulated_06/simulated_06_gt_00156.png gt_outputs/simulated_06/simulated_06_gt_00157.png gt_outputs/simulated_06/simulated_06_gt_00158.png gt_outputs/simulated_06/simulated_06_gt_00159.png
395,msi_inputs/simulated_06/simulated_06_frame_00085.tif msi_inputs/simulated_06/simulated_06_frame_00095.tif msi_inputs/simulated_06/simulated_06_frame_00105.tif msi_inputs/simulated_06/simulated_06_frame_00115.tif msi_inputs/simulated_06/simulated_06_frame_00125.tif msi_inputs/simulated_06/simulated_06_frame_00135.tif msi_inputs/simulated_06/simulated_06_frame_00145.tif msi_inputs/simulated_06/simulated_06_frame_00155.tif,gt_outputs/simulated_06/simulated_06_gt_00085.png gt_outputs/simulated_06/simulated_06_gt_00095.png gt_outputs/simulated_06/simulated_06_gt_00105.png gt_outputs/simulated_06/simulated_06_gt_00115.png gt_outputs/simulated_06/simulated_06_gt_00125.png gt_outputs/simulated_06/simulated_06_gt_00135.png gt_outputs/simulated_06/simulated_06_gt_00145.png gt_outputs/simulated_06/simulated_06_gt_00155.png
396,msi_inputs/simulated_07/simulated_07_frame_00120.tif msi_inputs/simulated_07/simulated_07_frame_00121.tif msi_inputs/simulated_07/simulated_07_frame_00122.tif msi_inputs/simulated_07/simulated_07_frame_00123.tif msi_inputs/simulated_07/simulated_07_frame_00124.tif msi_inputs/simulated_07/simulated_07_frame_00125.tif msi_inputs/simulated_07/simulated_07_frame_00126.tif msi_inputs/simulated_07/simulated_07_frame_00127.tif,gt_outputs/simulated_07/simulated_07_gt_00120.png gt_outputs/simulated_07/simulated_07_gt_00121.png gt_outputs/simulated_07/simulated_07_gt_00122.png gt_outputs/simulated_07/simulated_07_gt_00123.png gt_outputs/simulated_07/simulated_07_gt_00124.png gt_outputs/simulated_07/simulated_07_gt_00125.png gt_outputs/simulated_07/simulated_07_gt_00126.png gt_outputs/simulated_07/simulated_07_gt_00127.png
397,msi_inputs/simulated_07/simulated_07_frame_00015.tif msi_inputs/simulated_07/simulated_07_frame_00040.tif msi_inputs/simulated_07/simulated_07_frame_00065.tif msi_inputs/simulated_07/simulated_07_frame_00090.tif msi_inputs/simulated_07/simulated_07_frame_00115.tif msi_inputs/simulated_07/simulated_07_frame_00140.tif msi_inputs/simulated_07/simulated_07_frame_00165.tif msi_inputs/simulated_07/simulated_07_frame_00190.tif,gt_outputs/simulated_07/simulated_07_gt_00015.png gt_outputs/simulated_07/simulated_07_gt_00040.png gt_outputs/simulated_07/simulated_07_gt_00065.png gt_outputs/simulated_07/simulated_07_gt_00090.png gt_outputs/simulated_07/simulated_07_gt_00115.png gt_outputs/simulated_07/simulated_07_gt_00140.png gt_outputs/simulated_07/simulated_07_gt_00165.png gt_outputs/simulated_07/simulated_07_gt_00190.png
398,msi_inputs/simulated_07/simulated_07_frame_00002.tif msi_inputs/simulated_07/simulated_07_frame_00012.tif msi_inputs/simulated_07/simulated_07_frame_00022.tif msi_inputs/simulated_07/simulated_07_frame_00032.tif msi_inputs/simulated_07/simulated_07_frame_00042.tif msi_inputs/simulated_07/simulated_07_frame_00052.tif msi_inputs/simulated_07/simulated_07_frame_00062.tif msi_inputs/simulated_07/simulated_07_frame_00072.tif,gt_outputs/simulated_07/simulated_07_gt_00002.png gt_outputs/simulated_07/simulated_07_gt_00012.png gt_outputs/simulated_07/simulated_07_gt_00022.png gt_outputs/simulated_07/simulated_07_gt_00032.png gt_outputs/simulated_07/simulated_07_gt_00042.png gt_outputs/simulated_07/simulated_07_gt_00052.png gt_outputs/simulated_07/simulated_07_gt_00062.png gt_outputs/simulated_07/simulated_07_gt_00072.png
399,msi_inputs/simulated_07/simulated_07_frame_00040.tif msi_inputs/simulated_07/simulated_07_frame_00045.tif msi_inputs/simulated_07/simulated_07_frame_00050.tif msi_inputs/simulated_07/simulated_07_frame_00055.tif msi_inputs/simulated_07/simulated_07_frame_00060.tif msi_inputs/simulated_07/simulated_07_frame_00065.tif msi_inputs/simulated_07/simulated_07_frame_00070.tif msi_inputs/simulated_07/simulated_07_frame_00075.tif,gt_outputs/simulated_07/simulated_07_gt_00040.png gt_outputs/simulated_07/simulated_07_gt_00045.png gt_outputs/simulated_07/simulated_07_gt_00050.png gt_outputs/simulated_07/simulated_07_gt_00055.png gt_outputs/simulated_07/simulated_07_gt_00060.png gt_outputs/simulated_07/simulated_07_gt_00065.png gt_outputs/simulated_07/simulated_07_gt_00070.png gt_outputs/simulated_07/simulated_07_gt_00075.png
400,msi_inputs/simulated_07/simulated_07_frame_00120.tif msi_inputs/simulated_07/simulated_07_frame_00125.tif msi_inputs/simulated_07/simulated_07_frame_00130.tif msi_inputs/simulated_07/simulated_07_frame_00135.tif msi_inputs/simulated_07/simulated_07_frame_00140.tif msi_inputs/simulated_07/simulated_07_frame_00145.tif msi_inputs/simulated_07/simulated_07_frame_00150.tif msi_inputs/simulated_07/simulated_07_frame_00155.tif,gt_outputs/simulated_07/simulated_07_gt_00120.png gt_outputs/simulated_07/simulated_07_gt_00125.png gt_outputs/simulated_07/simulated_07_gt_00130.png gt_outputs/simulated_07/simulated_07_gt_00135.png gt_outputs/simulated_07/simulated_07_gt_00140.png gt_outputs/simulated_07/simulated_07_gt_00145.png gt_outputs/simulated_07/simulated_07_gt_00150.png gt_outputs/simulated_07/simulated_07_gt_00155.png
401,msi_inputs/simulated_07/simulated_07_frame_00044.tif msi_inputs/simulated_07/simulated_07_frame_00049.tif msi_inputs/simulated_07/simulated_07_frame_00054.tif msi_inputs/simulated_07/simulated_07_frame_00059.tif msi_inputs/simulated_07/simulated_07_frame_00064.tif msi_inputs/simulated_07/simulated_07_frame_00069.tif msi_inputs/simulated_07/simulated_07_frame_00074.tif msi_inputs/simulated_07/simulated_07_frame_00079.tif,gt_outputs/simulated_07/simulated_07_gt_00044.png gt_outputs/simulated_07/simulated_07_gt_00049.png gt_outputs/simulated_07/simulated_07_gt_00054.png gt_outputs/simulated_07/simulated_07_gt_00059.png gt_outputs/simulated_07/simulated_07_gt_00064.png gt_outputs/simulated_07/simulated_07_gt_00069.png gt_outputs/simulated_07/simulated_07_gt_00074.png gt_outputs/simulated_07/simulated_07_gt_00079.png
402,msi_inputs/simulated_07/simulated_07_frame_00011.tif msi_inputs/simulated_07/simulated_07_frame_00036.tif msi_inputs/simulated_07/simulated_07_frame_00061.tif msi_inputs/simulated_07/simulated_07_frame_00086.tif msi_inputs/simulated_07/simulated_07_frame_00111.tif msi_inputs/simulated_07/simulated_07_frame_00136.tif msi_inputs/simulated_07/simulated_07_frame_00161.tif msi_inputs/simulated_07/simulated_07_frame_00186.tif,gt_outputs/simulated_07/simulated_07_gt_00011.png gt_outputs/simulated_07/simulated_07_gt_00036.png gt_outputs/simulated_07/simulated_07_gt_00061.png gt_outputs/simulated_07/simulated_07_gt_00086.png gt_outputs/simulated_07/simulated_07_gt_00111.png gt_outputs/simulated_07/simulated_07_gt_00136.png gt_outputs/simulated_07/simulated_07_gt_00161.png gt_outputs/simulated_07/simulated_07_gt_00186.png
403,msi_inputs/simulated_07/simulated_07_frame_00083.tif msi_inputs/simulated_07/simulated_07_frame_00093.tif msi_inputs/simulated_07/simulated_07_frame_00103.tif msi_inputs/simulated_07/simulated_07_frame_00113.tif msi_inputs/simulated_07/simulated_07_frame_00123.tif msi_inputs/simulated_07/simulated_07_frame_00133.tif msi_inputs/simulated_07/simulated_07_frame_00143.tif msi_inputs/simulated_07/simulated_07_frame_00153.tif,gt_outputs/simulated_07/simulated_07_gt_00083.png gt_outputs/simulated_07/simulated_07_gt_00093.png gt_outputs/simulated_07/simulated_07_gt_00103.png gt_outputs/simulated_07/simulated_07_gt_00113.png gt_outputs/simulated_07/simulated_07_gt_00123.png gt_outputs/simulated_07/simulated_07_gt_00133.png gt_outputs/simulated_07/simulated_07_gt_00143.png gt_outputs/simulated_07/simulated_07_gt_00153.png
404,msi_inputs/simulated_07/simulated_07_frame_00064.tif msi_inputs/simulated_07/simulated_07_frame_00065.tif msi_inputs/simulated_07/simulated_07_frame_00066.tif msi_inputs/simulated_07/simulated_07_frame_00067.tif msi_inputs/simulated_07/simulated_07_frame_00068.tif msi_inputs/simulated_07/simulated_07_frame_00069.tif msi_inputs/simulated_07/simulated_07_frame_00070.tif msi_inputs/simulated_07/simulated_07_frame_00071.tif,gt_outputs/simulated_07/simulated_07_gt_00064.png gt_outputs/simulated_07/simulated_07_gt_00065.png gt_outputs/simulated_07/simulated_07_gt_00066.png gt_outputs/simulated_07/simulated_07_gt_00067.png gt_outputs/simulated_07/simulated_07_gt_00068.png gt_outputs/simulated_07/simulated_07_gt_00069.png gt_outputs/simulated_07/simulated_07_gt_00070.png gt_outputs/simulated_07/simulated_07_gt_00071.png
405,msi_inputs/simulated_07/simulated_07_frame_00001.tif msi_inputs/simulated_07/simulated_07_frame_00006.tif msi_inputs/simulated_07/simulated_07_frame_00011.tif msi_inputs/simulated_07/simulated_07_frame_00016.tif msi_inputs/simulated_07/simulated_07_frame_00021.tif msi_inputs/simulated_07/simulated_07_frame_00026.tif msi_inputs/simulated_07/simulated_07_frame_00031.tif msi_inputs/simulated_07/simulated_07_frame_00036.tif,gt_outputs/simulated_07/simulated_07_gt_00001.png gt_outputs/simulated_07/simulated_07_gt_00006.png gt_outputs/simulated_07/simulated_07_gt_00011.png gt_outputs/simulated_07/simulated_07_gt_00016.png gt_outputs/simulated_07/simulated_07_gt_00021.png gt_outputs/simulated_07/simulated_07_gt_00026.png gt_outputs/simulated_07/simulated_07_gt_00031.png gt_outputs/simulated_07/simulated_07_gt_00036.png
406,msi_inputs/simulated_07/simulated_07_frame_00032.tif msi_inputs/simulated_07/simulated_07_frame_00033.tif msi_inputs/simulated_07/simulated_07_frame_00034.tif msi_inputs/simulated_07/simulated_07_frame_00035.tif msi_inputs/simulated_07/simulated_07_frame_00036.tif msi_inputs/simulated_07/simulated_07_frame_00037.tif msi_inputs/simulated_07/simulated_07_frame_00038.tif msi_inputs/simulated_07/simulated_07_frame_00039.tif,gt_outputs/simulated_07/simulated_07_gt_00032.png gt_outputs/simulated_07/simulated_07_gt_00033.png gt_outputs/simulated_07/simulated_07_gt_00034.png gt_outputs/simulated_07/simulated_07_gt_00035.png gt_outputs/simulated_07/simulated_07_gt_00036.png gt_outputs/simulated_07/simulated_07_gt_00037.png gt_outputs/simulated_07/simulated_07_gt_00038.png gt_outputs/simulated_07/simulated_07_gt_00039.png
407,msi_inputs/simulated_07/simulated_07_frame_00164.tif msi_inputs/simulated_07/simulated_07_frame_00169.tif msi_inputs/simulated_07/simulated_07_frame_00174.tif msi_inputs/simulated_07/simulated_07_frame_00179.tif msi_inputs/simulated_07/simulated_07_frame_00184.tif msi_inputs/simulated_07/simulated_07_frame_00189.tif msi_inputs/simulated_07/simulated_07_frame_00194.tif msi_inputs/simulated_07/simulated_07_frame_00199.tif,gt_outputs/simulated_07/simulated_07_gt_00164.png gt_outputs/simulated_07/simulated_07_gt_00169.png gt_outputs/simulated_07/simulated_07_gt_00174.png gt_outputs/simulated_07/simulated_07_gt_00179.png gt_outputs/simulated_07/simulated_07_gt_00184.png gt_outputs/simulated_07/simulated_07_gt_00189.png gt_outputs/simulated_07/simulated_07_gt_00194.png gt_outputs/simulated_07/simulated_07_gt_00199.png
408,msi_inputs/simulated_07/simulated_07_frame_00081.tif msi_inputs/simulated_07/simulated_07_frame_00091.tif msi_inputs/simulated_07/simulated_07_frame_00101.tif msi_inputs/simulated_07/simulated_07_frame_00111.tif msi_inputs/simulated_07/simulated_07_frame_00121.tif msi_inputs/simulated_07/simulated_07_frame_00131.tif msi_inputs/simulated_07/simulated_07_frame_00141.tif msi_inputs/simulated_07/simulated_07_frame_00151.tif,gt_outputs/simulated_07/simulated_07_gt_00081.png gt_outputs/simulated_07/simulated_07_gt_00091.png gt_outputs/simulated_07/simulated_07_gt_00101.png gt_outputs/simulated_07/simulated_07_gt_00111.png gt_outputs/simulated_07/simulated_07_gt_00121.png gt_outputs/simulated_07/simulated_07_gt_00131.png gt_outputs/simulated_07/simulated_07_gt_00141.png gt_outputs/simulated_07/simulated_07_gt_00151.png
409,msi_inputs/simulated_07/simulated_07_frame_00024.tif msi_inputs/simulated_07/simulated_07_frame_00025.tif msi_inputs/simulated_07/simulated_07_frame_00026.tif msi_inputs/simulated_07/simulated_07_frame_00027.tif msi_inputs/simulated_07/simulated_07_frame_00028.tif msi_inputs/simulated_07/simulated_07_frame_00029.tif msi_inputs/simulated_07/simulated_07_frame_00030.tif msi_inputs/simulated_07/simulated_07_frame_00031.tif,gt_outputs/simulated_07/simulated_07_gt_00024.png gt_outputs/simulated_07/simulated_07_gt_00025.png gt_outputs/simulated_07/simulated_07_gt_00026.png gt_outputs/simulated_07/simulated_07_gt_00027.png gt_outputs/simulated_07/simulated_07_gt_00028.png gt_outputs/simulated_07/simulated_07_gt_00029.png gt_outputs/simulated_07/simulated_07_gt_00030.png gt_outputs/simulated_07/simulated_07_gt_00031.png
410,msi_inputs/simulated_07/simulated_07_frame_00012.tif msi_inputs/simulated_07/simulated_07_frame_00037.tif msi_inputs/simulated_07/simulated_07_frame_00062.tif msi_inputs/simulated_07/simulated_07_frame_00087.tif msi_inputs/simulated_07/simulated_07_frame_00112.tif msi_inputs/simulated_07/simulated_07_frame_00137.tif msi_inputs/simulated_07/simulated_07_frame_00162.tif msi_inputs/simulated_07/simulated_07_frame_00187.tif,gt_outputs/simulated_07/simulated_07_gt_00012.png gt_outputs/simulated_07/simulated_07_gt_00037.png gt_outputs/simulated_07/simulated_07_gt_00062.png gt_outputs/simulated_07/simulated_07_gt_00087.png gt_outputs/simulated_07/simulated_07_gt_00112.png gt_outputs/simulated_07/simulated_07_gt_00137.png gt_outputs/simulated_07/simulated_07_gt_00162.png gt_outputs/simulated_07/simulated_07_gt_00187.png
411,msi_inputs/simulated_07/simulated_07_frame_00004.tif msi_inputs/simulated_07/simulated_07_frame_00029.tif msi_inputs/simulated_07/simulated_07_frame_00054.tif msi_inputs/simulated_07/simulated_07_frame_00079.tif msi_inputs/simulated_07/simulated_07_frame_00104.tif msi_inputs/simulated_07/simulated_07_frame_00129.tif msi_inputs/simulated_07/simulated_07_frame_00154.tif msi_inputs/simulated_07/simulated_07_frame_00179.tif,gt_outputs/simulated_07/simulated_07_gt_00004.png gt_outputs/simulated_07/simulated_07_gt_00029.png gt_outputs/simulated_07/simulated_07_gt_00054.png gt_outputs/simulated_07/simulated_07_gt_00079.png gt_outputs/simulated_07/simulated_07_gt_00104.png gt_outputs/simulated_07/simulated_07_gt_00129.png gt_outputs/simulated_07/simulated_07_gt_00154.png gt_outputs/simulated_07/simulated_07_gt_00179.png
412,msi_inputs/simulated_07/simulated_07_frame_00016.tif msi_inputs/simulated_07/simulated_07_frame_00041.tif msi_inputs/simulated_07/simulated_07_frame_00066.tif msi_inputs/simulated_07/simulated_07_frame_00091.tif msi_inputs/simulated_07/simulated_07_frame_00116.tif msi_inputs/simulated_07/simulated_07_frame_00141.tif msi_inputs/simulated_07/simulated_07_frame_00166.tif msi_inputs/simulated_07/simulated_07_frame_00191.tif,gt_outputs/simulated_07/simulated_07_gt_00016.png gt_outputs/simulated_07/simulated_07_gt_00041.png gt_outputs/simulated_07/simulated_07_gt_00066.png gt_outputs/simulated_07/simulated_07_gt_00091.png gt_outputs/simulated_07/simulated_07_gt_00116.png gt_outputs/simulated_07/simulated_07_gt_00141.png gt_outputs/simulated_07/simulated_07_gt_00166.png gt_outputs/simulated_07/simulated_07_gt_00191.png
413,msi_inputs/simulated_07/simulated_07_frame_00013.tif msi_inputs/simulated_07/simulated_07_frame_00038.tif msi_inputs/simulated_07/simulated_07_frame_00063.tif msi_inputs/simulated_07/simulated_07_frame_00088.tif msi_inputs/simulated_07/simulated_07_frame_00113.tif msi_inputs/simulated_07/simulated_07_frame_00138.tif msi_inputs/simulated_07/simulated_07_frame_00163.tif msi_inputs/simulated_07/simulated_07_frame_00188.tif,gt_outputs/simulated_07/simulated_07_gt_00013.png gt_outputs/simulated_07/simulated_07_gt_00038.png gt_outputs/simulated_07/simulated_07_gt_00063.png gt_outputs/simulated_07/simulated_07_gt_00088.png gt_outputs/simulated_07/simulated_07_gt_00113.png gt_outputs/simulated_07/simulated_07_gt_00138.png gt_outputs/simulated_07/simulated_07_gt_00163.png gt_outputs/simulated_07/simulated_07_gt_00188.png
414,msi_inputs/simulated_07/simulated_07_frame_00004.tif msi_inputs/simulated_07/simulated_07_frame_00014.tif msi_inputs/simulated_07/simulated_07_frame_00024.tif msi_inputs/simulated_07/simulated_07_frame_00034.tif msi_inputs/simulated_07/simulated_07_frame_00044.tif msi_inputs/simulated_07/simulated_07_frame_00054.tif msi_inputs/simulated_07/simulated_07_frame_00064.tif msi_inputs/simulated_07/simulated_07_frame_00074.tif,gt_outputs/simulated_07/simulated_07_gt_00004.png gt_outputs/simulated_07/simulated_07_gt_00014.png gt_outputs/simulated_07/simulated_07_gt_00024.png gt_outputs/simulated_07/simulated_07_gt_00034.png gt_outputs/simulated_07/simulated_07_gt_00044.png gt_outputs/simulated_07/simulated_07_gt_00054.png gt_outputs/simulated_07/simulated_07_gt_00064.png gt_outputs/simulated_07/simulated_07_gt_00074.png
415,msi_inputs/simulated_07/simulated_07_frame_00010.tif msi_inputs/simulated_07/simulated_07_frame_00035.tif msi_inputs/simulated_07/simulated_07_frame_00060.tif msi_inputs/simulated_07/simulated_07_frame_00085.tif msi_inputs/simulated_07/simulated_07_frame_00110.tif msi_inputs/simulated_07/simulated_07_frame_00135.tif msi_inputs/simulated_07/simulated_07_frame_00160.tif msi_inputs/simulated_07/simulated_07_frame_00185.tif,gt_outputs/simulated_07/simulated_07_gt_00010.png gt_outputs/simulated_07/simulated_07_gt_00035.png gt_outputs/simulated_07/simulated_07_gt_00060.png gt_outputs/simulated_07/simulated_07_gt_00085.png gt_outputs/simulated_07/simulated_07_gt_00110.png gt_outputs/simulated_07/simulated_07_gt_00135.png gt_outputs/simulated_07/simulated_07_gt_00160.png gt_outputs/simulated_07/simulated_07_gt_00185.png
416,msi_inputs/simulated_07/simulated_07_frame_00000.tif msi_inputs/simulated_07/simulated_07_frame_00010.tif msi_inputs/simulated_07/simulated_07_frame_00020.tif msi_inputs/simulated_07/simulated_07_frame_00030.tif msi_inputs/simulated_07/simulated_07_frame_00040.tif msi_inputs/simulated_07/simulated_07_frame_00050.tif msi_inputs/simulated_07/simulated_07_frame_00060.tif msi_inputs/simulated_07/simulated_07_frame_00070.tif,gt_outputs/simulated_07/simulated_07_gt_00000.png gt_outputs/simulated_07/simulated_07_gt_00010.png gt_outputs/simulated_07/simulated_07_gt_00020.png gt_outputs/simulated_07/simulated_07_gt_00030.png gt_outputs/simulated_07/simulated_07_gt_00040.png gt_outputs/simulated_07/simulated_07_gt_00050.png gt_outputs/simulated_07/simulated_07_gt_00060.png gt_outputs/simulated_07/simulated_07_gt_00070.png
417,msi_inputs/simulated_07/simulated_07_frame_00089.tif msi_inputs/simulated_07/simulated_07_frame_00099.tif msi_inputs/simulated_07/simulated_07_frame_00109.tif msi_inputs/simulated_07/simulated_07_frame_00119.tif msi_inputs/simulated_07/simulated_07_frame_00129.tif msi_inputs/simulated_07/simulated_07_frame_00139.tif msi_inputs/simulated_07/simulated_07_frame_00149.tif msi_inputs/simulated_07/simulated_07_frame_00159.tif,gt_outputs/simulated_07/simulated_07_gt_00089.png gt_outputs/simulated_07/simulated_07_gt_00099.png gt_outputs/simulated_07/simulated_07_gt_00109.png gt_outputs/simulated_07/simulated_07_gt_00119.png gt_outputs/simulated_07/simulated_07_gt_00129.png gt_outputs/simulated_07/simulated_07_gt_00139.png gt_outputs/simulated_07/simulated_07_gt_00149.png gt_outputs/simulated_07/simulated_07_gt_00159.png
418,msi_inputs/simulated_07/simulated_07_frame_00104.tif msi_inputs/simulated_07/simulated_07_frame_00105.tif msi_inputs/simulated_07/simulated_07_frame_00106.tif msi_inputs/simulated_07/simulated_07_frame_00107.tif msi_inputs/simulated_07/simulated_07_frame_00108.tif msi_inputs/simulated_07/simulated_07_frame_00109.tif msi_inputs/simulated_07/simulated_07_frame_00110.tif msi_inputs/simulated_07/simulated_07_frame_00111.tif,gt_outputs/simulated_07/simulated_07_gt_00104.png gt_outputs/simulated_07/simulated_07_gt_00105.png gt_outputs/simulated_07/simulated_07_gt_00106.png gt_outputs/simulated_07/simulated_07_gt_00107.png gt_outputs/simulated_07/simulated_07_gt_00108.png gt_outputs/simulated_07/simulated_07_gt_00109.png gt_outputs/simulated_07/simulated_07_gt_00110.png gt_outputs/simulated_07/simulated_07_gt_00111.png
419,msi_inputs/simulated_07/simulated_07_frame_00007.tif msi_inputs/simulated_07/simulated_07_frame_00017.tif msi_inputs/simulated_07/simulated_07_frame_00027.tif msi_inputs/simulated_07/simulated_07_frame_00037.tif msi_inputs/simulated_07/simulated_07_frame_00047.tif msi_inputs/simulated_07/simulated_07_frame_00057.tif msi_inputs/simulated_07/simulated_07_frame_00067.tif msi_inputs/simulated_07/simulated_07_frame_00077.tif,gt_outputs/simulated_07/simulated_07_gt_00007.png gt_outputs/simulated_07/simulated_07_gt_00017.png gt_outputs/simulated_07/simulated_07_gt_00027.png gt_outputs/simulated_07/simulated_07_gt_00037.png gt_outputs/simulated_07/simulated_07_gt_00047.png gt_outputs/simulated_07/simulated_07_gt_00057.png gt_outputs/simulated_07/simulated_07_gt_00067.png gt_outputs/simulated_07/simulated_07_gt_00077.png
420,msi_inputs/simulated_07/simulated_07_frame_00041.tif msi_inputs/simulated_07/simulated_07_frame_00046.tif msi_inputs/simulated_07/simulated_07_frame_00051.tif msi_inputs/simulated_07/simulated_07_frame_00056.tif msi_inputs/simulated_07/simulated_07_frame_00061.tif msi_inputs/simulated_07/simulated_07_frame_00066.tif msi_inputs/simulated_07/simulated_07_frame_00071.tif msi_inputs/simulated_07/simulated_07_frame_00076.tif,gt_outputs/simulated_07/simulated_07_gt_00041.png gt_outputs/simulated_07/simulated_07_gt_00046.png gt_outputs/simulated_07/simulated_07_gt_00051.png gt_outputs/simulated_07/simulated_07_gt_00056.png gt_outputs/simulated_07/simulated_07_gt_00061.png gt_outputs/simulated_07/simulated_07_gt_00066.png gt_outputs/simulated_07/simulated_07_gt_00071.png gt_outputs/simulated_07/simulated_07_gt_00076.png
421,msi_inputs/simulated_07/simulated_07_frame_00002.tif msi_inputs/simulated_07/simulated_07_frame_00027.tif msi_inputs/simulated_07/simulated_07_frame_00052.tif msi_inputs/simulated_07/simulated_07_frame_00077.tif msi_inputs/simulated_07/simulated_07_frame_00102.tif msi_inputs/simulated_07/simulated_07_frame_00127.tif msi_inputs/simulated_07/simulated_07_frame_00152.tif msi_inputs/simulated_07/simulated_07_frame_00177.tif,gt_outputs/simulated_07/simulated_07_gt_00002.png gt_outputs/simulated_07/simulated_07_gt_00027.png gt_outputs/simulated_07/simulated_07_gt_00052.png gt_outputs/simulated_07/simulated_07_gt_00077.png gt_outputs/simulated_07/simulated_07_gt_00102.png gt_outputs/simulated_07/simulated_07_gt_00127.png gt_outputs/simulated_07/simulated_07_gt_00152.png gt_outputs/simulated_07/simulated_07_gt_00177.png
422,msi_inputs/simulated_07/simulated_07_frame_00042.tif msi_inputs/simulated_07/simulated_07_frame_00047.tif msi_inputs/simulated_07/simulated_07_frame_00052.tif msi_inputs/simulated_07/simulated_07_frame_00057.tif msi_inputs/simulated_07/simulated_07_frame_00062.tif msi_inputs/simulated_07/simulated_07_frame_00067.tif msi_inputs/simulated_07/simulated_07_frame_00072.tif msi_inputs/simulated_07/simulated_07_frame_00077.tif,gt_outputs/simulated_07/simulated_07_gt_00042.png gt_outputs/simulated_07/simulated_07_gt_00047.png gt_outputs/simulated_07/simulated_07_gt_00052.png gt_outputs/simulated_07/simulated_07_gt_00057.png gt_outputs/simulated_07/simulated_07_gt_00062.png gt_outputs/simulated_07/simulated_07_gt_00067.png gt_outputs/simulated_07/simulated_07_gt_00072.png gt_outputs/simulated_07/simulated_07_gt_00077.png
423,msi_inputs/simulated_07/simulated_07_frame_00086.tif msi_inputs/simulated_07/simulated_07_frame_00096.tif msi_inputs/simulated_07/simulated_07_frame_00106.tif msi_inputs/simulated_07/simulated_07_frame_00116.tif msi_inputs/simulated_07/simulated_07_frame_00126.tif msi_inputs/simulated_07/simulated_07_frame_00136.tif msi_inputs/simulated_07/simulated_07_frame_00146.tif msi_inputs/simulated_07/simulated_07_frame_00156.tif,gt_outputs/simulated_07/simulated_07_gt_00086.png gt_outputs/simulated_07/simulated_07_gt_00096.png gt_outputs/simulated_07/simulated_07_gt_00106.png gt_outputs/simulated_07/simulated_07_gt_00116.png gt_outputs/simulated_07/simulated_07_gt_00126.png gt_outputs/simulated_07/simulated_07_gt_00136.png gt_outputs/simulated_07/simulated_07_gt_00146.png gt_outputs/simulated_07/simulated_07_gt_00156.png
424,msi_inputs/simulated_07/simulated_07_frame_00128.tif msi_inputs/simulated_07/simulated_07_frame_00129.tif msi_inputs/simulated_07/simulated_07_frame_00130.tif msi_inputs/simulated_07/simulated_07_frame_00131.tif msi_inputs/simulated_07/simulated_07_frame_00132.tif msi_inputs/simulated_07/simulated_07_frame_00133.tif msi_inputs/simulated_07/simulated_07_frame_00134.tif msi_inputs/simulated_07/simulated_07_frame_00135.tif,gt_outputs/simulated_07/simulated_07_gt_00128.png gt_outputs/simulated_07/simulated_07_gt_00129.png gt_outputs/simulated_07/simulated_07_gt_00130.png gt_outputs/simulated_07/simulated_07_gt_00131.png gt_outputs/simulated_07/simulated_07_gt_00132.png gt_outputs/simulated_07/simulated_07_gt_00133.png gt_outputs/simulated_07/simulated_07_gt_00134.png gt_outputs/simulated_07/simulated_07_gt_00135.png
425,msi_inputs/simulated_07/simulated_07_frame_00136.tif msi_inputs/simulated_07/simulated_07_frame_00137.tif msi_inputs/simulated_07/simulated_07_frame_00138.tif msi_inputs/simulated_07/simulated_07_frame_00139.tif msi_inputs/simulated_07/simulated_07_frame_00140.tif msi_inputs/simulated_07/simulated_07_frame_00141.tif msi_inputs/simulated_07/simulated_07_frame_00142.tif msi_inputs/simulated_07/simulated_07_frame_00143.tif,gt_outputs/simulated_07/simulated_07_gt_00136.png gt_outputs/simulated_07/simulated_07_gt_00137.png gt_outputs/simulated_07/simulated_07_gt_00138.png gt_outputs/simulated_07/simulated_07_gt_00139.png gt_outputs/simulated_07/simulated_07_gt_00140.png gt_outputs/simulated_07/simulated_07_gt_00141.png gt_outputs/simulated_07/simulated_07_gt_00142.png gt_outputs/simulated_07/simulated_07_gt_00143.png
426,msi_inputs/simulated_07/simulated_07_frame_00084.tif msi_inputs/simulated_07/simulated_07_frame_00094.tif msi_inputs/simulated_07/simulated_07_frame_00104.tif msi_inputs/simulated_07/simulated_07_frame_00114.tif msi_inputs/simulated_07/simulated_07_frame_00124.tif msi_inputs/simulated_07/simulated_07_frame_00134.tif msi_inputs/simulated_07/simulated_07_frame_00144.tif msi_inputs/simulated_07/simulated_07_frame_00154.tif,gt_outputs/simulated_07/simulated_07_gt_00084.png gt_outputs/simulated_07/simulated_07_gt_00094.png gt_outputs/simulated_07/simulated_07_gt_00104.png gt_outputs/simulated_07/simulated_07_gt_00114.png gt_outputs/simulated_07/simulated_07_gt_00124.png gt_outputs/simulated_07/simulated_07_gt_00134.png gt_outputs/simulated_07/simulated_07_gt_00144.png gt_outputs/simulated_07/simulated_07_gt_00154.png
427,msi_inputs/simulated_07/simulated_07_frame_00163.tif msi_inputs/simulated_07/simulated_07_frame_00168.tif msi_inputs/simulated_07/simulated_07_frame_00173.tif msi_inputs/simulated_07/simulated_07_frame_00178.tif msi_inputs/simulated_07/simulated_07_frame_00183.tif msi_inputs/simulated_07/simulated_07_frame_00188.tif msi_inputs/simulated_07/simulated_07_frame_00193.tif msi_inputs/simulated_07/simulated_07_frame_00198.tif,gt_outputs/simulated_07/simulated_07_gt_00163.png gt_outputs/simulated_07/simulated_07_gt_00168.png gt_outputs/simulated_07/simulated_07_gt_00173.png gt_outputs/simulated_07/simulated_07_gt_00178.png gt_outputs/simulated_07/simulated_07_gt_00183.png gt_outputs/simulated_07/simulated_07_gt_00188.png gt_outputs/simulated_07/simulated_07_gt_00193.png gt_outputs/simulated_07/simulated_07_gt_00198.png
428,msi_inputs/simulated_07/simulated_07_frame_00009.tif msi_inputs/simulated_07/simulated_07_frame_00034.tif msi_inputs/simulated_07/simulated_07_frame_00059.tif msi_inputs/simulated_07/simulated_07_frame_00084.tif msi_inputs/simulated_07/simulated_07_frame_00109.tif msi_inputs/simulated_07/simulated_07_frame_00134.tif msi_inputs/simulated_07/simulated_07_frame_00159.tif msi_inputs/simulated_07/simulated_07_frame_00184.tif,gt_outputs/simulated_07/simulated_07_gt_00009.png gt_outputs/simulated_07/simulated_07_gt_00034.png gt_outputs/simulated_07/simulated_07_gt_00059.png gt_outputs/simulated_07/simulated_07_gt_00084.png gt_outputs/simulated_07/simulated_07_gt_00109.png gt_outputs/simulated_07/simulated_07_gt_00134.png gt_outputs/simulated_07/simulated_07_gt_00159.png gt_outputs/simulated_07/simulated_07_gt_00184.png
429,msi_inputs/simulated_07/simulated_07_frame_00017.tif msi_inputs/simulated_07/simulated_07_frame_00042.tif msi_inputs/simulated_07/simulated_07_frame_00067.tif msi_inputs/simulated_07/simulated_07_frame_00092.tif msi_inputs/simulated_07/simulated_07_frame_00117.tif msi_inputs/simulated_07/simulated_07_frame_00142.tif msi_inputs/simulated_07/simulated_07_frame_00167.tif msi_inputs/simulated_07/simulated_07_frame_00192.tif,gt_outputs/simulated_07/simulated_07_gt_00017.png gt_outputs/simulated_07/simulated_07_gt_00042.png gt_outputs/simulated_07/simulated_07_gt_00067.png gt_outputs/simulated_07/simulated_07_gt_00092.png gt_outputs/simulated_07/simulated_07_gt_00117.png gt_outputs/simulated_07/simulated_07_gt_00142.png gt_outputs/simulated_07/simulated_07_gt_00167.png gt_outputs/simulated_07/simulated_07_gt_00192.png
430,msi_inputs/simulated_07/simulated_07_frame_00008.tif msi_inputs/simulated_07/simulated_07_frame_00033.tif msi_inputs/simulated_07/simulated_07_frame_00058.tif msi_inputs/simulated_07/simulated_07_frame_00083.tif msi_inputs/simulated_07/simulated_07_frame_00108.tif msi_inputs/simulated_07/simulated_07_frame_00133.tif msi_inputs/simulated_07/simulated_07_frame_00158.tif msi_inputs/simulated_07/simulated_07_frame_00183.tif,gt_outputs/simulated_07/simulated_07_gt_00008.png gt_outputs/simulated_07/simulated_07_gt_00033.png gt_outputs/simulated_07/simulated_07_gt_00058.png gt_outputs/simulated_07/simulated_07_gt_00083.png gt_outputs/simulated_07/simulated_07_gt_00108.png gt_outputs/simulated_07/simulated_07_gt_00133.png gt_outputs/simulated_07/simulated_07_gt_00158.png gt_outputs/simulated_07/simulated_07_gt_00183.png
431,msi_inputs/simulated_07/simulated_07_frame_00008.tif msi_inputs/simulated_07/simulated_07_frame_00018.tif msi_inputs/simulated_07/simulated_07_frame_00028.tif msi_inputs/simulated_07/simulated_07_frame_00038.tif msi_inputs/simulated_07/simulated_07_frame_00048.tif msi_inputs/simulated_07/simulated_07_frame_00058.tif msi_inputs/simulated_07/simulated_07_frame_00068.tif msi_inputs/simulated_07/simulated_07_frame_00078.tif,gt_outputs/simulated_07/simulated_07_gt_00008.png gt_outputs/simulated_07/simulated_07_gt_00018.png gt_outputs/simulated_07/simulated_07_gt_00028.png gt_outputs/simulated_07/simulated_07_gt_00038.png gt_outputs/simulated_07/simulated_07_gt_00048.png gt_outputs/simulated_07/simulated_07_gt_00058.png gt_outputs/simulated_07/simulated_07_gt_00068.png gt_outputs/simulated_07/simulated_07_gt_00078.png
432,msi_inputs/simulated_07/simulated_07_frame_00121.tif msi_inputs/simulated_07/simulated_07_frame_00126.tif msi_inputs/simulated_07/simulated_07_frame_00131.tif msi_inputs/simulated_07/simulated_07_frame_00136.tif msi_inputs/simulated_07/simulated_07_frame_00141.tif msi_inputs/simulated_07/simulated_07_frame_00146.tif msi_inputs/simulated_07/simulated_07_frame_00151.tif msi_inputs/simulated_07/simulated_07_frame_00156.tif,gt_outputs/simulated_07/simulated_07_gt_00121.png gt_outputs/simulated_07/simulated_07_gt_00126.png gt_outputs/simulated_07/simulated_07_gt_00131.png gt_outputs/simulated_07/simulated_07_gt_00136.png gt_outputs/simulated_07/simulated_07_gt_00141.png gt_outputs/simulated_07/simulated_07_gt_00146.png gt_outputs/simulated_07/simulated_07_gt_00151.png gt_outputs/simulated_07/simulated_07_gt_00156.png
433,msi_inputs/simulated_07/simulated_07_frame_00003.tif msi_inputs/simulated_07/simulated_07_frame_00008.tif msi_inputs/simulated_07/simulated_07_frame_00013.tif msi_inputs/simulated_07/simulated_07_frame_00018.tif msi_inputs/simulated_07/simulated_07_frame_00023.tif msi_inputs/simulated_07/simulated_07_frame_00028.tif msi_inputs/simulated_07/simulated_07_frame_00033.tif msi_inputs/simulated_07/simulated_07_frame_00038.tif,gt_outputs/simulated_07/simulated_07_gt_00003.png gt_outputs/simulated_07/simulated_07_gt_00008.png gt_outputs/simulated_07/simulated_07_gt_00013.png gt_outputs/simulated_07/simulated_07_gt_00018.png gt_outputs/simulated_07/simulated_07_gt_00023.png gt_outputs/simulated_07/simulated_07_gt_00028.png gt_outputs/simulated_07/simulated_07_gt_00033.png gt_outputs/simulated_07/simulated_07_gt_00038.png
434,msi_inputs/simulated_07/simulated_07_frame_00081.tif msi_inputs/simulated_07/simulated_07_frame_00086.tif msi_inputs/simulated_07/simulated_07_frame_00091.tif msi_inputs/simulated_07/simulated_07_frame_00096.tif msi_inputs/simulated_07/simulated_07_frame_00101.tif msi_inputs/simulated_07/simulated_07_frame_00106.tif msi_inputs/simulated_07/simulated_07_frame_00111.tif msi_inputs/simulated_07/simulated_07_frame_00116.tif,gt_outputs/simulated_07/simulated_07_gt_00081.png gt_outputs/simulated_07/simulated_07_gt_00086.png gt_outputs/simulated_07/simulated_07_gt_00091.png gt_outputs/simulated_07/simulated_07_gt_00096.png gt_outputs/simulated_07/simulated_07_gt_00101.png gt_outputs/simulated_07/simulated_07_gt_00106.png gt_outputs/simulated_07/simulated_07_gt_00111.png gt_outputs/simulated_07/simulated_07_gt_00116.png
435,msi_inputs/simulated_07/simulated_07_frame_00080.tif msi_inputs/simulated_07/simulated_07_frame_00085.tif msi_inputs/simulated_07/simulated_07_frame_00090.tif msi_inputs/simulated_07/simulated_07_frame_00095.tif msi_inputs/simulated_07/simulated_07_frame_00100.tif msi_inputs/simulated_07/simulated_07_frame_00105.tif msi_inputs/simulated_07/simulated_07_frame_00110.tif msi_inputs/simulated_07/simulated_07_frame_00115.tif,gt_outputs/simulated_07/simulated_07_gt_00080.png gt_outputs/simulated_07/simulated_07_gt_00085.png gt_outputs/simulated_07/simulated_07_gt_00090.png gt_outputs/simulated_07/simulated_07_gt_00095.png gt_outputs/simulated_07/simulated_07_gt_00100.png gt_outputs/simulated_07/simulated_07_gt_00105.png gt_outputs/simulated_07/simulated_07_gt_00110.png gt_outputs/simulated_07/simulated_07_gt_00115.png
436,msi_inputs/simulated_07/simulated_07_frame_00001.tif msi_inputs/simulated_07/simulated_07_frame_00011.tif msi_inputs/simulated_07/simulated_07_frame_00021.tif msi_inputs/simulated_07/simulated_07_frame_00031.tif msi_inputs/simulated_07/simulated_07_frame_00041.tif msi_inputs/simulated_07/simulated_07_frame_00051.tif msi_inputs/simulated_07/simulated_07_frame_00061.tif msi_inputs/simulated_07/simulated_07_frame_00071.tif,gt_outputs/simulated_07/simulated_07_gt_00001.png gt_outputs/simulated_07/simulated_07_gt_00011.png gt_outputs/simulated_07/simulated_07_gt_00021.png gt_outputs/simulated_07/simulated_07_gt_00031.png gt_outputs/simulated_07/simulated_07_gt_00041.png gt_outputs/simulated_07/simulated_07_gt_00051.png gt_outputs/simulated_07/simulated_07_gt_00061.png gt_outputs/simulated_07/simulated_07_gt_00071.png
437,msi_inputs/simulated_07/simulated_07_frame_00122.tif msi_inputs/simulated_07/simulated_07_frame_00127.tif msi_inputs/simulated_07/simulated_07_frame_00132.tif msi_inputs/simulated_07/simulated_07_frame_00137.tif msi_inputs/simulated_07/simulated_07_frame_00142.tif msi_inputs/simulated_07/simulated_07_frame_00147.tif msi_inputs/simulated_07/simulated_07_frame_00152.tif msi_inputs/simulated_07/simulated_07_frame_00157.tif,gt_outputs/simulated_07/simulated_07_gt_00122.png gt_outputs/simulated_07/simulated_07_gt_00127.png gt_outputs/simulated_07/simulated_07_gt_00132.png gt_outputs/simulated_07/simulated_07_gt_00137.png gt_outputs/simulated_07/simulated_07_gt_00142.png gt_outputs/simulated_07/simulated_07_gt_00147.png gt_outputs/simulated_07/simulated_07_gt_00152.png gt_outputs/simulated_07/simulated_07_gt_00157.png
438,msi_inputs/simulated_07/simulated_07_frame_00096.tif msi_inputs/simulated_07/simulated_07_frame_00097.tif msi_inputs/simulated_07/simulated_07_frame_00098.tif msi_inputs/simulated_07/simulated_07_frame_00099.tif msi_inputs/simulated_07/simulated_07_frame_00100.tif msi_inputs/simulated_07/simulated_07_frame_00101.tif msi_inputs/simulated_07/simulated_07_frame_00102.tif msi_inputs/simulated_07/simulated_07_frame_00103.tif,gt_outputs/simulated_07/simulated_07_gt_00096.png gt_outputs/simulated_07/simulated_07_gt_00097.png gt_outputs/simulated_07/simulated_07_gt_00098.png gt_outputs/simulated_07/simulated_07_gt_00099.png gt_outputs/simulated_07/simulated_07_gt_00100.png gt_outputs/simulated_07/simulated_07_gt_00101.png gt_outputs/simulated_07/simulated_07_gt_00102.png gt_outputs/simulated_07/simulated_07_gt_00103.png
439,msi_inputs/simulated_07/simulated_07_frame_00003.tif msi_inputs/simulated_07/simulated_07_frame_00028.tif msi_inputs/simulated_07/simulated_07_frame_00053.tif msi_inputs/simulated_07/simulated_07_frame_00078.tif msi_inputs/simulated_07/simulated_07_frame_00103.tif msi_inputs/simulated_07/simulated_07_frame_00128.tif msi_inputs/simulated_07/simulated_07_frame_00153.tif msi_inputs/simulated_07/simulated_07_frame_00178.tif,gt_outputs/simulated_07/simulated_07_gt_00003.png gt_outputs/simulated_07/simulated_07_gt_00028.png gt_outputs/simulated_07/simulated_07_gt_00053.png gt_outputs/simulated_07/simulated_07_gt_00078.png gt_outputs/simulated_07/simulated_07_gt_00103.png gt_outputs/simulated_07/simulated_07_gt_00128.png gt_outputs/simulated_07/simulated_07_gt_00153.png gt_outputs/simulated_07/simulated_07_gt_00178.png
440,msi_inputs/simulated_07/simulated_07_frame_00176.tif msi_inputs/simulated_07/simulated_07_frame_00177.tif msi_inputs/simulated_07/simulated_07_frame_00178.tif msi_inputs/simulated_07/simulated_07_frame_00179.tif msi_inputs/simulated_07/simulated_07_frame_00180.tif msi_inputs/simulated_07/simulated_07_frame_00181.tif msi_inputs/simulated_07/simulated_07_frame_00182.tif msi_inputs/simulated_07/simulated_07_frame_00183.tif,gt_outputs/simulated_07/simulated_07_gt_00176.png gt_outputs/simulated_07/simulated_07_gt_00177.png gt_outputs/simulated_07/simulated_07_gt_00178.png gt_outputs/simulated_07/simulated_07_gt_00179.png gt_outputs/simulated_07/simulated_07_gt_00180.png gt_outputs/simulated_07/simulated_07_gt_00181.png gt_outputs/simulated_07/simulated_07_gt_00182.png gt_outputs/simulated_07/simulated_07_gt_00183.png
441,msi_inputs/simulated_07/simulated_07_frame_00082.tif msi_inputs/simulated_07/simulated_07_frame_00092.tif msi_inputs/simulated_07/simulated_07_frame_00102.tif msi_inputs/simulated_07/simulated_07_frame_00112.tif msi_inputs/simulated_07/simulated_07_frame_00122.tif msi_inputs/simulated_07/simulated_07_frame_00132.tif msi_inputs/simulated_07/simulated_07_frame_00142.tif msi_inputs/simulated_07/simulated_07_frame_00152.tif,gt_outputs/simulated_07/simulated_07_gt_00082.png gt_outputs/simulated_07/simulated_07_gt_00092.png gt_outputs/simulated_07/simulated_07_gt_00102.png gt_outputs/simulated_07/simulated_07_gt_00112.png gt_outputs/simulated_07/simulated_07_gt_00122.png gt_outputs/simulated_07/simulated_07_gt_00132.png gt_outputs/simulated_07/simulated_07_gt_00142.png gt_outputs/simulated_07/simulated_07_gt_00152.png
442,msi_inputs/simulated_07/simulated_07_frame_00144.tif msi_inputs/simulated_07/simulated_07_frame_00145.tif msi_inputs/simulated_07/simulated_07_frame_00146.tif msi_inputs/simulated_07/simulated_07_frame_00147.tif msi_inputs/simulated_07/simulated_07_frame_00148.tif msi_inputs/simulated_07/simulated_07_frame_00149.tif msi_inputs/simulated_07/simulated_07_frame_00150.tif msi_inputs/simulated_07/simulated_07_frame_00151.tif,gt_outputs/simulated_07/simulated_07_gt_00144.png gt_outputs/simulated_07/simulated_07_gt_00145.png gt_outputs/simulated_07/simulated_07_gt_00146.png gt_outputs/simulated_07/simulated_07_gt_00147.png gt_outputs/simulated_07/simulated_07_gt_00148.png gt_outputs/simulated_07/simulated_07_gt_00149.png gt_outputs/simulated_07/simulated_07_gt_00150.png gt_outputs/simulated_07/simulated_07_gt_00151.png
443,msi_inputs/simulated_07/simulated_07_frame_00043.tif msi_inputs/simulated_07/simulated_07_frame_00048.tif msi_inputs/simulated_07/simulated_07_frame_00053.tif msi_inputs/simulated_07/simulated_07_frame_00058.tif msi_inputs/simulated_07/simulated_07_frame_00063.tif msi_inputs/simulated_07/simulated_07_frame_00068.tif msi_inputs/simulated_07/simulated_07_frame_00073.tif msi_inputs/simulated_07/simulated_07_frame_00078.tif,gt_outputs/simulated_07/simulated_07_gt_00043.png gt_outputs/simulated_07/simulated_07_gt_00048.png gt_outputs/simulated_07/simulated_07_gt_00053.png gt_outputs/simulated_07/simulated_07_gt_00058.png gt_outputs/simulated_07/simulated_07_gt_00063.png gt_outputs/simulated_07/simulated_07_gt_00068.png gt_outputs/simulated_07/simulated_07_gt_00073.png gt_outputs/simulated_07/simulated_07_gt_00078.png
444,msi_inputs/simulated_07/simulated_07_frame_00014.tif msi_inputs/simulated_07/simulated_07_frame_00039.tif msi_inputs/simulated_07/simulated_07_frame_00064.tif msi_inputs/simulated_07/simulated_07_frame_00089.tif msi_inputs/simulated_07/simulated_07_frame_00114.tif msi_inputs/simulated_07/simulated_07_frame_00139.tif msi_inputs/simulated_07/simulated_07_frame_00164.tif msi_inputs/simulated_07/simulated_07_frame_00189.tif,gt_outputs/simulated_07/simulated_07_gt_00014.png gt_outputs/simulated_07/simulated_07_gt_00039.png gt_outputs/simulated_07/simulated_07_gt_00064.png gt_outputs/simulated_07/simulated_07_gt_00089.png gt_outputs/simulated_07/simulated_07_gt_00114.png gt_outputs/simulated_07/simulated_07_gt_00139.png gt_outputs/simulated_07/simulated_07_gt_00164.png gt_outputs/simulated_07/simulated_07_gt_00189.png
445,msi_inputs/simulated_07/simulated_07_frame_00088.tif msi_inputs/simulated_07/simulated_07_frame_00089.tif msi_inputs/simulated_07/simulated_07_frame_00090.tif msi_inputs/simulated_07/simulated_07_frame_00091.tif msi_inputs/simulated_07/simulated_07_frame_00092.tif msi_inputs/simulated_07/simulated_07_frame_00093.tif msi_inputs/simulated_07/simulated_07_frame_00094.tif msi_inputs/simulated_07/simulated_07_frame_00095.tif,gt_outputs/simulated_07/simulated_07_gt_00088.png gt_outputs/simulated_07/simulated_07_gt_00089.png gt_outputs/simulated_07/simulated_07_gt_00090.png gt_outputs/simulated_07/simulated_07_gt_00091.png gt_outputs/simulated_07/simulated_07_gt_00092.png gt_outputs/simulated_07/simulated_07_gt_00093.png gt_outputs/simulated_07/simulated_07_gt_00094.png gt_outputs/simulated_07/simulated_07_gt_00095.png
446,msi_inputs/simulated_07/simulated_07_frame_00016.tif msi_inputs/simulated_07/simulated_07_frame_00017.tif msi_inputs/simulated_07/simulated_07_frame_00018.tif msi_inputs/simulated_07/simulated_07_frame_00019.tif msi_inputs/simulated_07/simulated_07_frame_00020.tif msi_inputs/simulated_07/simulated_07_frame_00021.tif msi_inputs/simulated_07/simulated_07_frame_00022.tif msi_inputs/simulated_07/simulated_07_frame_00023.tif,gt_outputs/simulated_07/simulated_07_gt_00016.png gt_outputs/simulated_07/simulated_07_gt_00017.png gt_outputs/simulated_07/simulated_07_gt_00018.png gt_outputs/simulated_07/simulated_07_gt_00019.png gt_outputs/simulated_07/simulated_07_gt_00020.png gt_outputs/simulated_07/simulated_07_gt_00021.png gt_outputs/simulated_07/simulated_07_gt_00022.png gt_outputs/simulated_07/simulated_07_gt_00023.png
447,msi_inputs/simulated_07/simulated_07_frame_00168.tif msi_inputs/simulated_07/simulated_07_frame_00169.tif msi_inputs/simulated_07/simulated_07_frame_00170.tif msi_inputs/simulated_07/simulated_07_frame_00171.tif msi_inputs/simulated_07/simulated_07_frame_00172.tif msi_inputs/simulated_07/simulated_07_frame_00173.tif msi_inputs/simulated_07/simulated_07_frame_00174.tif msi_inputs/simulated_07/simulated_07_frame_00175.tif,gt_outputs/simulated_07/simulated_07_gt_00168.png gt_outputs/simulated_07/simulated_07_gt_00169.png gt_outputs/simulated_07/simulated_07_gt_00170.png gt_outputs/simulated_07/simulated_07_gt_00171.png gt_outputs/simulated_07/simulated_07_gt_00172.png gt_outputs/simulated_07/simulated_07_gt_00173.png gt_outputs/simulated_07/simulated_07_gt_00174.png gt_outputs/simulated_07/simulated_07_gt_00175.png
448,msi_inputs/simulated_07/simulated_07_frame_00004.tif msi_inputs/simulated_07/simulated_07_frame_00009.tif msi_inputs/simulated_07/simulated_07_frame_00014.tif msi_inputs/simulated_07/simulated_07_frame_00019.tif msi_inputs/simulated_07/simulated_07_frame_00024.tif msi_inputs/simulated_07/simulated_07_frame_00029.tif msi_inputs/simulated_07/simulated_07_frame_00034.tif msi_inputs/simulated_07/simulated_07_frame_00039.tif,gt_outputs/simulated_07/simulated_07_gt_00004.png gt_outputs/simulated_07/simulated_07_gt_00009.png gt_outputs/simulated_07/simulated_07_gt_00014.png gt_outputs/simulated_07/simulated_07_gt_00019.png gt_outputs/simulated_07/simulated_07_gt_00024.png gt_outputs/simulated_07/simulated_07_gt_00029.png gt_outputs/simulated_07/simulated_07_gt_00034.png gt_outputs/simulated_07/simulated_07_gt_00039.png
449,msi_inputs/simulated_07/simulated_07_frame_00005.tif msi_inputs/simulated_07/simulated_07_frame_00015.tif msi_inputs/simulated_07/simulated_07_frame_00025.tif msi_inputs/simulated_07/simulated_07_frame_00035.tif msi_inputs/simulated_07/simulated_07_frame_00045.tif msi_inputs/simulated_07/simulated_07_frame_00055.tif msi_inputs/simulated_07/simulated_07_frame_00065.tif msi_inputs/simulated_07/simulated_07_frame_00075.tif,gt_outputs/simulated_07/simulated_07_gt_00005.png gt_outputs/simulated_07/simulated_07_gt_00015.png gt_outputs/simulated_07/simulated_07_gt_00025.png gt_outputs/simulated_07/simulated_07_gt_00035.png gt_outputs/simulated_07/simulated_07_gt_00045.png gt_outputs/simulated_07/simulated_07_gt_00055.png gt_outputs/simulated_07/simulated_07_gt_00065.png gt_outputs/simulated_07/simulated_07_gt_00075.png
450,msi_inputs/simulated_07/simulated_07_frame_00020.tif msi_inputs/simulated_07/simulated_07_frame_00045.tif msi_inputs/simulated_07/simulated_07_frame_00070.tif msi_inputs/simulated_07/simulated_07_frame_00095.tif msi_inputs/simulated_07/simulated_07_frame_00120.tif msi_inputs/simulated_07/simulated_07_frame_00145.tif msi_inputs/simulated_07/simulated_07_frame_00170.tif msi_inputs/simulated_07/simulated_07_frame_00195.tif,gt_outputs/simulated_07/simulated_07_gt_00020.png gt_outputs/simulated_07/simulated_07_gt_00045.png gt_outputs/simulated_07/simulated_07_gt_00070.png gt_outputs/simulated_07/simulated_07_gt_00095.png gt_outputs/simulated_07/simulated_07_gt_00120.png gt_outputs/simulated_07/simulated_07_gt_00145.png gt_outputs/simulated_07/simulated_07_gt_00170.png gt_outputs/simulated_07/simulated_07_gt_00195.png
451,msi_inputs/simulated_07/simulated_07_frame_00007.tif msi_inputs/simulated_07/simulated_07_frame_00032.tif msi_inputs/simulated_07/simulated_07_frame_00057.tif msi_inputs/simulated_07/simulated_07_frame_00082.tif msi_inputs/simulated_07/simulated_07_frame_00107.tif msi_inputs/simulated_07/simulated_07_frame_00132.tif msi_inputs/simulated_07/simulated_07_frame_00157.tif msi_inputs/simulated_07/simulated_07_frame_00182.tif,gt_outputs/simulated_07/simulated_07_gt_00007.png gt_outputs/simulated_07/simulated_07_gt_00032.png gt_outputs/simulated_07/simulated_07_gt_00057.png gt_outputs/simulated_07/simulated_07_gt_00082.png gt_outputs/simulated_07/simulated_07_gt_00107.png gt_outputs/simulated_07/simulated_07_gt_00132.png gt_outputs/simulated_07/simulated_07_gt_00157.png gt_outputs/simulated_07/simulated_07_gt_00182.png
452,msi_inputs/simulated_07/simulated_07_frame_00184.tif msi_inputs/simulated_07/simulated_07_frame_00185.tif msi_inputs/simulated_07/simulated_07_frame_00186.tif msi_inputs/simulated_07/simulated_07_frame_00187.tif msi_inputs/simulated_07/simulated_07_frame_00188.tif msi_inputs/simulated_07/simulated_07_frame_00189.tif msi_inputs/simulated_07/simulated_07_frame_00190.tif msi_inputs/simulated_07/simulated_07_frame_00191.tif,gt_outputs/simulated_07/simulated_07_gt_00184.png gt_outputs/simulated_07/simulated_07_gt_00185.png gt_outputs/simulated_07/simulated_07_gt_00186.png gt_outputs/simulated_07/simulated_07_gt_00187.png gt_outputs/simulated_07/simulated_07_gt_00188.png gt_outputs/simulated_07/simulated_07_gt_00189.png gt_outputs/simulated_07/simulated_07_gt_00190.png gt_outputs/simulated_07/simulated_07_gt_00191.png
453,msi_inputs/simulated_07/simulated_07_frame_00001.tif msi_inputs/simulated_07/simulated_07_frame_00026.tif msi_inputs/simulated_07/simulated_07_frame_00051.tif msi_inputs/simulated_07/simulated_07_frame_00076.tif msi_inputs/simulated_07/simulated_07_frame_00101.tif msi_inputs/simulated_07/simulated_07_frame_00126.tif msi_inputs/simulated_07/simulated_07_frame_00151.tif msi_inputs/simulated_07/simulated_07_frame_00176.tif,gt_outputs/simulated_07/simulated_07_gt_00001.png gt_outputs/simulated_07/simulated_07_gt_00026.png gt_outputs/simulated_07/simulated_07_gt_00051.png gt_outputs/simulated_07/simulated_07_gt_00076.png gt_outputs/simulated_07/simulated_07_gt_00101.png gt_outputs/simulated_07/simulated_07_gt_00126.png gt_outputs/simulated_07/simulated_07_gt_00151.png gt_outputs/simulated_07/simulated_07_gt_00176.png
454,msi_inputs/simulated_07/simulated_07_frame_00152.tif msi_inputs/simulated_07/simulated_07_frame_00153.tif msi_inputs/simulated_07/simulated_07_frame_00154.tif msi_inputs/simulated_07/simulated_07_frame_00155.tif msi_inputs/simulated_07/simulated_07_frame_00156.tif msi_inputs/simulated_07/simulated_07_frame_00157.tif msi_inputs/simulated_07/simulated_07_frame_00158.tif msi_inputs/simulated_07/simulated_07_frame_00159.tif,gt_outputs/simulated_07/simulated_07_gt_00152.png gt_outputs/simulated_07/simulated_07_gt_00153.png gt_outputs/simulated_07/simulated_07_gt_00154.png gt_outputs/simulated_07/simulated_07_gt_00155.png gt_outputs/simulated_07/simulated_07_gt_00156.png gt_outputs/simulated_07/simulated_07_gt_00157.png gt_outputs/simulated_07/simulated_07_gt_00158.png gt_outputs/simulated_07/simulated_07_gt_00159.png
455,msi_inputs/simulated_07/simulated_07_frame_00072.tif msi_inputs/simulated_07/simulated_07_frame_00073.tif msi_inputs/simulated_07/simulated_07_frame_00074.tif msi_inputs/simulated_07/simulated_07_frame_00075.tif msi_inputs/simulated_07/simulated_07_frame_00076.tif msi_inputs/simulated_07/simulated_07_frame_00077.tif msi_inputs/simulated_07/simulated_07_frame_00078.tif msi_inputs/simulated_07/simulated_07_frame_00079.tif,gt_outputs/simulated_07/simulated_07_gt_00072.png gt_outputs/simulated_07/simulated_07_gt_00073.png gt_outputs/simulated_07/simulated_07_gt_00074.png gt_outputs/simulated_07/simulated_07_gt_00075.png gt_outputs/simulated_07/simulated_07_gt_00076.png gt_outputs/simulated_07/simulated_07_gt_00077.png gt_outputs/simulated_07/simulated_07_gt_00078.png gt_outputs/simulated_07/simulated_07_gt_00079.png
456,msi_inputs/simulated_07/simulated_07_frame_00087.tif msi_inputs/simulated_07/simulated_07_frame_00097.tif msi_inputs/simulated_07/simulated_07_frame_00107.tif msi_inputs/simulated_07/simulated_07_frame_00117.tif msi_inputs/simulated_07/simulated_07_frame_00127.tif msi_inputs/simulated_07/simulated_07_frame_00137.tif msi_inputs/simulated_07/simulated_07_frame_00147.tif msi_inputs/simulated_07/simulated_07_frame_00157.tif,gt_outputs/simulated_07/simulated_07_gt_00087.png gt_outputs/simulated_07/simulated_07_gt_00097.png gt_outputs/simulated_07/simulated_07_gt_00107.png gt_outputs/simulated_07/simulated_07_gt_00117.png gt_outputs/simulated_07/simulated_07_gt_00127.png gt_outputs/simulated_07/simulated_07_gt_00137.png gt_outputs/simulated_07/simulated_07_gt_00147.png gt_outputs/simulated_07/simulated_07_gt_00157.png
457,msi_inputs/simulated_07/simulated_07_frame_00003.tif msi_inputs/simulated_07/simulated_07_frame_00013.tif msi_inputs/simulated_07/simulated_07_frame_00023.tif msi_inputs/simulated_07/simulated_07_frame_00033.tif msi_inputs/simulated_07/simulated_07_frame_00043.tif msi_inputs/simulated_07/simulated_07_frame_00053.tif msi_inputs/simulated_07/simulated_07_frame_00063.tif msi_inputs/simulated_07/simulated_07_frame_00073.tif,gt_outputs/simulated_07/simulated_07_gt_00003.png gt_outputs/simulated_07/simulated_07_gt_00013.png gt_outputs/simulated_07/simulated_07_gt_00023.png gt_outputs/simulated_07/simulated_07_gt_00033.png gt_outputs/simulated_07/simulated_07_gt_00043.png gt_outputs/simulated_07/simulated_07_gt_00053.png gt_outputs/simulated_07/simulated_07_gt_00063.png gt_outputs/simulated_07/simulated_07_gt_00073.png
458,msi_inputs/simulated_07/simulated_07_frame_00009.tif msi_inputs/simulated_07/simulated_07_frame_00019.tif msi_inputs/simulated_07/simulated_07_frame_00029.tif msi_inputs/simulated_07/simulated_07_frame_00039.tif msi_inputs/simulated_07/simulated_07_frame_00049.tif msi_inputs/simulated_07/simulated_07_frame_00059.tif msi_inputs/simulated_07/simulated_07_frame_00069.tif msi_inputs/simulated_07/simulated_07_frame_00079.tif,gt_outputs/simulated_07/simulated_07_gt_00009.png gt_outputs/simulated_07/simulated_07_gt_00019.png gt_outputs/simulated_07/simulated_07_gt_00029.png gt_outputs/simulated_07/simulated_07_gt_00039.png gt_outputs/simulated_07/simulated_07_gt_00049.png gt_outputs/simulated_07/simulated_07_gt_00059.png gt_outputs/simulated_07/simulated_07_gt_00069.png gt_outputs/simulated_07/simulated_07_gt_00079.png
459,msi_inputs/simulated_07/simulated_07_frame_00161.tif msi_inputs/simulated_07/simulated_07_frame_00166.tif msi_inputs/simulated_07/simulated_07_frame_00171.tif msi_inputs/simulated_07/simulated_07_frame_00176.tif msi_inputs/simulated_07/simulated_07_frame_00181.tif msi_inputs/simulated_07/simulated_07_frame_00186.tif msi_inputs/simulated_07/simulated_07_frame_00191.tif msi_inputs/simulated_07/simulated_07_frame_00196.tif,gt_outputs/simulated_07/simulated_07_gt_00161.png gt_outputs/simulated_07/simulated_07_gt_00166.png gt_outputs/simulated_07/simulated_07_gt_00171.png gt_outputs/simulated_07/simulated_07_gt_00176.png gt_outputs/simulated_07/simulated_07_gt_00181.png gt_outputs/simulated_07/simulated_07_gt_00186.png gt_outputs/simulated_07/simulated_07_gt_00191.png gt_outputs/simulated_07/simulated_07_gt_00196.png
460,msi_inputs/simulated_07/simulated_07_frame_00005.tif msi_inputs/simulated_07/simulated_07_frame_00030.tif msi_inputs/simulated_07/simulated_07_frame_00055.tif msi_inputs/simulated_07/simulated_07_frame_00080.tif msi_inputs/simulated_07/simulated_07_frame_00105.tif msi_inputs/simulated_07/simulated_07_frame_00130.tif msi_inputs/simulated_07/simulated_07_frame_00155.tif msi_inputs/simulated_07/simulated_07_frame_00180.tif,gt_outputs/simulated_07/simulated_07_gt_00005.png gt_outputs/simulated_07/simulated_07_gt_00030.png gt_outputs/simulated_07/simulated_07_gt_00055.png gt_outputs/simulated_07/simulated_07_gt_00080.png gt_outputs/simulated_07/simulated_07_gt_00105.png gt_outputs/simulated_07/simulated_07_gt_00130.png gt_outputs/simulated_07/simulated_07_gt_00155.png gt_outputs/simulated_07/simulated_07_gt_00180.png
461,msi_inputs/simulated_07/simulated_07_frame_00021.tif msi_inputs/simulated_07/simulated_07_frame_00046.tif msi_inputs/simulated_07/simulated_07_frame_00071.tif msi_inputs/simulated_07/simulated_07_frame_00096.tif msi_inputs/simulated_07/simulated_07_frame_00121.tif msi_inputs/simulated_07/simulated_07_frame_00146.tif msi_inputs/simulated_07/simulated_07_frame_00171.tif msi_inputs/simulated_07/simulated_07_frame_00196.tif,gt_outputs/simulated_07/simulated_07_gt_00021.png gt_outputs/simulated_07/simulated_07_gt_00046.png gt_outputs/simulated_07/simulated_07_gt_00071.png gt_outputs/simulated_07/simulated_07_gt_00096.png gt_outputs/simulated_07/simulated_07_gt_00121.png gt_outputs/simulated_07/simulated_07_gt_00146.png gt_outputs/simulated_07/simulated_07_gt_00171.png gt_outputs/simulated_07/simulated_07_gt_00196.png
462,msi_inputs/simulated_08/simulated_08_frame_00010.tif msi_inputs/simulated_08/simulated_08_frame_00035.tif msi_inputs/simulated_08/simulated_08_frame_00060.tif msi_inputs/simulated_08/simulated_08_frame_00085.tif msi_inputs/simulated_08/simulated_08_frame_00110.tif msi_inputs/simulated_08/simulated_08_frame_00135.tif msi_inputs/simulated_08/simulated_08_frame_00160.tif msi_inputs/simulated_08/simulated_08_frame_00185.tif,gt_outputs/simulated_08/simulated_08_gt_00010.png gt_outputs/simulated_08/simulated_08_gt_00035.png gt_outputs/simulated_08/simulated_08_gt_00060.png gt_outputs/simulated_08/simulated_08_gt_00085.png gt_outputs/simulated_08/simulated_08_gt_00110.png gt_outputs/simulated_08/simulated_08_gt_00135.png gt_outputs/simulated_08/simulated_08_gt_00160.png gt_outputs/simulated_08/simulated_08_gt_00185.png
463,msi_inputs/simulated_08/simulated_08_frame_00089.tif msi_inputs/simulated_08/simulated_08_frame_00099.tif msi_inputs/simulated_08/simulated_08_frame_00109.tif msi_inputs/simulated_08/simulated_08_frame_00119.tif msi_inputs/simulated_08/simulated_08_frame_00129.tif msi_inputs/simulated_08/simulated_08_frame_00139.tif msi_inputs/simulated_08/simulated_08_frame_00149.tif msi_inputs/simulated_08/simulated_08_frame_00159.tif,gt_outputs/simulated_08/simulated_08_gt_00089.png gt_outputs/simulated_08/simulated_08_gt_00099.png gt_outputs/simulated_08/simulated_08_gt_00109.png gt_outputs/simulated_08/simulated_08_gt_00119.png gt_outputs/simulated_08/simulated_08_gt_00129.png gt_outputs/simulated_08/simulated_08_gt_00139.png gt_outputs/simulated_08/simulated_08_gt_00149.png gt_outputs/simulated_08/simulated_08_gt_00159.png
464,msi_inputs/simulated_08/simulated_08_frame_00112.tif msi_inputs/simulated_08/simulated_08_frame_00113.tif msi_inputs/simulated_08/simulated_08_frame_00114.tif msi_inputs/simulated_08/simulated_08_frame_00115.tif msi_inputs/simulated_08/simulated_08_frame_00116.tif msi_inputs/simulated_08/simulated_08_frame_00117.tif msi_inputs/simulated_08/simulated_08_frame_00118.tif msi_inputs/simulated_08/simulated_08_frame_00119.tif,gt_outputs/simulated_08/simulated_08_gt_00112.png gt_outputs/simulated_08/simulated_08_gt_00113.png gt_outputs/simulated_08/simulated_08_gt_00114.png gt_outputs/simulated_08/simulated_08_gt_00115.png gt_outputs/simulated_08/simulated_08_gt_00116.png gt_outputs/simulated_08/simulated_08_gt_00117.png gt_outputs/simulated_08/simulated_08_gt_00118.png gt_outputs/simulated_08/simulated_08_gt_00119.png
465,msi_inputs/simulated_08/simulated_08_frame_00120.tif msi_inputs/simulated_08/simulated_08_frame_00125.tif msi_inputs/simulated_08/simulated_08_frame_00130.tif msi_inputs/simulated_08/simulated_08_frame_00135.tif msi_inputs/simulated_08/simulated_08_frame_00140.tif msi_inputs/simulated_08/simulated_08_frame_00145.tif msi_inputs/simulated_08/simulated_08_frame_00150.tif msi_inputs/simulated_08/simulated_08_frame_00155.tif,gt_outputs/simulated_08/simulated_08_gt_00120.png gt_outputs/simulated_08/simulated_08_gt_00125.png gt_outputs/simulated_08/simulated_08_gt_00130.png gt_outputs/simulated_08/simulated_08_gt_00135.png gt_outputs/simulated_08/simulated_08_gt_00140.png gt_outputs/simulated_08/simulated_08_gt_00145.png gt_outputs/simulated_08/simulated_08_gt_00150.png gt_outputs/simulated_08/simulated_08_gt_00155.png
466,msi_inputs/simulated_08/simulated_08_frame_00084.tif msi_inputs/simulated_08/simulated_08_frame_00089.tif msi_inputs/simulated_08/simulated_08_frame_00094.tif msi_inputs/simulated_08/simulated_08_frame_00099.tif msi_inputs/simulated_08/simulated_08_frame_00104.tif msi_inputs/simulated_08/simulated_08_frame_00109.tif msi_inputs/simulated_08/simulated_08_frame_00114.tif msi_inputs/simulated_08/simulated_08_frame_00119.tif,gt_outputs/simulated_08/simulated_08_gt_00084.png gt_outputs/simulated_08/simulated_08_gt_00089.png gt_outputs/simulated_08/simulated_08_gt_00094.png gt_outputs/simulated_08/simulated_08_gt_00099.png gt_outputs/simulated_08/simulated_08_gt_00104.png gt_outputs/simulated_08/simulated_08_gt_00109.png gt_outputs/simulated_08/simulated_08_gt_00114.png gt_outputs/simulated_08/simulated_08_gt_00119.png
467,msi_inputs/simulated_08/simulated_08_frame_00085.tif msi_inputs/simulated_08/simulated_08_frame_00095.tif msi_inputs/simulated_08/simulated_08_frame_00105.tif msi_inputs/simulated_08/simulated_08_frame_00115.tif msi_inputs/simulated_08/simulated_08_frame_00125.tif msi_inputs/simulated_08/simulated_08_frame_00135.tif msi_inputs/simulated_08/simulated_08_frame_00145.tif msi_inputs/simulated_08/simulated_08_frame_00155.tif,gt_outputs/simulated_08/simulated_08_gt_00085.png gt_outputs/simulated_08/simulated_08_gt_00095.png gt_outputs/simulated_08/simulated_08_gt_00105.png gt_outputs/simulated_08/simulated_08_gt_00115.png gt_outputs/simulated_08/simulated_08_gt_00125.png gt_outputs/simulated_08/simulated_08_gt_00135.png gt_outputs/simulated_08/simulated_08_gt_00145.png gt_outputs/simulated_08/simulated_08_gt_00155.png
468,msi_inputs/simulated_08/simulated_08_frame_00080.tif msi_inputs/simulated_08/simulated_08_frame_00081.tif msi_inputs/simulated_08/simulated_08_frame_00082.tif msi_inputs/simulated_08/simulated_08_frame_00083.tif msi_inputs/simulated_08/simulated_08_frame_00084.tif msi_inputs/simulated_08/simulated_08_frame_00085.tif msi_inputs/simulated_08/simulated_08_frame_00086.tif msi_inputs/simulated_08/simulated_08_frame_00087.tif,gt_outputs/simulated_08/simulated_08_gt_00080.png gt_outputs/simulated_08/simulated_08_gt_00081.png gt_outputs/simulated_08/simulated_08_gt_00082.png gt_outputs/simulated_08/simulated_08_gt_00083.png gt_outputs/simulated_08/simulated_08_gt_00084.png gt_outputs/simulated_08/simulated_08_gt_00085.png gt_outputs/simulated_08/simulated_08_gt_00086.png gt_outputs/simulated_08/simulated_08_gt_00087.png
469,msi_inputs/simulated_08/simulated_08_frame_00042.tif msi_inputs/simulated_08/simulated_08_frame_00047.tif msi_inputs/simulated_08/simulated_08_frame_00052.tif msi_inputs/simulated_08/simulated_08_frame_00057.tif msi_inputs/simulated_08/simulated_08_frame_00062.tif msi_inputs/simulated_08/simulated_08_frame_00067.tif msi_inputs/simulated_08/simulated_08_frame_00072.tif msi_inputs/simulated_08/simulated_08_frame_00077.tif,gt_outputs/simulated_08/simulated_08_gt_00042.png gt_outputs/simulated_08/simulated_08_gt_00047.png gt_outputs/simulated_08/simulated_08_gt_00052.png gt_outputs/simulated_08/simulated_08_gt_00057.png gt_outputs/simulated_08/simulated_08_gt_00062.png gt_outputs/simulated_08/simulated_08_gt_00067.png gt_outputs/simulated_08/simulated_08_gt_00072.png gt_outputs/simulated_08/simulated_08_gt_00077.png
470,msi_inputs/simulated_08/simulated_08_frame_00123.tif msi_inputs/simulated_08/simulated_08_frame_00128.tif msi_inputs/simulated_08/simulated_08_frame_00133.tif msi_inputs/simulated_08/simulated_08_frame_00138.tif msi_inputs/simulated_08/simulated_08_frame_00143.tif msi_inputs/simulated_08/simulated_08_frame_00148.tif msi_inputs/simulated_08/simulated_08_frame_00153.tif msi_inputs/simulated_08/simulated_08_frame_00158.tif,gt_outputs/simulated_08/simulated_08_gt_00123.png gt_outputs/simulated_08/simulated_08_gt_00128.png gt_outputs/simulated_08/simulated_08_gt_00133.png gt_outputs/simulated_08/simulated_08_gt_00138.png gt_outputs/simulated_08/simulated_08_gt_00143.png gt_outputs/simulated_08/simulated_08_gt_00148.png gt_outputs/simulated_08/simulated_08_gt_00153.png gt_outputs/simulated_08/simulated_08_gt_00158.png
471,msi_inputs/simulated_08/simulated_08_frame_00009.tif msi_inputs/simulated_08/simulated_08_frame_00019.tif msi_inputs/simulated_08/simulated_08_frame_00029.tif msi_inputs/simulated_08/simulated_08_frame_00039.tif msi_inputs/simulated_08/simulated_08_frame_00049.tif msi_inputs/simulated_08/simulated_08_frame_00059.tif msi_inputs/simulated_08/simulated_08_frame_00069.tif msi_inputs/simulated_08/simulated_08_frame_00079.tif,gt_outputs/simulated_08/simulated_08_gt_00009.png gt_outputs/simulated_08/simulated_08_gt_00019.png gt_outputs/simulated_08/simulated_08_gt_00029.png gt_outputs/simulated_08/simulated_08_gt_00039.png gt_outputs/simulated_08/simulated_08_gt_00049.png gt_outputs/simulated_08/simulated_08_gt_00059.png gt_outputs/simulated_08/simulated_08_gt_00069.png gt_outputs/simulated_08/simulated_08_gt_00079.png
472,msi_inputs/simulated_08/simulated_08_frame_00048.tif msi_inputs/simulated_08/simulated_08_frame_00049.tif msi_inputs/simulated_08/simulated_08_frame_00050.tif msi_inputs/simulated_08/simulated_08_frame_00051.tif msi_inputs/simulated_08/simulated_08_frame_00052.tif msi_inputs/simulated_08/simulated_08_frame_00053.tif msi_inputs/simulated_08/simulated_08_frame_00054.tif msi_inputs/simulated_08/simulated_08_frame_00055.tif,gt_outputs/simulated_08/simulated_08_gt_00048.png gt_outputs/simulated_08/simulated_08_gt_00049.png gt_outputs/simulated_08/simulated_08_gt_00050.png gt_outputs/simulated_08/simulated_08_gt_00051.png gt_outputs/simulated_08/simulated_08_gt_00052.png gt_outputs/simulated_08/simulated_08_gt_00053.png gt_outputs/simulated_08/simulated_08_gt_00054.png gt_outputs/simulated_08/simulated_08_gt_00055.png
473,msi_inputs/simulated_08/simulated_08_frame_00082.tif msi_inputs/simulated_08/simulated_08_frame_00092.tif msi_inputs/simulated_08/simulated_08_frame_00102.tif msi_inputs/simulated_08/simulated_08_frame_00112.tif msi_inputs/simulated_08/simulated_08_frame_00122.tif msi_inputs/simulated_08/simulated_08_frame_00132.tif msi_inputs/simulated_08/simulated_08_frame_00142.tif msi_inputs/simulated_08/simulated_08_frame_00152.tif,gt_outputs/simulated_08/simulated_08_gt_00082.png gt_outputs/simulated_08/simulated_08_gt_00092.png gt_outputs/simulated_08/simulated_08_gt_00102.png gt_outputs/simulated_08/simulated_08_gt_00112.png gt_outputs/simulated_08/simulated_08_gt_00122.png gt_outputs/simulated_08/simulated_08_gt_00132.png gt_outputs/simulated_08/simulated_08_gt_00142.png gt_outputs/simulated_08/simulated_08_gt_00152.png
474,msi_inputs/simulated_08/simulated_08_frame_00015.tif msi_inputs/simulated_08/simulated_08_frame_00040.tif msi_inputs/simulated_08/simulated_08_frame_00065.tif msi_inputs/simulated_08/simulated_08_frame_00090.tif msi_inputs/simulated_08/simulated_08_frame_00115.tif msi_inputs/simulated_08/simulated_08_frame_00140.tif msi_inputs/simulated_08/simulated_08_frame_00165.tif msi_inputs/simulated_08/simulated_08_frame_00190.tif,gt_outputs/simulated_08/simulated_08_gt_00015.png gt_outputs/simulated_08/simulated_08_gt_00040.png gt_outputs/simulated_08/simulated_08_gt_00065.png gt_outputs/simulated_08/simulated_08_gt_00090.png gt_outputs/simulated_08/simulated_08_gt_00115.png gt_outputs/simulated_08/simulated_08_gt_00140.png gt_outputs/simulated_08/simulated_08_gt_00165.png gt_outputs/simulated_08/simulated_08_gt_00190.png
475,msi_inputs/simulated_08/simulated_08_frame_00004.tif msi_inputs/simulated_08/simulated_08_frame_00029.tif msi_inputs/simulated_08/simulated_08_frame_00054.tif msi_inputs/simulated_08/simulated_08_frame_00079.tif msi_inputs/simulated_08/simulated_08_frame_00104.tif msi_inputs/simulated_08/simulated_08_frame_00129.tif msi_inputs/simulated_08/simulated_08_frame_00154.tif msi_inputs/simulated_08/simulated_08_frame_00179.tif,gt_outputs/simulated_08/simulated_08_gt_00004.png gt_outputs/simulated_08/simulated_08_gt_00029.png gt_outputs/simulated_08/simulated_08_gt_00054.png gt_outputs/simulated_08/simulated_08_gt_00079.png gt_outputs/simulated_08/simulated_08_gt_00104.png gt_outputs/simulated_08/simulated_08_gt_00129.png gt_outputs/simulated_08/simulated_08_gt_00154.png gt_outputs/simulated_08/simulated_08_gt_00179.png
476,msi_inputs/simulated_08/simulated_08_frame_00122.tif msi_inputs/simulated_08/simulated_08_frame_00127.tif msi_inputs/simulated_08/simulated_08_frame_00132.tif msi_inputs/simulated_08/simulated_08_frame_00137.tif msi_inputs/simulated_08/simulated_08_frame_00142.tif msi_inputs/simulated_08/simulated_08_frame_00147.tif msi_inputs/simulated_08/simulated_08_frame_00152.tif msi_inputs/simulated_08/simulated_08_frame_00157.tif,gt_outputs/simulated_08/simulated_08_gt_00122.png gt_outputs/simulated_08/simulated_08_gt_00127.png gt_outputs/simulated_08/simulated_08_gt_00132.png gt_outputs/simulated_08/simulated_08_gt_00137.png gt_outputs/simulated_08/simulated_08_gt_00142.png gt_outputs/simulated_08/simulated_08_gt_00147.png gt_outputs/simulated_08/simulated_08_gt_00152.png gt_outputs/simulated_08/simulated_08_gt_00157.png
477,msi_inputs/simulated_08/simulated_08_frame_00004.tif msi_inputs/simulated_08/simulated_08_frame_00009.tif msi_inputs/simulated_08/simulated_08_frame_00014.tif msi_inputs/simulated_08/simulated_08_frame_00019.tif msi_inputs/simulated_08/simulated_08_frame_00024.tif msi_inputs/simulated_08/simulated_08_frame_00029.tif msi_inputs/simulated_08/simulated_08_frame_00034.tif msi_inputs/simulated_08/simulated_08_frame_00039.tif,gt_outputs/simulated_08/simulated_08_gt_00004.png gt_outputs/simulated_08/simulated_08_gt_00009.png gt_outputs/simulated_08/simulated_08_gt_00014.png gt_outputs/simulated_08/simulated_08_gt_00019.png gt_outputs/simulated_08/simulated_08_gt_00024.png gt_outputs/simulated_08/simulated_08_gt_00029.png gt_outputs/simulated_08/simulated_08_gt_00034.png gt_outputs/simulated_08/simulated_08_gt_00039.png
478,msi_inputs/simulated_08/simulated_08_frame_00160.tif msi_inputs/simulated_08/simulated_08_frame_00161.tif msi_inputs/simulated_08/simulated_08_frame_00162.tif msi_inputs/simulated_08/simulated_08_frame_00163.tif msi_inputs/simulated_08/simulated_08_frame_00164.tif msi_inputs/simulated_08/simulated_08_frame_00165.tif msi_inputs/simulated_08/simulated_08_frame_00166.tif msi_inputs/simulated_08/simulated_08_frame_00167.tif,gt_outputs/simulated_08/simulated_08_gt_00160.png gt_outputs/simulated_08/simulated_08_gt_00161.png gt_outputs/simulated_08/simulated_08_gt_00162.png gt_outputs/simulated_08/simulated_08_gt_00163.png gt_outputs/simulated_08/simulated_08_gt_00164.png gt_outputs/simulated_08/simulated_08_gt_00165.png gt_outputs/simulated_08/simulated_08_gt_00166.png gt_outputs/simulated_08/simulated_08_gt_00167.png
479,msi_inputs/simulated_08/simulated_08_frame_00007.tif msi_inputs/simulated_08/simulated_08_frame_00032.tif msi_inputs/simulated_08/simulated_08_frame_00057.tif msi_inputs/simulated_08/simulated_08_frame_00082.tif msi_inputs/simulated_08/simulated_08_frame_00107.tif msi_inputs/simulated_08/simulated_08_frame_00132.tif msi_inputs/simulated_08/simulated_08_frame_00157.tif msi_inputs/simulated_08/simulated_08_frame_00182.tif,gt_outputs/simulated_08/simulated_08_gt_00007.png gt_outputs/simulated_08/simulated_08_gt_00032.png gt_outputs/simulated_08/simulated_08_gt_00057.png gt_outputs/simulated_08/simulated_08_gt_00082.png gt_outputs/simulated_08/simulated_08_gt_00107.png gt_outputs/simulated_08/simulated_08_gt_00132.png gt_outputs/simulated_08/simulated_08_gt_00157.png gt_outputs/simulated_08/simulated_08_gt_00182.png
480,msi_inputs/simulated_08/simulated_08_frame_00082.tif msi_inputs/simulated_08/simulated_08_frame_00087.tif msi_inputs/simulated_08/simulated_08_frame_00092.tif msi_inputs/simulated_08/simulated_08_frame_00097.tif msi_inputs/simulated_08/simulated_08_frame_00102.tif msi_inputs/simulated_08/simulated_08_frame_00107.tif msi_inputs/simulated_08/simulated_08_frame_00112.tif msi_inputs/simulated_08/simulated_08_frame_00117.tif,gt_outputs/simulated_08/simulated_08_gt_00082.png gt_outputs/simulated_08/simulated_08_gt_00087.png gt_outputs/simulated_08/simulated_08_gt_00092.png gt_outputs/simulated_08/simulated_08_gt_00097.png gt_outputs/simulated_08/simulated_08_gt_00102.png gt_outputs/simulated_08/simulated_08_gt_00107.png gt_outputs/simulated_08/simulated_08_gt_00112.png gt_outputs/simulated_08/simulated_08_gt_00117.png
481,msi_inputs/simulated_08/simulated_08_frame_00083.tif msi_inputs/simulated_08/simulated_08_frame_00093.tif msi_inputs/simulated_08/simulated_08_frame_00103.tif msi_inputs/simulated_08/simulated_08_frame_00113.tif msi_inputs/simulated_08/simulated_08_frame_00123.tif msi_inputs/simulated_08/simulated_08_frame_00133.tif msi_inputs/simulated_08/simulated_08_frame_00143.tif msi_inputs/simulated_08/simulated_08_frame_00153.tif,gt_outputs/simulated_08/simulated_08_gt_00083.png gt_outputs/simulated_08/simulated_08_gt_00093.png gt_outputs/simulated_08/simulated_08_gt_00103.png gt_outputs/simulated_08/simulated_08_gt_00113.png gt_outputs/simulated_08/simulated_08_gt_00123.png gt_outputs/simulated_08/simulated_08_gt_00133.png gt_outputs/simulated_08/simulated_08_gt_00143.png gt_outputs/simulated_08/simulated_08_gt_00153.png
482,msi_inputs/simulated_08/simulated_08_frame_00083.tif msi_inputs/simulated_08/simulated_08_frame_00088.tif msi_inputs/simulated_08/simulated_08_frame_00093.tif msi_inputs/simulated_08/simulated_08_frame_00098.tif msi_inputs/simulated_08/simulated_08_frame_00103.tif msi_inputs/simulated_08/simulated_08_frame_00108.tif msi_inputs/simulated_08/simulated_08_frame_00113.tif msi_inputs/simulated_08/simulated_08_frame_00118.tif,gt_outputs/simulated_08/simulated_08_gt_00083.png gt_outputs/simulated_08/simulated_08_gt_00088.png gt_outputs/simulated_08/simulated_08_gt_00093.png gt_outputs/simulated_08/simulated_08_gt_00098.png gt_outputs/simulated_08/simulated_08_gt_00103.png gt_outputs/simulated_08/simulated_08_gt_00108.png gt_outputs/simulated_08/simulated_08_gt_00113.png gt_outputs/simulated_08/simulated_08_gt_00118.png
483,msi_inputs/simulated_08/simulated_08_frame_00019.tif msi_inputs/simulated_08/simulated_08_frame_00044.tif msi_inputs/simulated_08/simulated_08_frame_00069.tif msi_inputs/simulated_08/simulated_08_frame_00094.tif msi_inputs/simulated_08/simulated_08_frame_00119.tif msi_inputs/simulated_08/simulated_08_frame_00144.tif msi_inputs/simulated_08/simulated_08_frame_00169.tif msi_inputs/simulated_08/simulated_08_frame_00194.tif,gt_outputs/simulated_08/simulated_08_gt_00019.png gt_outputs/simulated_08/simulated_08_gt_00044.png gt_outputs/simulated_08/simulated_08_gt_00069.png gt_outputs/simulated_08/simulated_08_gt_00094.png gt_outputs/simulated_08/simulated_08_gt_00119.png gt_outputs/simulated_08/simulated_08_gt_00144.png gt_outputs/simulated_08/simulated_08_gt_00169.png gt_outputs/simulated_08/simulated_08_gt_00194.png
484,msi_inputs/simulated_08/simulated_08_frame_00176.tif msi_inputs/simulated_08/simulated_08_frame_00177.tif msi_inputs/simulated_08/simulated_08_frame_00178.tif msi_inputs/simulated_08/simulated_08_frame_00179.tif msi_inputs/simulated_08/simulated_08_frame_00180.tif msi_inputs/simulated_08/simulated_08_frame_00181.tif msi_inputs/simulated_08/simulated_08_frame_00182.tif msi_inputs/simulated_08/simulated_08_frame_00183.tif,gt_outputs/simulated_08/simulated_08_gt_00176.png gt_outputs/simulated_08/simulated_08_gt_00177.png gt_outputs/simulated_08/simulated_08_gt_00178.png gt_outputs/simulated_08/simulated_08_gt_00179.png gt_outputs/simulated_08/simulated_08_gt_00180.png gt_outputs/simulated_08/simulated_08_gt_00181.png gt_outputs/simulated_08/simulated_08_gt_00182.png gt_outputs/simulated_08/simulated_08_gt_00183.png
485,msi_inputs/simulated_08/simulated_08_frame_00003.tif msi_inputs/simulated_08/simulated_08_frame_00013.tif msi_inputs/simulated_08/simulated_08_frame_00023.tif msi_inputs/simulated_08/simulated_08_frame_00033.tif msi_inputs/simulated_08/simulated_08_frame_00043.tif msi_inputs/simulated_08/simulated_08_frame_00053.tif msi_inputs/simulated_08/simulated_08_frame_00063.tif msi_inputs/simulated_08/simulated_08_frame_00073.tif,gt_outputs/simulated_08/simulated_08_gt_00003.png gt_outputs/simulated_08/simulated_08_gt_00013.png gt_outputs/simulated_08/simulated_08_gt_00023.png gt_outputs/simulated_08/simulated_08_gt_00033.png gt_outputs/simulated_08/simulated_08_gt_00043.png gt_outputs/simulated_08/simulated_08_gt_00053.png gt_outputs/simulated_08/simulated_08_gt_00063.png gt_outputs/simulated_08/simulated_08_gt_00073.png
486,msi_inputs/simulated_08/simulated_08_frame_00081.tif msi_inputs/simulated_08/simulated_08_frame_00091.tif msi_inputs/simulated_08/simulated_08_frame_00101.tif msi_inputs/simulated_08/simulated_08_frame_00111.tif msi_inputs/simulated_08/simulated_08_frame_00121.tif msi_inputs/simulated_08/simulated_08_frame_00131.tif msi_inputs/simulated_08/simulated_08_frame_00141.tif msi_inputs/simulated_08/simulated_08_frame_00151.tif,gt_outputs/simulated_08/simulated_08_gt_00081.png gt_outputs/simulated_08/simulated_08_gt_00091.png gt_outputs/simulated_08/simulated_08_gt_00101.png gt_outputs/simulated_08/simulated_08_gt_00111.png gt_outputs/simulated_08/simulated_08_gt_00121.png gt_outputs/simulated_08/simulated_08_gt_00131.png gt_outputs/simulated_08/simulated_08_gt_00141.png gt_outputs/simulated_08/simulated_08_gt_00151.png
487,msi_inputs/simulated_08/simulated_08_frame_00044.tif msi_inputs/simulated_08/simulated_08_frame_00049.tif msi_inputs/simulated_08/simulated_08_frame_00054.tif msi_inputs/simulated_08/simulated_08_frame_00059.tif msi_inputs/simulated_08/simulated_08_frame_00064.tif msi_inputs/simulated_08/simulated_08_frame_00069.tif msi_inputs/simulated_08/simulated_08_frame_00074.tif msi_inputs/simulated_08/simulated_08_frame_00079.tif,gt_outputs/simulated_08/simulated_08_gt_00044.png gt_outputs/simulated_08/simulated_08_gt_00049.png gt_outputs/simulated_08/simulated_08_gt_00054.png gt_outputs/simulated_08/simulated_08_gt_00059.png gt_outputs/simulated_08/simulated_08_gt_00064.png gt_outputs/simulated_08/simulated_08_gt_00069.png gt_outputs/simulated_08/simulated_08_gt_00074.png gt_outputs/simulated_08/simulated_08_gt_00079.png
488,msi_inputs/simulated_08/simulated_08_frame_00008.tif msi_inputs/simulated_08/simulated_08_frame_00018.tif msi_inputs/simulated_08/simulated_08_frame_00028.tif msi_inputs/simulated_08/simulated_08_frame_00038.tif msi_inputs/simulated_08/simulated_08_frame_00048.tif msi_inputs/simulated_08/simulated_08_frame_00058.tif msi_inputs/simulated_08/simulated_08_frame_00068.tif msi_inputs/simulated_08/simulated_08_frame_00078.tif,gt_outputs/simulated_08/simulated_08_gt_00008.png gt_outputs/simulated_08/simulated_08_gt_00018.png gt_outputs/simulated_08/simulated_08_gt_00028.png gt_outputs/simulated_08/simulated_08_gt_00038.png gt_outputs/simulated_08/simulated_08_gt_00048.png gt_outputs/simulated_08/simulated_08_gt_00058.png gt_outputs/simulated_08/simulated_08_gt_00068.png gt_outputs/simulated_08/simulated_08_gt_00078.png
489,msi_inputs/simulated_08/simulated_08_frame_00012.tif msi_inputs/simulated_08/simulated_08_frame_00037.tif msi_inputs/simulated_08/simulated_08_frame_00062.tif msi_inputs/simulated_08/simulated_08_frame_00087.tif msi_inputs/simulated_08/simulated_08_frame_00112.tif msi_inputs/simulated_08/simulated_08_frame_00137.tif msi_inputs/simulated_08/simulated_08_frame_00162.tif msi_inputs/simulated_08/simulated_08_frame_00187.tif,gt_outputs/simulated_08/simulated_08_gt_00012.png gt_outputs/simulated_08/simulated_08_gt_00037.png gt_outputs/simulated_08/simulated_08_gt_00062.png gt_outputs/simulated_08/simulated_08_gt_00087.png gt_outputs/simulated_08/simulated_08_gt_00112.png gt_outputs/simulated_08/simulated_08_gt_00137.png gt_outputs/simulated_08/simulated_08_gt_00162.png gt_outputs/simulated_08/simulated_08_gt_00187.png
490,msi_inputs/simulated_08/simulated_08_frame_00003.tif msi_inputs/simulated_08/simulated_08_frame_00028.tif msi_inputs/simulated_08/simulated_08_frame_00053.tif msi_inputs/simulated_08/simulated_08_frame_00078.tif msi_inputs/simulated_08/simulated_08_frame_00103.tif msi_inputs/simulated_08/simulated_08_frame_00128.tif msi_inputs/simulated_08/simulated_08_frame_00153.tif msi_inputs/simulated_08/simulated_08_frame_00178.tif,gt_outputs/simulated_08/simulated_08_gt_00003.png gt_outputs/simulated_08/simulated_08_gt_00028.png gt_outputs/simulated_08/simulated_08_gt_00053.png gt_outputs/simulated_08/simulated_08_gt_00078.png gt_outputs/simulated_08/simulated_08_gt_00103.png gt_outputs/simulated_08/simulated_08_gt_00128.png gt_outputs/simulated_08/simulated_08_gt_00153.png gt_outputs/simulated_08/simulated_08_gt_00178.png
491,msi_inputs/simulated_08/simulated_08_frame_00004.tif msi_inputs/simulated_08/simulated_08_frame_00014.tif msi_inputs/simulated_08/simulated_08_frame_00024.tif msi_inputs/simulated_08/simulated_08_frame_00034.tif msi_inputs/simulated_08/simulated_08_frame_00044.tif msi_inputs/simulated_08/simulated_08_frame_00054.tif msi_inputs/simulated_08/simulated_08_frame_00064.tif msi_inputs/simulated_08/simulated_08_frame_00074.tif,gt_outputs/simulated_08/simulated_08_gt_00004.png gt_outputs/simulated_08/simulated_08_gt_00014.png gt_outputs/simulated_08/simulated_08_gt_00024.png gt_outputs/simulated_08/simulated_08_gt_00034.png gt_outputs/simulated_08/simulated_08_gt_00044.png gt_outputs/simulated_08/simulated_08_gt_00054.png gt_outputs/simulated_08/simulated_08_gt_00064.png gt_outputs/simulated_08/simulated_08_gt_00074.png
492,msi_inputs/simulated_08/simulated_08_frame_00086.tif msi_inputs/simulated_08/simulated_08_frame_00096.tif msi_inputs/simulated_08/simulated_08_frame_00106.tif msi_inputs/simulated_08/simulated_08_frame_00116.tif msi_inputs/simulated_08/simulated_08_frame_00126.tif msi_inputs/simulated_08/simulated_08_frame_00136.tif msi_inputs/simulated_08/simulated_08_frame_00146.tif msi_inputs/simulated_08/simulated_08_frame_00156.tif,gt_outputs/simulated_08/simulated_08_gt_00086.png gt_outputs/simulated_08/simulated_08_gt_00096.png gt_outputs/simulated_08/simulated_08_gt_00106.png gt_outputs/simulated_08/simulated_08_gt_00116.png gt_outputs/simulated_08/simulated_08_gt_00126.png gt_outputs/simulated_08/simulated_08_gt_00136.png gt_outputs/simulated_08/simulated_08_gt_00146.png gt_outputs/simulated_08/simulated_08_gt_00156.png
493,msi_inputs/simulated_08/simulated_08_frame_00043.tif msi_inputs/simulated_08/simulated_08_frame_00048.tif msi_inputs/simulated_08/simulated_08_frame_00053.tif msi_inputs/simulated_08/simulated_08_frame_00058.tif msi_inputs/simulated_08/simulated_08_frame_00063.tif msi_inputs/simulated_08/simulated_08_frame_00068.tif msi_inputs/simulated_08/simulated_08_frame_00073.tif msi_inputs/simulated_08/simulated_08_frame_00078.tif,gt_outputs/simulated_08/simulated_08_gt_00043.png gt_outputs/simulated_08/simulated_08_gt_00048.png gt_outputs/simulated_08/simulated_08_gt_00053.png gt_outputs/simulated_08/simulated_08_gt_00058.png gt_outputs/simulated_08/simulated_08_gt_00063.png gt_outputs/simulated_08/simulated_08_gt_00068.png gt_outputs/simulated_08/simulated_08_gt_00073.png gt_outputs/simulated_08/simulated_08_gt_00078.png
494,msi_inputs/simulated_08/simulated_08_frame_00124.tif msi_inputs/simulated_08/simulated_08_frame_00129.tif msi_inputs/simulated_08/simulated_08_frame_00134.tif msi_inputs/simulated_08/simulated_08_frame_00139.tif msi_inputs/simulated_08/simulated_08_frame_00144.tif msi_inputs/simulated_08/simulated_08_frame_00149.tif msi_inputs/simulated_08/simulated_08_frame_00154.tif msi_inputs/simulated_08/simulated_08_frame_00159.tif,gt_outputs/simulated_08/simulated_08_gt_00124.png gt_outputs/simulated_08/simulated_08_gt_00129.png gt_outputs/simulated_08/simulated_08_gt_00134.png gt_outputs/simulated_08/simulated_08_gt_00139.png gt_outputs/simulated_08/simulated_08_gt_00144.png gt_outputs/simulated_08/simulated_08_gt_00149.png gt_outputs/simulated_08/simulated_08_gt_00154.png gt_outputs/simulated_08/simulated_08_gt_00159.png
495,msi_inputs/simulated_08/simulated_08_frame_00080.tif msi_inputs/simulated_08/simulated_08_frame_00085.tif msi_inputs/simulated_08/simulated_08_frame_00090.tif msi_inputs/simulated_08/simulated_08_frame_00095.tif msi_inputs/simulated_08/simulated_08_frame_00100.tif msi_inputs/simulated_08/simulated_08_frame_00105.tif msi_inputs/simulated_08/simulated_08_frame_00110.tif msi_inputs/simulated_08/simulated_08_frame_00115.tif,gt_outputs/simulated_08/simulated_08_gt_00080.png gt_outputs/simulated_08/simulated_08_gt_00085.png gt_outputs/simulated_08/simulated_08_gt_00090.png gt_outputs/simulated_08/simulated_08_gt_00095.png gt_outputs/simulated_08/simulated_08_gt_00100.png gt_outputs/simulated_08/simulated_08_gt_00105.png gt_outputs/simulated_08/simulated_08_gt_00110.png gt_outputs/simulated_08/simulated_08_gt_00115.png
496,msi_inputs/simulated_08/simulated_08_frame_00184.tif msi_inputs/simulated_08/simulated_08_frame_00185.tif msi_inputs/simulated_08/simulated_08_frame_00186.tif msi_inputs/simulated_08/simulated_08_frame_00187.tif msi_inputs/simulated_08/simulated_08_frame_00188.tif msi_inputs/simulated_08/simulated_08_frame_00189.tif msi_inputs/simulated_08/simulated_08_frame_00190.tif msi_inputs/simulated_08/simulated_08_frame_00191.tif,gt_outputs/simulated_08/simulated_08_gt_00184.png gt_outputs/simulated_08/simulated_08_gt_00185.png gt_outputs/simulated_08/simulated_08_gt_00186.png gt_outputs/simulated_08/simulated_08_gt_00187.png gt_outputs/simulated_08/simulated_08_gt_00188.png gt_outputs/simulated_08/simulated_08_gt_00189.png gt_outputs/simulated_08/simulated_08_gt_00190.png gt_outputs/simulated_08/simulated_08_gt_00191.png
497,msi_inputs/simulated_08/simulated_08_frame_00022.tif msi_inputs/simulated_08/simulated_08_frame_00047.tif msi_inputs/simulated_08/simulated_08_frame_00072.tif msi_inputs/simulated_08/simulated_08_frame_00097.tif msi_inputs/simulated_08/simulated_08_frame_00122.tif msi_inputs/simulated_08/simulated_08_frame_00147.tif msi_inputs/simulated_08/simulated_08_frame_00172.tif msi_inputs/simulated_08/simulated_08_frame_00197.tif,gt_outputs/simulated_08/simulated_08_gt_00022.png gt_outputs/simulated_08/simulated_08_gt_00047.png gt_outputs/simulated_08/simulated_08_gt_00072.png gt_outputs/simulated_08/simulated_08_gt_00097.png gt_outputs/simulated_08/simulated_08_gt_00122.png gt_outputs/simulated_08/simulated_08_gt_00147.png gt_outputs/simulated_08/simulated_08_gt_00172.png gt_outputs/simulated_08/simulated_08_gt_00197.png
498,msi_inputs/simulated_08/simulated_08_frame_00000.tif msi_inputs/simulated_08/simulated_08_frame_00010.tif msi_inputs/simulated_08/simulated_08_frame_00020.tif msi_inputs/simulated_08/simulated_08_frame_00030.tif msi_inputs/simulated_08/simulated_08_frame_00040.tif msi_inputs/simulated_08/simulated_08_frame_00050.tif msi_inputs/simulated_08/simulated_08_frame_00060.tif msi_inputs/simulated_08/simulated_08_frame_00070.tif,gt_outputs/simulated_08/simulated_08_gt_00000.png gt_outputs/simulated_08/simulated_08_gt_00010.png gt_outputs/simulated_08/simulated_08_gt_00020.png gt_outputs/simulated_08/simulated_08_gt_00030.png gt_outputs/simulated_08/simulated_08_gt_00040.png gt_outputs/simulated_08/simulated_08_gt_00050.png gt_outputs/simulated_08/simulated_08_gt_00060.png gt_outputs/simulated_08/simulated_08_gt_00070.png
499,msi_inputs/simulated_08/simulated_08_frame_00009.tif msi_inputs/simulated_08/simulated_08_frame_00034.tif msi_inputs/simulated_08/simulated_08_frame_00059.tif msi_inputs/simulated_08/simulated_08_frame_00084.tif msi_inputs/simulated_08/simulated_08_frame_00109.tif msi_inputs/simulated_08/simulated_08_frame_00134.tif msi_inputs/simulated_08/simulated_08_frame_00159.tif msi_inputs/simulated_08/simulated_08_frame_00184.tif,gt_outputs/simulated_08/simulated_08_gt_00009.png gt_outputs/simulated_08/simulated_08_gt_00034.png gt_outputs/simulated_08/simulated_08_gt_00059.png gt_outputs/simulated_08/simulated_08_gt_00084.png gt_outputs/simulated_08/simulated_08_gt_00109.png gt_outputs/simulated_08/simulated_08_gt_00134.png gt_outputs/simulated_08/simulated_08_gt_00159.png gt_outputs/simulated_08/simulated_08_gt_00184.png
500,msi_inputs/simulated_08/simulated_08_frame_00088.tif msi_inputs/simulated_08/simulated_08_frame_00098.tif msi_inputs/simulated_08/simulated_08_frame_00108.tif msi_inputs/simulated_08/simulated_08_frame_00118.tif msi_inputs/simulated_08/simulated_08_frame_00128.tif msi_inputs/simulated_08/simulated_08_frame_00138.tif msi_inputs/simulated_08/simulated_08_frame_00148.tif msi_inputs/simulated_08/simulated_08_frame_00158.tif,gt_outputs/simulated_08/simulated_08_gt_00088.png gt_outputs/simulated_08/simulated_08_gt_00098.png gt_outputs/simulated_08/simulated_08_gt_00108.png gt_outputs/simulated_08/simulated_08_gt_00118.png gt_outputs/simulated_08/simulated_08_gt_00128.png gt_outputs/simulated_08/simulated_08_gt_00138.png gt_outputs/simulated_08/simulated_08_gt_00148.png gt_outputs/simulated_08/simulated_08_gt_00158.png
501,msi_inputs/simulated_08/simulated_08_frame_00013.tif msi_inputs/simulated_08/simulated_08_frame_00038.tif msi_inputs/simulated_08/simulated_08_frame_00063.tif msi_inputs/simulated_08/simulated_08_frame_00088.tif msi_inputs/simulated_08/simulated_08_frame_00113.tif msi_inputs/simulated_08/simulated_08_frame_00138.tif msi_inputs/simulated_08/simulated_08_frame_00163.tif msi_inputs/simulated_08/simulated_08_frame_00188.tif,gt_outputs/simulated_08/simulated_08_gt_00013.png gt_outputs/simulated_08/simulated_08_gt_00038.png gt_outputs/simulated_08/simulated_08_gt_00063.png gt_outputs/simulated_08/simulated_08_gt_00088.png gt_outputs/simulated_08/simulated_08_gt_00113.png gt_outputs/simulated_08/simulated_08_gt_00138.png gt_outputs/simulated_08/simulated_08_gt_00163.png gt_outputs/simulated_08/simulated_08_gt_00188.png
502,msi_inputs/simulated_08/simulated_08_frame_00011.tif msi_inputs/simulated_08/simulated_08_frame_00036.tif msi_inputs/simulated_08/simulated_08_frame_00061.tif msi_inputs/simulated_08/simulated_08_frame_00086.tif msi_inputs/simulated_08/simulated_08_frame_00111.tif msi_inputs/simulated_08/simulated_08_frame_00136.tif msi_inputs/simulated_08/simulated_08_frame_00161.tif msi_inputs/simulated_08/simulated_08_frame_00186.tif,gt_outputs/simulated_08/simulated_08_gt_00011.png gt_outputs/simulated_08/simulated_08_gt_00036.png gt_outputs/simulated_08/simulated_08_gt_00061.png gt_outputs/simulated_08/simulated_08_gt_00086.png gt_outputs/simulated_08/simulated_08_gt_00111.png gt_outputs/simulated_08/simulated_08_gt_00136.png gt_outputs/simulated_08/simulated_08_gt_00161.png gt_outputs/simulated_08/simulated_08_gt_00186.png
503,msi_inputs/simulated_08/simulated_08_frame_00144.tif msi_inputs/simulated_08/simulated_08_frame_00145.tif msi_inputs/simulated_08/simulated_08_frame_00146.tif msi_inputs/simulated_08/simulated_08_frame_00147.tif msi_inputs/simulated_08/simulated_08_frame_00148.tif msi_inputs/simulated_08/simulated_08_frame_00149.tif msi_inputs/simulated_08/simulated_08_frame_00150.tif msi_inputs/simulated_08/simulated_08_frame_00151.tif,gt_outputs/simulated_08/simulated_08_gt_00144.png gt_outputs/simulated_08/simulated_08_gt_00145.png gt_outputs/simulated_08/simulated_08_gt_00146.png gt_outputs/simulated_08/simulated_08_gt_00147.png gt_outputs/simulated_08/simulated_08_gt_00148.png gt_outputs/simulated_08/simulated_08_gt_00149.png gt_outputs/simulated_08/simulated_08_gt_00150.png gt_outputs/simulated_08/simulated_08_gt_00151.png
504,msi_inputs/simulated_08/simulated_08_frame_00072.tif msi_inputs/simulated_08/simulated_08_frame_00073.tif msi_inputs/simulated_08/simulated_08_frame_00074.tif msi_inputs/simulated_08/simulated_08_frame_00075.tif msi_inputs/simulated_08/simulated_08_frame_00076.tif msi_inputs/simulated_08/simulated_08_frame_00077.tif msi_inputs/simulated_08/simulated_08_frame_00078.tif msi_inputs/simulated_08/simulated_08_frame_00079.tif,gt_outputs/simulated_08/simulated_08_gt_00072.png gt_outputs/simulated_08/simulated_08_gt_00073.png gt_outputs/simulated_08/simulated_08_gt_00074.png gt_outputs/simulated_08/simulated_08_gt_00075.png gt_outputs/simulated_08/simulated_08_gt_00076.png gt_outputs/simulated_08/simulated_08_gt_00077.png gt_outputs/simulated_08/simulated_08_gt_00078.png gt_outputs/simulated_08/simulated_08_gt_00079.png
505,msi_inputs/simulated_08/simulated_08_frame_00024.tif msi_inputs/simulated_08/simulated_08_frame_00025.tif msi_inputs/simulated_08/simulated_08_frame_00026.tif msi_inputs/simulated_08/simulated_08_frame_00027.tif msi_inputs/simulated_08/simulated_08_frame_00028.tif msi_inputs/simulated_08/simulated_08_frame_00029.tif msi_inputs/simulated_08/simulated_08_frame_00030.tif msi_inputs/simulated_08/simulated_08_frame_00031.tif,gt_outputs/simulated_08/simulated_08_gt_00024.png gt_outputs/simulated_08/simulated_08_gt_00025.png gt_outputs/simulated_08/simulated_08_gt_00026.png gt_outputs/simulated_08/simulated_08_gt_00027.png gt_outputs/simulated_08/simulated_08_gt_00028.png gt_outputs/simulated_08/simulated_08_gt_00029.png gt_outputs/simulated_08/simulated_08_gt_00030.png gt_outputs/simulated_08/simulated_08_gt_00031.png
506,msi_inputs/simulated_08/simulated_08_frame_00120.tif msi_inputs/simulated_08/simulated_08_frame_00121.tif msi_inputs/simulated_08/simulated_08_frame_00122.tif msi_inputs/simulated_08/simulated_08_frame_00123.tif msi_inputs/simulated_08/simulated_08_frame_00124.tif msi_inputs/simulated_08/simulated_08_frame_00125.tif msi_inputs/simulated_08/simulated_08_frame_00126.tif msi_inputs/simulated_08/simulated_08_frame_00127.tif,gt_outputs/simulated_08/simulated_08_gt_00120.png gt_outputs/simulated_08/simulated_08_gt_00121.png gt_outputs/simulated_08/simulated_08_gt_00122.png gt_outputs/simulated_08/simulated_08_gt_00123.png gt_outputs/simulated_08/simulated_08_gt_00124.png gt_outputs/simulated_08/simulated_08_gt_00125.png gt_outputs/simulated_08/simulated_08_gt_00126.png gt_outputs/simulated_08/simulated_08_gt_00127.png
507,msi_inputs/simulated_08/simulated_08_frame_00084.tif msi_inputs/simulated_08/simulated_08_frame_00094.tif msi_inputs/simulated_08/simulated_08_frame_00104.tif msi_inputs/simulated_08/simulated_08_frame_00114.tif msi_inputs/simulated_08/simulated_08_frame_00124.tif msi_inputs/simulated_08/simulated_08_frame_00134.tif msi_inputs/simulated_08/simulated_08_frame_00144.tif msi_inputs/simulated_08/simulated_08_frame_00154.tif,gt_outputs/simulated_08/simulated_08_gt_00084.png gt_outputs/simulated_08/simulated_08_gt_00094.png gt_outputs/simulated_08/simulated_08_gt_00104.png gt_outputs/simulated_08/simulated_08_gt_00114.png gt_outputs/simulated_08/simulated_08_gt_00124.png gt_outputs/simulated_08/simulated_08_gt_00134.png gt_outputs/simulated_08/simulated_08_gt_00144.png gt_outputs/simulated_08/simulated_08_gt_00154.png
508,msi_inputs/simulated_08/simulated_08_frame_00164.tif msi_inputs/simulated_08/simulated_08_frame_00169.tif msi_inputs/simulated_08/simulated_08_frame_00174.tif msi_inputs/simulated_08/simulated_08_frame_00179.tif msi_inputs/simulated_08/simulated_08_frame_00184.tif msi_inputs/simulated_08/simulated_08_frame_00189.tif msi_inputs/simulated_08/simulated_08_frame_00194.tif msi_inputs/simulated_08/simulated_08_frame_00199.tif,gt_outputs/simulated_08/simulated_08_gt_00164.png gt_outputs/simulated_08/simulated_08_gt_00169.png gt_outputs/simulated_08/simulated_08_gt_00174.png gt_outputs/simulated_08/simulated_08_gt_00179.png gt_outputs/simulated_08/simulated_08_gt_00184.png gt_outputs/simulated_08/simulated_08_gt_00189.png gt_outputs/simulated_08/simulated_08_gt_00194.png gt_outputs/simulated_08/simulated_08_gt_00199.png
509,msi_inputs/simulated_08/simulated_08_frame_00088.tif msi_inputs/simulated_08/simulated_08_frame_00089.tif msi_inputs/simulated_08/simulated_08_frame_00090.tif msi_inputs/simulated_08/simulated_08_frame_00091.tif msi_inputs/simulated_08/simulated_08_frame_00092.tif msi_inputs/simulated_08/simulated_08_frame_00093.tif msi_inputs/simulated_08/simulated_08_frame_00094.tif msi_inputs/simulated_08/simulated_08_frame_00095.tif,gt_outputs/simulated_08/simulated_08_gt_00088.png gt_outputs/simulated_08/simulated_08_gt_00089.png gt_outputs/simulated_08/simulated_08_gt_00090.png gt_outputs/simulated_08/simulated_08_gt_00091.png gt_outputs/simulated_08/simulated_08_gt_00092.png gt_outputs/simulated_08/simulated_08_gt_00093.png gt_outputs/simulated_08/simulated_08_gt_00094.png gt_outputs/simulated_08/simulated_08_gt_00095.png
510,msi_inputs/simulated_08/simulated_08_frame_00002.tif msi_inputs/simulated_08/simulated_08_frame_00027.tif msi_inputs/simulated_08/simulated_08_frame_00052.tif msi_inputs/simulated_08/simulated_08_frame_00077.tif msi_inputs/simulated_08/simulated_08_frame_00102.tif msi_inputs/simulated_08/simulated_08_frame_00127.tif msi_inputs/simulated_08/simulated_08_frame_00152.tif msi_inputs/simulated_08/simulated_08_frame_00177.tif,gt_outputs/simulated_08/simulated_08_gt_00002.png gt_outputs/simulated_08/simulated_08_gt_00027.png gt_outputs/simulated_08/simulated_08_gt_00052.png gt_outputs/simulated_08/simulated_08_gt_00077.png gt_outputs/simulated_08/simulated_08_gt_00102.png gt_outputs/simulated_08/simulated_08_gt_00127.png gt_outputs/simulated_08/simulated_08_gt_00152.png gt_outputs/simulated_08/simulated_08_gt_00177.png
511,msi_inputs/simulated_08/simulated_08_frame_00014.tif msi_inputs/simulated_08/simulated_08_frame_00039.tif msi_inputs/simulated_08/simulated_08_frame_00064.tif msi_inputs/simulated_08/simulated_08_frame_00089.tif msi_inputs/simulated_08/simulated_08_frame_00114.tif msi_inputs/simulated_08/simulated_08_frame_00139.tif msi_inputs/simulated_08/simulated_08_frame_00164.tif msi_inputs/simulated_08/simulated_08_frame_00189.tif,gt_outputs/simulated_08/simulated_08_gt_00014.png gt_outputs/simulated_08/simulated_08_gt_00039.png gt_outputs/simulated_08/simulated_08_gt_00064.png gt_outputs/simulated_08/simulated_08_gt_00089.png gt_outputs/simulated_08/simulated_08_gt_00114.png gt_outputs/simulated_08/simulated_08_gt_00139.png gt_outputs/simulated_08/simulated_08_gt_00164.png gt_outputs/simulated_08/simulated_08_gt_00189.png
512,msi_inputs/simulated_08/simulated_08_frame_00023.tif msi_inputs/simulated_08/simulated_08_frame_00048.tif msi_inputs/simulated_08/simulated_08_frame_00073.tif msi_inputs/simulated_08/simulated_08_frame_00098.tif msi_inputs/simulated_08/simulated_08_frame_00123.tif msi_inputs/simulated_08/simulated_08_frame_00148.tif msi_inputs/simulated_08/simulated_08_frame_00173.tif msi_inputs/simulated_08/simulated_08_frame_00198.tif,gt_outputs/simulated_08/simulated_08_gt_00023.png gt_outputs/simulated_08/simulated_08_gt_00048.png gt_outputs/simulated_08/simulated_08_gt_00073.png gt_outputs/simulated_08/simulated_08_gt_00098.png gt_outputs/simulated_08/simulated_08_gt_00123.png gt_outputs/simulated_08/simulated_08_gt_00148.png gt_outputs/simulated_08/simulated_08_gt_00173.png gt_outputs/simulated_08/simulated_08_gt_00198.png
513,msi_inputs/simulated_08/simulated_08_frame_00006.tif msi_inputs/simulated_08/simulated_08_frame_00031.tif msi_inputs/simulated_08/simulated_08_frame_00056.tif msi_inputs/simulated_08/simulated_08_frame_00081.tif msi_inputs/simulated_08/simulated_08_frame_00106.tif msi_inputs/simulated_08/simulated_08_frame_00131.tif msi_inputs/simulated_08/simulated_08_frame_00156.tif msi_inputs/simulated_08/simulated_08_frame_00181.tif,gt_outputs/simulated_08/simulated_08_gt_00006.png gt_outputs/simulated_08/simulated_08_gt_00031.png gt_outputs/simulated_08/simulated_08_gt_00056.png gt_outputs/simulated_08/simulated_08_gt_00081.png gt_outputs/simulated_08/simulated_08_gt_00106.png gt_outputs/simulated_08/simulated_08_gt_00131.png gt_outputs/simulated_08/simulated_08_gt_00156.png gt_outputs/simulated_08/simulated_08_gt_00181.png
514,msi_inputs/simulated_08/simulated_08_frame_00161.tif msi_inputs/simulated_08/simulated_08_frame_00166.tif msi_inputs/simulated_08/simulated_08_frame_00171.tif msi_inputs/simulated_08/simulated_08_frame_00176.tif msi_inputs/simulated_08/simulated_08_frame_00181.tif msi_inputs/simulated_08/simulated_08_frame_00186.tif msi_inputs/simulated_08/simulated_08_frame_00191.tif msi_inputs/simulated_08/simulated_08_frame_00196.tif,gt_outputs/simulated_08/simulated_08_gt_00161.png gt_outputs/simulated_08/simulated_08_gt_00166.png gt_outputs/simulated_08/simulated_08_gt_00171.png gt_outputs/simulated_08/simulated_08_gt_00176.png gt_outputs/simulated_08/simulated_08_gt_00181.png gt_outputs/simulated_08/simulated_08_gt_00186.png gt_outputs/simulated_08/simulated_08_gt_00191.png gt_outputs/simulated_08/simulated_08_gt_00196.png
515,msi_inputs/simulated_08/simulated_08_frame_00020.tif msi_inputs/simulated_08/simulated_08_frame_00045.tif msi_inputs/simulated_08/simulated_08_frame_00070.tif msi_inputs/simulated_08/simulated_08_frame_00095.tif msi_inputs/simulated_08/simulated_08_frame_00120.tif msi_inputs/simulated_08/simulated_08_frame_00145.tif msi_inputs/simulated_08/simulated_08_frame_00170.tif msi_inputs/simulated_08/simulated_08_frame_00195.tif,gt_outputs/simulated_08/simulated_08_gt_00020.png gt_outputs/simulated_08/simulated_08_gt_00045.png gt_outputs/simulated_08/simulated_08_gt_00070.png gt_outputs/simulated_08/simulated_08_gt_00095.png gt_outputs/simulated_08/simulated_08_gt_00120.png gt_outputs/simulated_08/simulated_08_gt_00145.png gt_outputs/simulated_08/simulated_08_gt_00170.png gt_outputs/simulated_08/simulated_08_gt_00195.png
516,msi_inputs/simulated_08/simulated_08_frame_00136.tif msi_inputs/simulated_08/simulated_08_frame_00137.tif msi_inputs/simulated_08/simulated_08_frame_00138.tif msi_inputs/simulated_08/simulated_08_frame_00139.tif msi_inputs/simulated_08/simulated_08_frame_00140.tif msi_inputs/simulated_08/simulated_08_frame_00141.tif msi_inputs/simulated_08/simulated_08_frame_00142.tif msi_inputs/simulated_08/simulated_08_frame_00143.tif,gt_outputs/simulated_08/simulated_08_gt_00136.png gt_outputs/simulated_08/simulated_08_gt_00137.png gt_outputs/simulated_08/simulated_08_gt_00138.png gt_outputs/simulated_08/simulated_08_gt_00139.png gt_outputs/simulated_08/simulated_08_gt_00140.png gt_outputs/simulated_08/simulated_08_gt_00141.png gt_outputs/simulated_08/simulated_08_gt_00142.png gt_outputs/simulated_08/simulated_08_gt_00143.png
517,msi_inputs/simulated_08/simulated_08_frame_00160.tif msi_inputs/simulated_08/simulated_08_frame_00165.tif msi_inputs/simulated_08/simulated_08_frame_00170.tif msi_inputs/simulated_08/simulated_08_frame_00175.tif msi_inputs/simulated_08/simulated_08_frame_00180.tif msi_inputs/simulated_08/simulated_08_frame_00185.tif msi_inputs/simulated_08/simulated_08_frame_00190.tif msi_inputs/simulated_08/simulated_08_frame_00195.tif,gt_outputs/simulated_08/simulated_08_gt_00160.png gt_outputs/simulated_08/simulated_08_gt_00165.png gt_outputs/simulated_08/simulated_08_gt_00170.png gt_outputs/simulated_08/simulated_08_gt_00175.png gt_outputs/simulated_08/simulated_08_gt_00180.png gt_outputs/simulated_08/simulated_08_gt_00185.png gt_outputs/simulated_08/simulated_08_gt_00190.png gt_outputs/simulated_08/simulated_08_gt_00195.png
518,msi_inputs/simulated_08/simulated_08_frame_00008.tif msi_inputs/simulated_08/simulated_08_frame_00033.tif msi_inputs/simulated_08/simulated_08_frame_00058.tif msi_inputs/simulated_08/simulated_08_frame_00083.tif msi_inputs/simulated_08/simulated_08_frame_00108.tif msi_inputs/simulated_08/simulated_08_frame_00133.tif msi_inputs/simulated_08/simulated_08_frame_00158.tif msi_inputs/simulated_08/simulated_08_frame_00183.tif,gt_outputs/simulated_08/simulated_08_gt_00008.png gt_outputs/simulated_08/simulated_08_gt_00033.png gt_outputs/simulated_08/simulated_08_gt_00058.png gt_outputs/simulated_08/simulated_08_gt_00083.png gt_outputs/simulated_08/simulated_08_gt_00108.png gt_outputs/simulated_08/simulated_08_gt_00133.png gt_outputs/simulated_08/simulated_08_gt_00158.png gt_outputs/simulated_08/simulated_08_gt_00183.png
519,msi_inputs/simulated_08/simulated_08_frame_00000.tif msi_inputs/simulated_08/simulated_08_frame_00025.tif msi_inputs/simulated_08/simulated_08_frame_00050.tif msi_inputs/simulated_08/simulated_08_frame_00075.tif msi_inputs/simulated_08/simulated_08_frame_00100.tif msi_inputs/simulated_08/simulated_08_frame_00125.tif msi_inputs/simulated_08/simulated_08_frame_00150.tif msi_inputs/simulated_08/simulated_08_frame_00175.tif,gt_outputs/simulated_08/simulated_08_gt_00000.png gt_outputs/simulated_08/simulated_08_gt_00025.png gt_outputs/simulated_08/simulated_08_gt_00050.png gt_outputs/simulated_08/simulated_08_gt_00075.png gt_outputs/simulated_08/simulated_08_gt_00100.png gt_outputs/simulated_08/simulated_08_gt_00125.png gt_outputs/simulated_08/simulated_08_gt_00150.png gt_outputs/simulated_08/simulated_08_gt_00175.png
520,msi_inputs/simulated_08/simulated_08_frame_00002.tif msi_inputs/simulated_08/simulated_08_frame_00012.tif msi_inputs/simulated_08/simulated_08_frame_00022.tif msi_inputs/simulated_08/simulated_08_frame_00032.tif msi_inputs/simulated_08/simulated_08_frame_00042.tif msi_inputs/simulated_08/simulated_08_frame_00052.tif msi_inputs/simulated_08/simulated_08_frame_00062.tif msi_inputs/simulated_08/simulated_08_frame_00072.tif,gt_outputs/simulated_08/simulated_08_gt_00002.png gt_outputs/simulated_08/simulated_08_gt_00012.png gt_outputs/simulated_08/simulated_08_gt_00022.png gt_outputs/simulated_08/simulated_08_gt_00032.png gt_outputs/simulated_08/simulated_08_gt_00042.png gt_outputs/simulated_08/simulated_08_gt_00052.png gt_outputs/simulated_08/simulated_08_gt_00062.png gt_outputs/simulated_08/simulated_08_gt_00072.png
521,msi_inputs/simulated_08/simulated_08_frame_00016.tif msi_inputs/simulated_08/simulated_08_frame_00017.tif msi_inputs/simulated_08/simulated_08_frame_00018.tif msi_inputs/simulated_08/simulated_08_frame_00019.tif msi_inputs/simulated_08/simulated_08_frame_00020.tif msi_inputs/simulated_08/simulated_08_frame_00021.tif msi_inputs/simulated_08/simulated_08_frame_00022.tif msi_inputs/simulated_08/simulated_08_frame_00023.tif,gt_outputs/simulated_08/simulated_08_gt_00016.png gt_outputs/simulated_08/simulated_08_gt_00017.png gt_outputs/simulated_08/simulated_08_gt_00018.png gt_outputs/simulated_08/simulated_08_gt_00019.png gt_outputs/simulated_08/simulated_08_gt_00020.png gt_outputs/simulated_08/simulated_08_gt_00021.png gt_outputs/simulated_08/simulated_08_gt_00022.png gt_outputs/simulated_08/simulated_08_gt_00023.png
522,msi_inputs/simulated_08/simulated_08_frame_00080.tif msi_inputs/simulated_08/simulated_08_frame_00090.tif msi_inputs/simulated_08/simulated_08_frame_00100.tif msi_inputs/simulated_08/simulated_08_frame_00110.tif msi_inputs/simulated_08/simulated_08_frame_00120.tif msi_inputs/simulated_08/simulated_08_frame_00130.tif msi_inputs/simulated_08/simulated_08_frame_00140.tif msi_inputs/simulated_08/simulated_08_frame_00150.tif,gt_outputs/simulated_08/simulated_08_gt_00080.png gt_outputs/simulated_08/simulated_08_gt_00090.png gt_outputs/simulated_08/simulated_08_gt_00100.png gt_outputs/simulated_08/simulated_08_gt_00110.png gt_outputs/simulated_08/simulated_08_gt_00120.png gt_outputs/simulated_08/simulated_08_gt_00130.png gt_outputs/simulated_08/simulated_08_gt_00140.png gt_outputs/simulated_08/simulated_08_gt_00150.png
523,msi_inputs/simulated_08/simulated_08_frame_00024.tif msi_inputs/simulated_08/simulated_08_frame_00049.tif msi_inputs/simulated_08/simulated_08_frame_00074.tif msi_inputs/simulated_08/simulated_08_frame_00099.tif msi_inputs/simulated_08/simulated_08_frame_00124.tif msi_inputs/simulated_08/simulated_08_frame_00149.tif msi_inputs/simulated_08/simulated_08_frame_00174.tif msi_inputs/simulated_08/simulated_08_frame_00199.tif,gt_outputs/simulated_08/simulated_08_gt_00024.png gt_outputs/simulated_08/simulated_08_gt_00049.png gt_outputs/simulated_08/simulated_08_gt_00074.png gt_outputs/simulated_08/simulated_08_gt_00099.png gt_outputs/simulated_08/simulated_08_gt_00124.png gt_outputs/simulated_08/simulated_08_gt_00149.png gt_outputs/simulated_08/simulated_08_gt_00174.png gt_outputs/simulated_08/simulated_08_gt_00199.png
524,msi_inputs/simulated_08/simulated_08_frame_00128.tif msi_inputs/simulated_08/simulated_08_frame_00129.tif msi_inputs/simulated_08/simulated_08_frame_00130.tif msi_inputs/simulated_08/simulated_08_frame_00131.tif msi_inputs/simulated_08/simulated_08_frame_00132.tif msi_inputs/simulated_08/simulated_08_frame_00133.tif msi_inputs/simulated_08/simulated_08_frame_00134.tif msi_inputs/simulated_08/simulated_08_frame_00135.tif,gt_outputs/simulated_08/simulated_08_gt_00128.png gt_outputs/simulated_08/simulated_08_gt_00129.png gt_outputs/simulated_08/simulated_08_gt_00130.png gt_outputs/simulated_08/simulated_08_gt_00131.png gt_outputs/simulated_08/simulated_08_gt_00132.png gt_outputs/simulated_08/simulated_08_gt_00133.png gt_outputs/simulated_08/simulated_08_gt_00134.png gt_outputs/simulated_08/simulated_08_gt_00135.png
525,msi_inputs/simulated_08/simulated_08_frame_00064.tif msi_inputs/simulated_08/simulated_08_frame_00065.tif msi_inputs/simulated_08/simulated_08_frame_00066.tif msi_inputs/simulated_08/simulated_08_frame_00067.tif msi_inputs/simulated_08/simulated_08_frame_00068.tif msi_inputs/simulated_08/simulated_08_frame_00069.tif msi_inputs/simulated_08/simulated_08_frame_00070.tif msi_inputs/simulated_08/simulated_08_frame_00071.tif,gt_outputs/simulated_08/simulated_08_gt_00064.png gt_outputs/simulated_08/simulated_08_gt_00065.png gt_outputs/simulated_08/simulated_08_gt_00066.png gt_outputs/simulated_08/simulated_08_gt_00067.png gt_outputs/simulated_08/simulated_08_gt_00068.png gt_outputs/simulated_08/simulated_08_gt_00069.png gt_outputs/simulated_08/simulated_08_gt_00070.png gt_outputs/simulated_08/simulated_08_gt_00071.png
526,msi_inputs/simulated_08/simulated_08_frame_00096.tif msi_inputs/simulated_08/simulated_08_frame_00097.tif msi_inputs/simulated_08/simulated_08_frame_00098.tif msi_inputs/simulated_08/simulated_08_frame_00099.tif msi_inputs/simulated_08/simulated_08_frame_00100.tif msi_inputs/simulated_08/simulated_08_frame_00101.tif msi_inputs/simulated_08/simulated_08_frame_00102.tif msi_inputs/simulated_08/simulated_08_frame_00103.tif,gt_outputs/simulated_08/simulated_08_gt_00096.png gt_outputs/simulated_08/simulated_08_gt_00097.png gt_outputs/simulated_08/simulated_08_gt_00098.png gt_outputs/simulated_08/simulated_08_gt_00099.png gt_outputs/simulated_08/simulated_08_gt_00100.png gt_outputs/simulated_08/simulated_08_gt_00101.png gt_outputs/simulated_08/simulated_08_gt_00102.png gt_outputs/simulated_08/simulated_08_gt_00103.png
527,msi_inputs/simulated_08/simulated_08_frame_00003.tif msi_inputs/simulated_08/simulated_08_frame_00008.tif msi_inputs/simulated_08/simulated_08_frame_00013.tif msi_inputs/simulated_08/simulated_08_frame_00018.tif msi_inputs/simulated_08/simulated_08_frame_00023.tif msi_inputs/simulated_08/simulated_08_frame_00028.tif msi_inputs/simulated_08/simulated_08_frame_00033.tif msi_inputs/simulated_08/simulated_08_frame_00038.tif,gt_outputs/simulated_08/simulated_08_gt_00003.png gt_outputs/simulated_08/simulated_08_gt_00008.png gt_outputs/simulated_08/simulated_08_gt_00013.png gt_outputs/simulated_08/simulated_08_gt_00018.png gt_outputs/simulated_08/simulated_08_gt_00023.png gt_outputs/simulated_08/simulated_08_gt_00028.png gt_outputs/simulated_08/simulated_08_gt_00033.png gt_outputs/simulated_08/simulated_08_gt_00038.png
528,msi_inputs/simulated_09/simulated_09_frame_00080.tif msi_inputs/simulated_09/simulated_09_frame_00090.tif msi_inputs/simulated_09/simulated_09_frame_00100.tif msi_inputs/simulated_09/simulated_09_frame_00110.tif msi_inputs/simulated_09/simulated_09_frame_00120.tif msi_inputs/simulated_09/simulated_09_frame_00130.tif msi_inputs/simulated_09/simulated_09_frame_00140.tif msi_inputs/simulated_09/simulated_09_frame_00150.tif,gt_outputs/simulated_09/simulated_09_gt_00080.png gt_outputs/simulated_09/simulated_09_gt_00090.png gt_outputs/simulated_09/simulated_09_gt_00100.png gt_outputs/simulated_09/simulated_09_gt_00110.png gt_outputs/simulated_09/simulated_09_gt_00120.png gt_outputs/simulated_09/simulated_09_gt_00130.png gt_outputs/simulated_09/simulated_09_gt_00140.png gt_outputs/simulated_09/simulated_09_gt_00150.png
529,msi_inputs/simulated_09/simulated_09_frame_00006.tif msi_inputs/simulated_09/simulated_09_frame_00031.tif msi_inputs/simulated_09/simulated_09_frame_00056.tif msi_inputs/simulated_09/simulated_09_frame_00081.tif msi_inputs/simulated_09/simulated_09_frame_00106.tif msi_inputs/simulated_09/simulated_09_frame_00131.tif msi_inputs/simulated_09/simulated_09_frame_00156.tif msi_inputs/simulated_09/simulated_09_frame_00181.tif,gt_outputs/simulated_09/simulated_09_gt_00006.png gt_outputs/simulated_09/simulated_09_gt_00031.png gt_outputs/simulated_09/simulated_09_gt_00056.png gt_outputs/simulated_09/simulated_09_gt_00081.png gt_outputs/simulated_09/simulated_09_gt_00106.png gt_outputs/simulated_09/simulated_09_gt_00131.png gt_outputs/simulated_09/simulated_09_gt_00156.png gt_outputs/simulated_09/simulated_09_gt_00181.png
530,msi_inputs/simulated_09/simulated_09_frame_00001.tif msi_inputs/simulated_09/simulated_09_frame_00011.tif msi_inputs/simulated_09/simulated_09_frame_00021.tif msi_inputs/simulated_09/simulated_09_frame_00031.tif msi_inputs/simulated_09/simulated_09_frame_00041.tif msi_inputs/simulated_09/simulated_09_frame_00051.tif msi_inputs/simulated_09/simulated_09_frame_00061.tif msi_inputs/simulated_09/simulated_09_frame_00071.tif,gt_outputs/simulated_09/simulated_09_gt_00001.png gt_outputs/simulated_09/simulated_09_gt_00011.png gt_outputs/simulated_09/simulated_09_gt_00021.png gt_outputs/simulated_09/simulated_09_gt_00031.png gt_outputs/simulated_09/simulated_09_gt_00041.png gt_outputs/simulated_09/simulated_09_gt_00051.png gt_outputs/simulated_09/simulated_09_gt_00061.png gt_outputs/simulated_09/simulated_09_gt_00071.png
531,msi_inputs/simulated_09/simulated_09_frame_00000.tif msi_inputs/simulated_09/simulated_09_frame_00005.tif msi_inputs/simulated_09/simulated_09_frame_00010.tif msi_inputs/simulated_09/simulated_09_frame_00015.tif msi_inputs/simulated_09/simulated_09_frame_00020.tif msi_inputs/simulated_09/simulated_09_frame_00025.tif msi_inputs/simulated_09/simulated_09_frame_00030.tif msi_inputs/simulated_09/simulated_09_frame_00035.tif,gt_outputs/simulated_09/simulated_09_gt_00000.png gt_outputs/simulated_09/simulated_09_gt_00005.png gt_outputs/simulated_09/simulated_09_gt_00010.png gt_outputs/simulated_09/simulated_09_gt_00015.png gt_outputs/simulated_09/simulated_09_gt_00020.png gt_outputs/simulated_09/simulated_09_gt_00025.png gt_outputs/simulated_09/simulated_09_gt_00030.png gt_outputs/simulated_09/simulated_09_gt_00035.png
532,msi_inputs/simulated_09/simulated_09_frame_00123.tif msi_inputs/simulated_09/simulated_09_frame_00128.tif msi_inputs/simulated_09/simulated_09_frame_00133.tif msi_inputs/simulated_09/simulated_09_frame_00138.tif msi_inputs/simulated_09/simulated_09_frame_00143.tif msi_inputs/simulated_09/simulated_09_frame_00148.tif msi_inputs/simulated_09/simulated_09_frame_00153.tif msi_inputs/simulated_09/simulated_09_frame_00158.tif,gt_outputs/simulated_09/simulated_09_gt_00123.png gt_outputs/simulated_09/simulated_09_gt_00128.png gt_outputs/simulated_09/simulated_09_gt_00133.png gt_outputs/simulated_09/simulated_09_gt_00138.png gt_outputs/simulated_09/simulated_09_gt_00143.png gt_outputs/simulated_09/simulated_09_gt_00148.png gt_outputs/simulated_09/simulated_09_gt_00153.png gt_outputs/simulated_09/simulated_09_gt_00158.png
533,msi_inputs/simulated_09/simulated_09_frame_00009.tif msi_inputs/simulated_09/simulated_09_frame_00019.tif msi_inputs/simulated_09/simulated_09_frame_00029.tif msi_inputs/simulated_09/simulated_09_frame_00039.tif msi_inputs/simulated_09/simulated_09_frame_00049.tif msi_inputs/simulated_09/simulated_09_frame_00059.tif msi_inputs/simulated_09/simulated_09_frame_00069.tif msi_inputs/simulated_09/simulated_09_frame_00079.tif,gt_outputs/simulated_09/simulated_09_gt_00009.png gt_outputs/simulated_09/simulated_09_gt_00019.png gt_outputs/simulated_09/simulated_09_gt_00029.png gt_outputs/simulated_09/simulated_09_gt_00039.png gt_outputs/simulated_09/simulated_09_gt_00049.png gt_outputs/simulated_09/simulated_09_gt_00059.png gt_outputs/simulated_09/simulated_09_gt_00069.png gt_outputs/simulated_09/simulated_09_gt_00079.png
534,msi_inputs/simulated_09/simulated_09_frame_00000.tif msi_inputs/simulated_09/simulated_09_frame_00025.tif msi_inputs/simulated_09/simulated_09_frame_00050.tif msi_inputs/simulated_09/simulated_09_frame_00075.tif msi_inputs/simulated_09/simulated_09_frame_00100.tif msi_inputs/simulated_09/simulated_09_frame_00125.tif msi_inputs/simulated_09/simulated_09_frame_00150.tif msi_inputs/simulated_09/simulated_09_frame_00175.tif,gt_outputs/simulated_09/simulated_09_gt_00000.png gt_outputs/simulated_09/simulated_09_gt_00025.png gt_outputs/simulated_09/simulated_09_gt_00050.png gt_outputs/simulated_09/simulated_09_gt_00075.png gt_outputs/simulated_09/simulated_09_gt_00100.png gt_outputs/simulated_09/simulated_09_gt_00125.png gt_outputs/simulated_09/simulated_09_gt_00150.png gt_outputs/simulated_09/simulated_09_gt_00175.png
535,msi_inputs/simulated_09/simulated_09_frame_00001.tif msi_inputs/simulated_09/simulated_09_frame_00006.tif msi_inputs/simulated_09/simulated_09_frame_00011.tif msi_inputs/simulated_09/simulated_09_frame_00016.tif msi_inputs/simulated_09/simulated_09_frame_00021.tif msi_inputs/simulated_09/simulated_09_frame_00026.tif msi_inputs/simulated_09/simulated_09_frame_00031.tif msi_inputs/simulated_09/simulated_09_frame_00036.tif,gt_outputs/simulated_09/simulated_09_gt_00001.png gt_outputs/simulated_09/simulated_09_gt_00006.png gt_outputs/simulated_09/simulated_09_gt_00011.png gt_outputs/simulated_09/simulated_09_gt_00016.png gt_outputs/simulated_09/simulated_09_gt_00021.png gt_outputs/simulated_09/simulated_09_gt_00026.png gt_outputs/simulated_09/simulated_09_gt_00031.png gt_outputs/simulated_09/simulated_09_gt_00036.png
536,msi_inputs/simulated_09/simulated_09_frame_00003.tif msi_inputs/simulated_09/simulated_09_frame_00013.tif msi_inputs/simulated_09/simulated_09_frame_00023.tif msi_inputs/simulated_09/simulated_09_frame_00033.tif msi_inputs/simulated_09/simulated_09_frame_00043.tif msi_inputs/simulated_09/simulated_09_frame_00053.tif msi_inputs/simulated_09/simulated_09_frame_00063.tif msi_inputs/simulated_09/simulated_09_frame_00073.tif,gt_outputs/simulated_09/simulated_09_gt_00003.png gt_outputs/simulated_09/simulated_09_gt_00013.png gt_outputs/simulated_09/simulated_09_gt_00023.png gt_outputs/simulated_09/simulated_09_gt_00033.png gt_outputs/simulated_09/simulated_09_gt_00043.png gt_outputs/simulated_09/simulated_09_gt_00053.png gt_outputs/simulated_09/simulated_09_gt_00063.png gt_outputs/simulated_09/simulated_09_gt_00073.png
537,msi_inputs/simulated_09/simulated_09_frame_00003.tif msi_inputs/simulated_09/simulated_09_frame_00028.tif msi_inputs/simulated_09/simulated_09_frame_00053.tif msi_inputs/simulated_09/simulated_09_frame_00078.tif msi_inputs/simulated_09/simulated_09_frame_00103.tif msi_inputs/simulated_09/simulated_09_frame_00128.tif msi_inputs/simulated_09/simulated_09_frame_00153.tif msi_inputs/simulated_09/simulated_09_frame_00178.tif,gt_outputs/simulated_09/simulated_09_gt_00003.png gt_outputs/simulated_09/simulated_09_gt_00028.png gt_outputs/simulated_09/simulated_09_gt_00053.png gt_outputs/simulated_09/simulated_09_gt_00078.png gt_outputs/simulated_09/simulated_09_gt_00103.png gt_outputs/simulated_09/simulated_09_gt_00128.png gt_outputs/simulated_09/simulated_09_gt_00153.png gt_outputs/simulated_09/simulated_09_gt_00178.png
538,msi_inputs/simulated_09/simulated_09_frame_00120.tif msi_inputs/simulated_09/simulated_09_frame_00121.tif msi_inputs/simulated_09/simulated_09_frame_00122.tif msi_inputs/simulated_09/simulated_09_frame_00123.tif msi_inputs/simulated_09/simulated_09_frame_00124.tif msi_inputs/simulated_09/simulated_09_frame_00125.tif msi_inputs/simulated_09/simulated_09_frame_00126.tif msi_inputs/simulated_09/simulated_09_frame_00127.tif,gt_outputs/simulated_09/simulated_09_gt_00120.png gt_outputs/simulated_09/simulated_09_gt_00121.png gt_outputs/simulated_09/simulated_09_gt_00122.png gt_outputs/simulated_09/simulated_09_gt_00123.png gt_outputs/simulated_09/simulated_09_gt_00124.png gt_outputs/simulated_09/simulated_09_gt_00125.png gt_outputs/simulated_09/simulated_09_gt_00126.png gt_outputs/simulated_09/simulated_09_gt_00127.png
539,msi_inputs/simulated_09/simulated_09_frame_00087.tif msi_inputs/simulated_09/simulated_09_frame_00097.tif msi_inputs/simulated_09/simulated_09_frame_00107.tif msi_inputs/simulated_09/simulated_09_frame_00117.tif msi_inputs/simulated_09/simulated_09_frame_00127.tif msi_inputs/simulated_09/simulated_09_frame_00137.tif msi_inputs/simulated_09/simulated_09_frame_00147.tif msi_inputs/simulated_09/simulated_09_frame_00157.tif,gt_outputs/simulated_09/simulated_09_gt_00087.png gt_outputs/simulated_09/simulated_09_gt_00097.png gt_outputs/simulated_09/simulated_09_gt_00107.png gt_outputs/simulated_09/simulated_09_gt_00117.png gt_outputs/simulated_09/simulated_09_gt_00127.png gt_outputs/simulated_09/simulated_09_gt_00137.png gt_outputs/simulated_09/simulated_09_gt_00147.png gt_outputs/simulated_09/simulated_09_gt_00157.png
540,msi_inputs/simulated_09/simulated_09_frame_00012.tif msi_inputs/simulated_09/simulated_09_frame_00037.tif msi_inputs/simulated_09/simulated_09_frame_00062.tif msi_inputs/simulated_09/simulated_09_frame_00087.tif msi_inputs/simulated_09/simulated_09_frame_00112.tif msi_inputs/simulated_09/simulated_09_frame_00137.tif msi_inputs/simulated_09/simulated_09_frame_00162.tif msi_inputs/simulated_09/simulated_09_frame_00187.tif,gt_outputs/simulated_09/simulated_09_gt_00012.png gt_outputs/simulated_09/simulated_09_gt_00037.png gt_outputs/simulated_09/simulated_09_gt_00062.png gt_outputs/simulated_09/simulated_09_gt_00087.png gt_outputs/simulated_09/simulated_09_gt_00112.png gt_outputs/simulated_09/simulated_09_gt_00137.png gt_outputs/simulated_09/simulated_09_gt_00162.png gt_outputs/simulated_09/simulated_09_gt_00187.png
541,msi_inputs/simulated_09/simulated_09_frame_00009.tif msi_inputs/simulated_09/simulated_09_frame_00034.tif msi_inputs/simulated_09/simulated_09_frame_00059.tif msi_inputs/simulated_09/simulated_09_frame_00084.tif msi_inputs/simulated_09/simulated_09_frame_00109.tif msi_inputs/simulated_09/simulated_09_frame_00134.tif msi_inputs/simulated_09/simulated_09_frame_00159.tif msi_inputs/simulated_09/simulated_09_frame_00184.tif,gt_outputs/simulated_09/simulated_09_gt_00009.png gt_outputs/simulated_09/simulated_09_gt_00034.png gt_outputs/simulated_09/simulated_09_gt_00059.png gt_outputs/simulated_09/simulated_09_gt_00084.png gt_outputs/simulated_09/simulated_09_gt_00109.png gt_outputs/simulated_09/simulated_09_gt_00134.png gt_outputs/simulated_09/simulated_09_gt_00159.png gt_outputs/simulated_09/simulated_09_gt_00184.png
542,msi_inputs/simulated_09/simulated_09_frame_00121.tif msi_inputs/simulated_09/simulated_09_frame_00126.tif msi_inputs/simulated_09/simulated_09_frame_00131.tif msi_inputs/simulated_09/simulated_09_frame_00136.tif msi_inputs/simulated_09/simulated_09_frame_00141.tif msi_inputs/simulated_09/simulated_09_frame_00146.tif msi_inputs/simulated_09/simulated_09_frame_00151.tif msi_inputs/simulated_09/simulated_09_frame_00156.tif,gt_outputs/simulated_09/simulated_09_gt_00121.png gt_outputs/simulated_09/simulated_09_gt_00126.png gt_outputs/simulated_09/simulated_09_gt_00131.png gt_outputs/simulated_09/simulated_09_gt_00136.png gt_outputs/simulated_09/simulated_09_gt_00141.png gt_outputs/simulated_09/simulated_09_gt_00146.png gt_outputs/simulated_09/simulated_09_gt_00151.png gt_outputs/simulated_09/simulated_09_gt_00156.png
543,msi_inputs/simulated_09/simulated_09_frame_00083.tif msi_inputs/simulated_09/simulated_09_frame_00088.tif msi_inputs/simulated_09/simulated_09_frame_00093.tif msi_inputs/simulated_09/simulated_09_frame_00098.tif msi_inputs/simulated_09/simulated_09_frame_00103.tif msi_inputs/simulated_09/simulated_09_frame_00108.tif msi_inputs/simulated_09/simulated_09_frame_00113.tif msi_inputs/simulated_09/simulated_09_frame_00118.tif,gt_outputs/simulated_09/simulated_09_gt_00083.png gt_outputs/simulated_09/simulated_09_gt_00088.png gt_outputs/simulated_09/simulated_09_gt_00093.png gt_outputs/simulated_09/simulated_09_gt_00098.png gt_outputs/simulated_09/simulated_09_gt_00103.png gt_outputs/simulated_09/simulated_09_gt_00108.png gt_outputs/simulated_09/simulated_09_gt_00113.png gt_outputs/simulated_09/simulated_09_gt_00118.png
544,msi_inputs/simulated_09/simulated_09_frame_00041.tif msi_inputs/simulated_09/simulated_09_frame_00046.tif msi_inputs/simulated_09/simulated_09_frame_00051.tif msi_inputs/simulated_09/simulated_09_frame_00056.tif msi_inputs/simulated_09/simulated_09_frame_00061.tif msi_inputs/simulated_09/simulated_09_frame_00066.tif msi_inputs/simulated_09/simulated_09_frame_00071.tif msi_inputs/simulated_09/simulated_09_frame_00076.tif,gt_outputs/simulated_09/simulated_09_gt_00041.png gt_outputs/simulated_09/simulated_09_gt_00046.png gt_outputs/simulated_09/simulated_09_gt_00051.png gt_outputs/simulated_09/simulated_09_gt_00056.png gt_outputs/simulated_09/simulated_09_gt_00061.png gt_outputs/simulated_09/simulated_09_gt_00066.png gt_outputs/simulated_09/simulated_09_gt_00071.png gt_outputs/simulated_09/simulated_09_gt_00076.png
545,msi_inputs/simulated_09/simulated_09_frame_00089.tif msi_inputs/simulated_09/simulated_09_frame_00099.tif msi_inputs/simulated_09/simulated_09_frame_00109.tif msi_inputs/simulated_09/simulated_09_frame_00119.tif msi_inputs/simulated_09/simulated_09_frame_00129.tif msi_inputs/simulated_09/simulated_09_frame_00139.tif msi_inputs/simulated_09/simulated_09_frame_00149.tif msi_inputs/simulated_09/simulated_09_frame_00159.tif,gt_outputs/simulated_09/simulated_09_gt_00089.png gt_outputs/simulated_09/simulated_09_gt_00099.png gt_outputs/simulated_09/simulated_09_gt_00109.png gt_outputs/simulated_09/simulated_09_gt_00119.png gt_outputs/simulated_09/simulated_09_gt_00129.png gt_outputs/simulated_09/simulated_09_gt_00139.png gt_outputs/simulated_09/simulated_09_gt_00149.png gt_outputs/simulated_09/simulated_09_gt_00159.png
546,msi_inputs/simulated_09/simulated_09_frame_00000.tif msi_inputs/simulated_09/simulated_09_frame_00010.tif msi_inputs/simulated_09/simulated_09_frame_00020.tif msi_inputs/simulated_09/simulated_09_frame_00030.tif msi_inputs/simulated_09/simulated_09_frame_00040.tif msi_inputs/simulated_09/simulated_09_frame_00050.tif msi_inputs/simulated_09/simulated_09_frame_00060.tif msi_inputs/simulated_09/simulated_09_frame_00070.tif,gt_outputs/simulated_09/simulated_09_gt_00000.png gt_outputs/simulated_09/simulated_09_gt_00010.png gt_outputs/simulated_09/simulated_09_gt_00020.png gt_outputs/simulated_09/simulated_09_gt_00030.png gt_outputs/simulated_09/simulated_09_gt_00040.png gt_outputs/simulated_09/simulated_09_gt_00050.png gt_outputs/simulated_09/simulated_09_gt_00060.png gt_outputs/simulated_09/simulated_09_gt_00070.png
547,msi_inputs/simulated_09/simulated_09_frame_00163.tif msi_inputs/simulated_09/simulated_09_frame_00168.tif msi_inputs/simulated_09/simulated_09_frame_00173.tif msi_inputs/simulated_09/simulated_09_frame_00178.tif msi_inputs/simulated_09/simulated_09_frame_00183.tif msi_inputs/simulated_09/simulated_09_frame_00188.tif msi_inputs/simulated_09/simulated_09_frame_00193.tif msi_inputs/simulated_09/simulated_09_frame_00198.tif,gt_outputs/simulated_09/simulated_09_gt_00163.png gt_outputs/simulated_09/simulated_09_gt_00168.png gt_outputs/simulated_09/simulated_09_gt_00173.png gt_outputs/simulated_09/simulated_09_gt_00178.png gt_outputs/simulated_09/simulated_09_gt_00183.png gt_outputs/simulated_09/simulated_09_gt_00188.png gt_outputs/simulated_09/simulated_09_gt_00193.png gt_outputs/simulated_09/simulated_09_gt_00198.png
548,msi_inputs/simulated_09/simulated_09_frame_00002.tif msi_inputs/simulated_09/simulated_09_frame_00007.tif msi_inputs/simulated_09/simulated_09_frame_00012.tif msi_inputs/simulated_09/simulated_09_frame_00017.tif msi_inputs/simulated_09/simulated_09_frame_00022.tif msi_inputs/simulated_09/simulated_09_frame_00027.tif msi_inputs/simulated_09/simulated_09_frame_00032.tif msi_inputs/simulated_09/simulated_09_frame_00037.tif,gt_outputs/simulated_09/simulated_09_gt_00002.png gt_outputs/simulated_09/simulated_09_gt_00007.png gt_outputs/simulated_09/simulated_09_gt_00012.png gt_outputs/simulated_09/simulated_09_gt_00017.png gt_outputs/simulated_09/simulated_09_gt_00022.png gt_outputs/simulated_09/simulated_09_gt_00027.png gt_outputs/simulated_09/simulated_09_gt_00032.png gt_outputs/simulated_09/simulated_09_gt_00037.png
549,msi_inputs/simulated_09/simulated_09_frame_00160.tif msi_inputs/simulated_09/simulated_09_frame_00165.tif msi_inputs/simulated_09/simulated_09_frame_00170.tif msi_inputs/simulated_09/simulated_09_frame_00175.tif msi_inputs/simulated_09/simulated_09_frame_00180.tif msi_inputs/simulated_09/simulated_09_frame_00185.tif msi_inputs/simulated_09/simulated_09_frame_00190.tif msi_inputs/simulated_09/simulated_09_frame_00195.tif,gt_outputs/simulated_09/simulated_09_gt_00160.png gt_outputs/simulated_09/simulated_09_gt_00165.png gt_outputs/simulated_09/simulated_09_gt_00170.png gt_outputs/simulated_09/simulated_09_gt_00175.png gt_outputs/simulated_09/simulated_09_gt_00180.png gt_outputs/simulated_09/simulated_09_gt_00185.png gt_outputs/simulated_09/simulated_09_gt_00190.png gt_outputs/simulated_09/simulated_09_gt_00195.png
550,msi_inputs/simulated_09/simulated_09_frame_00024.tif msi_inputs/simulated_09/simulated_09_frame_00049.tif msi_inputs/simulated_09/simulated_09_frame_00074.tif msi_inputs/simulated_09/simulated_09_frame_00099.tif msi_inputs/simulated_09/simulated_09_frame_00124.tif msi_inputs/simulated_09/simulated_09_frame_00149.tif msi_inputs/simulated_09/simulated_09_frame_00174.tif msi_inputs/simulated_09/simulated_09_frame_00199.tif,gt_outputs/simulated_09/simulated_09_gt_00024.png gt_outputs/simulated_09/simulated_09_gt_00049.png gt_outputs/simulated_09/simulated_09_gt_00074.png gt_outputs/simulated_09/simulated_09_gt_00099.png gt_outputs/simulated_09/simulated_09_gt_00124.png gt_outputs/simulated_09/simulated_09_gt_00149.png gt_outputs/simulated_09/simulated_09_gt_00174.png gt_outputs/simulated_09/simulated_09_gt_00199.png
551,msi_inputs/simulated_09/simulated_09_frame_00086.tif msi_inputs/simulated_09/simulated_09_frame_00096.tif msi_inputs/simulated_09/simulated_09_frame_00106.tif msi_inputs/simulated_09/simulated_09_frame_00116.tif msi_inputs/simulated_09/simulated_09_frame_00126.tif msi_inputs/simulated_09/simulated_09_frame_00136.tif msi_inputs/simulated_09/simulated_09_frame_00146.tif msi_inputs/simulated_09/simulated_09_frame_00156.tif,gt_outputs/simulated_09/simulated_09_gt_00086.png gt_outputs/simulated_09/simulated_09_gt_00096.png gt_outputs/simulated_09/simulated_09_gt_00106.png gt_outputs/simulated_09/simulated_09_gt_00116.png gt_outputs/simulated_09/simulated_09_gt_00126.png gt_outputs/simulated_09/simulated_09_gt_00136.png gt_outputs/simulated_09/simulated_09_gt_00146.png gt_outputs/simulated_09/simulated_09_gt_00156.png
552,msi_inputs/simulated_09/simulated_09_frame_00021.tif msi_inputs/simulated_09/simulated_09_frame_00046.tif msi_inputs/simulated_09/simulated_09_frame_00071.tif msi_inputs/simulated_09/simulated_09_frame_00096.tif msi_inputs/simulated_09/simulated_09_frame_00121.tif msi_inputs/simulated_09/simulated_09_frame_00146.tif msi_inputs/simulated_09/simulated_09_frame_00171.tif msi_inputs/simulated_09/simulated_09_frame_00196.tif,gt_outputs/simulated_09/simulated_09_gt_00021.png gt_outputs/simulated_09/simulated_09_gt_00046.png gt_outputs/simulated_09/simulated_09_gt_00071.png gt_outputs/simulated_09/simulated_09_gt_00096.png gt_outputs/simulated_09/simulated_09_gt_00121.png gt_outputs/simulated_09/simulated_09_gt_00146.png gt_outputs/simulated_09/simulated_09_gt_00171.png gt_outputs/simulated_09/simulated_09_gt_00196.png
553,msi_inputs/simulated_09/simulated_09_frame_00000.tif msi_inputs/simulated_09/simulated_09_frame_00001.tif msi_inputs/simulated_09/simulated_09_frame_00002.tif msi_inputs/simulated_09/simulated_09_frame_00003.tif msi_inputs/simulated_09/simulated_09_frame_00004.tif msi_inputs/simulated_09/simulated_09_frame_00005.tif msi_inputs/simulated_09/simulated_09_frame_00006.tif msi_inputs/simulated_09/simulated_09_frame_00007.tif,gt_outputs/simulated_09/simulated_09_gt_00000.png gt_outputs/simulated_09/simulated_09_gt_00001.png gt_outputs/simulated_09/simulated_09_gt_00002.png gt_outputs/simulated_09/simulated_09_gt_00003.png gt_outputs/simulated_09/simulated_09_gt_00004.png gt_outputs/simulated_09/simulated_09_gt_00005.png gt_outputs/simulated_09/simulated_09_gt_00006.png gt_outputs/simulated_09/simulated_09_gt_00007.png
554,msi_inputs/simulated_09/simulated_09_frame_00015.tif msi_inputs/simulated_09/simulated_09_frame_00040.tif msi_inputs/simulated_09/simulated_09_frame_00065.tif msi_inputs/simulated_09/simulated_09_frame_00090.tif msi_inputs/simulated_09/simulated_09_frame_00115.tif msi_inputs/simulated_09/simulated_09_frame_00140.tif msi_inputs/simulated_09/simulated_09_frame_00165.tif msi_inputs/simulated_09/simulated_09_frame_00190.tif,gt_outputs/simulated_09/simulated_09_gt_00015.png gt_outputs/simulated_09/simulated_09_gt_00040.png gt_outputs/simulated_09/simulated_09_gt_00065.png gt_outputs/simulated_09/simulated_09_gt_00090.png gt_outputs/simulated_09/simulated_09_gt_00115.png gt_outputs/simulated_09/simulated_09_gt_00140.png gt_outputs/simulated_09/simulated_09_gt_00165.png gt_outputs/simulated_09/simulated_09_gt_00190.png
555,msi_inputs/simulated_09/simulated_09_frame_00008.tif msi_inputs/simulated_09/simulated_09_frame_00033.tif msi_inputs/simulated_09/simulated_09_frame_00058.tif msi_inputs/simulated_09/simulated_09_frame_00083.tif msi_inputs/simulated_09/simulated_09_frame_00108.tif msi_inputs/simulated_09/simulated_09_frame_00133.tif msi_inputs/simulated_09/simulated_09_frame_00158.tif msi_inputs/simulated_09/simulated_09_frame_00183.tif,gt_outputs/simulated_09/simulated_09_gt_00008.png gt_outputs/simulated_09/simulated_09_gt_00033.png gt_outputs/simulated_09/simulated_09_gt_00058.png gt_outputs/simulated_09/simulated_09_gt_00083.png gt_outputs/simulated_09/simulated_09_gt_00108.png gt_outputs/simulated_09/simulated_09_gt_00133.png gt_outputs/simulated_09/simulated_09_gt_00158.png gt_outputs/simulated_09/simulated_09_gt_00183.png
556,msi_inputs/simulated_09/simulated_09_frame_00007.tif msi_inputs/simulated_09/simulated_09_frame_00032.tif msi_inputs/simulated_09/simulated_09_frame_00057.tif msi_inputs/simulated_09/simulated_09_frame_00082.tif msi_inputs/simulated_09/simulated_09_frame_00107.tif msi_inputs/simulated_09/simulated_09_frame_00132.tif msi_inputs/simulated_09/simulated_09_frame_00157.tif msi_inputs/simulated_09/simulated_09_frame_00182.tif,gt_outputs/simulated_09/simulated_09_gt_00007.png gt_outputs/simulated_09/simulated_09_gt_00032.png gt_outputs/simulated_09/simulated_09_gt_00057.png gt_outputs/simulated_09/simulated_09_gt_00082.png gt_outputs/simulated_09/simulated_09_gt_00107.png gt_outputs/simulated_09/simulated_09_gt_00132.png gt_outputs/simulated_09/simulated_09_gt_00157.png gt_outputs/simulated_09/simulated_09_gt_00182.png
557,msi_inputs/simulated_09/simulated_09_frame_00002.tif msi_inputs/simulated_09/simulated_09_frame_00027.tif msi_inputs/simulated_09/simulated_09_frame_00052.tif msi_inputs/simulated_09/simulated_09_frame_00077.tif msi_inputs/simulated_09/simulated_09_frame_00102.tif msi_inputs/simulated_09/simulated_09_frame_00127.tif msi_inputs/simulated_09/simulated_09_frame_00152.tif msi_inputs/simulated_09/simulated_09_frame_00177.tif,gt_outputs/simulated_09/simulated_09_gt_00002.png gt_outputs/simulated_09/simulated_09_gt_00027.png gt_outputs/simulated_09/simulated_09_gt_00052.png gt_outputs/simulated_09/simulated_09_gt_00077.png gt_outputs/simulated_09/simulated_09_gt_00102.png gt_outputs/simulated_09/simulated_09_gt_00127.png gt_outputs/simulated_09/simulated_09_gt_00152.png gt_outputs/simulated_09/simulated_09_gt_00177.png
558,msi_inputs/simulated_09/simulated_09_frame_00001.tif msi_inputs/simulated_09/simulated_09_frame_00026.tif msi_inputs/simulated_09/simulated_09_frame_00051.tif msi_inputs/simulated_09/simulated_09_frame_00076.tif msi_inputs/simulated_09/simulated_09_frame_00101.tif msi_inputs/simulated_09/simulated_09_frame_00126.tif msi_inputs/simulated_09/simulated_09_frame_00151.tif msi_inputs/simulated_09/simulated_09_frame_00176.tif,gt_outputs/simulated_09/simulated_09_gt_00001.png gt_outputs/simulated_09/simulated_09_gt_00026.png gt_outputs/simulated_09/simulated_09_gt_00051.png gt_outputs/simulated_09/simulated_09_gt_00076.png gt_outputs/simulated_09/simulated_09_gt_00101.png gt_outputs/simulated_09/simulated_09_gt_00126.png gt_outputs/simulated_09/simulated_09_gt_00151.png gt_outputs/simulated_09/simulated_09_gt_00176.png
559,msi_inputs/simulated_09/simulated_09_frame_00023.tif msi_inputs/simulated_09/simulated_09_frame_00048.tif msi_inputs/simulated_09/simulated_09_frame_00073.tif msi_inputs/simulated_09/simulated_09_frame_00098.tif msi_inputs/simulated_09/simulated_09_frame_00123.tif msi_inputs/simulated_09/simulated_09_frame_00148.tif msi_inputs/simulated_09/simulated_09_frame_00173.tif msi_inputs/simulated_09/simulated_09_frame_00198.tif,gt_outputs/simulated_09/simulated_09_gt_00023.png gt_outputs/simulated_09/simulated_09_gt_00048.png gt_outputs/simulated_09/simulated_09_gt_00073.png gt_outputs/simulated_09/simulated_09_gt_00098.png gt_outputs/simulated_09/simulated_09_gt_00123.png gt_outputs/simulated_09/simulated_09_gt_00148.png gt_outputs/simulated_09/simulated_09_gt_00173.png gt_outputs/simulated_09/simulated_09_gt_00198.png
560,msi_inputs/simulated_09/simulated_09_frame_00161.tif msi_inputs/simulated_09/simulated_09_frame_00166.tif msi_inputs/simulated_09/simulated_09_frame_00171.tif msi_inputs/simulated_09/simulated_09_frame_00176.tif msi_inputs/simulated_09/simulated_09_frame_00181.tif msi_inputs/simulated_09/simulated_09_frame_00186.tif msi_inputs/simulated_09/simulated_09_frame_00191.tif msi_inputs/simulated_09/simulated_09_frame_00196.tif,gt_outputs/simulated_09/simulated_09_gt_00161.png gt_outputs/simulated_09/simulated_09_gt_00166.png gt_outputs/simulated_09/simulated_09_gt_00171.png gt_outputs/simulated_09/simulated_09_gt_00176.png gt_outputs/simulated_09/simulated_09_gt_00181.png gt_outputs/simulated_09/simulated_09_gt_00186.png gt_outputs/simulated_09/simulated_09_gt_00191.png gt_outputs/simulated_09/simulated_09_gt_00196.png
561,msi_inputs/simulated_09/simulated_09_frame_00168.tif msi_inputs/simulated_09/simulated_09_frame_00169.tif msi_inputs/simulated_09/simulated_09_frame_00170.tif msi_inputs/simulated_09/simulated_09_frame_00171.tif msi_inputs/simulated_09/simulated_09_frame_00172.tif msi_inputs/simulated_09/simulated_09_frame_00173.tif msi_inputs/simulated_09/simulated_09_frame_00174.tif msi_inputs/simulated_09/simulated_09_frame_00175.tif,gt_outputs/simulated_09/simulated_09_gt_00168.png gt_outputs/simulated_09/simulated_09_gt_00169.png gt_outputs/simulated_09/simulated_09_gt_00170.png gt_outputs/simulated_09/simulated_09_gt_00171.png gt_outputs/simulated_09/simulated_09_gt_00172.png gt_outputs/simulated_09/simulated_09_gt_00173.png gt_outputs/simulated_09/simulated_09_gt_00174.png gt_outputs/simulated_09/simulated_09_gt_00175.png
562,msi_inputs/simulated_09/simulated_09_frame_00083.tif msi_inputs/simulated_09/simulated_09_frame_00093.tif msi_inputs/simulated_09/simulated_09_frame_00103.tif msi_inputs/simulated_09/simulated_09_frame_00113.tif msi_inputs/simulated_09/simulated_09_frame_00123.tif msi_inputs/simulated_09/simulated_09_frame_00133.tif msi_inputs/simulated_09/simulated_09_frame_00143.tif msi_inputs/simulated_09/simulated_09_frame_00153.tif,gt_outputs/simulated_09/simulated_09_gt_00083.png gt_outputs/simulated_09/simulated_09_gt_00093.png gt_outputs/simulated_09/simulated_09_gt_00103.png gt_outputs/simulated_09/simulated_09_gt_00113.png gt_outputs/simulated_09/simulated_09_gt_00123.png gt_outputs/simulated_09/simulated_09_gt_00133.png gt_outputs/simulated_09/simulated_09_gt_00143.png gt_outputs/simulated_09/simulated_09_gt_00153.png
563,msi_inputs/simulated_09/simulated_09_frame_00081.tif msi_inputs/simulated_09/simulated_09_frame_00086.tif msi_inputs/simulated_09/simulated_09_frame_00091.tif msi_inputs/simulated_09/simulated_09_frame_00096.tif msi_inputs/simulated_09/simulated_09_frame_00101.tif msi_inputs/simulated_09/simulated_09_frame_00106.tif msi_inputs/simulated_09/simulated_09_frame_00111.tif msi_inputs/simulated_09/simulated_09_frame_00116.tif,gt_outputs/simulated_09/simulated_09_gt_00081.png gt_outputs/simulated_09/simulated_09_gt_00086.png gt_outputs/simulated_09/simulated_09_gt_00091.png gt_outputs/simulated_09/simulated_09_gt_00096.png gt_outputs/simulated_09/simulated_09_gt_00101.png gt_outputs/simulated_09/simulated_09_gt_00106.png gt_outputs/simulated_09/simulated_09_gt_00111.png gt_outputs/simulated_09/simulated_09_gt_00116.png
564,msi_inputs/simulated_09/simulated_09_frame_00192.tif msi_inputs/simulated_09/simulated_09_frame_00193.tif msi_inputs/simulated_09/simulated_09_frame_00194.tif msi_inputs/simulated_09/simulated_09_frame_00195.tif msi_inputs/simulated_09/simulated_09_frame_00196.tif msi_inputs/simulated_09/simulated_09_frame_00197.tif msi_inputs/simulated_09/simulated_09_frame_00198.tif msi_inputs/simulated_09/simulated_09_frame_00199.tif,gt_outputs/simulated_09/simulated_09_gt_00192.png gt_outputs/simulated_09/simulated_09_gt_00193.png gt_outputs/simulated_09/simulated_09_gt_00194.png gt_outputs/simulated_09/simulated_09_gt_00195.png gt_outputs/simulated_09/simulated_09_gt_00196.png gt_outputs/simulated_09/simulated_09_gt_00197.png gt_outputs/simulated_09/simulated_09_gt_00198.png gt_outputs/simulated_09/simulated_09_gt_00199.png
565,msi_inputs/simulated_09/simulated_09_frame_00024.tif msi_inputs/simulated_09/simulated_09_frame_00025.tif msi_inputs/simulated_09/simulated_09_frame_00026.tif msi_inputs/simulated_09/simulated_09_frame_00027.tif msi_inputs/simulated_09/simulated_09_frame_00028.tif msi_inputs/simulated_09/simulated_09_frame_00029.tif msi_inputs/simulated_09/simulated_09_frame_00030.tif msi_inputs/simulated_09/simulated_09_frame_00031.tif,gt_outputs/simulated_09/simulated_09_gt_00024.png gt_outputs/simulated_09/simulated_09_gt_00025.png gt_outputs/simulated_09/simulated_09_gt_00026.png gt_outputs/simulated_09/simulated_09_gt_00027.png gt_outputs/simulated_09/simulated_09_gt_00028.png gt_outputs/simulated_09/simulated_09_gt_00029.png gt_outputs/simulated_09/simulated_09_gt_00030.png gt_outputs/simulated_09/simulated_09_gt_00031.png
566,msi_inputs/simulated_09/simulated_09_frame_00122.tif msi_inputs/simulated_09/simulated_09_frame_00127.tif msi_inputs/simulated_09/simulated_09_frame_00132.tif msi_inputs/simulated_09/simulated_09_frame_00137.tif msi_inputs/simulated_09/simulated_09_frame_00142.tif msi_inputs/simulated_09/simulated_09_frame_00147.tif msi_inputs/simulated_09/simulated_09_frame_00152.tif msi_inputs/simulated_09/simulated_09_frame_00157.tif,gt_outputs/simulated_09/simulated_09_gt_00122.png gt_outputs/simulated_09/simulated_09_gt_00127.png gt_outputs/simulated_09/simulated_09_gt_00132.png gt_outputs/simulated_09/simulated_09_gt_00137.png gt_outputs/simulated_09/simulated_09_gt_00142.png gt_outputs/simulated_09/simulated_09_gt_00147.png gt_outputs/simulated_09/simulated_09_gt_00152.png gt_outputs/simulated_09/simulated_09_gt_00157.png
567,msi_inputs/simulated_09/simulated_09_frame_00040.tif msi_inputs/simulated_09/simulated_09_frame_00041.tif msi_inputs/simulated_09/simulated_09_frame_00042.tif msi_inputs/simulated_09/simulated_09_frame_00043.tif msi_inputs/simulated_09/simulated_09_frame_00044.tif msi_inputs/simulated_09/simulated_09_frame_00045.tif msi_inputs/simulated_09/simulated_09_frame_00046.tif msi_inputs/simulated_09/simulated_09_frame_00047.tif,gt_outputs/simulated_09/simulated_09_gt_00040.png gt_outputs/simulated_09/simulated_09_gt_00041.png gt_outputs/simulated_09/simulated_09_gt_00042.png gt_outputs/simulated_09/simulated_09_gt_00043.png gt_outputs/simulated_09/simulated_09_gt_00044.png gt_outputs/simulated_09/simulated_09_gt_00045.png gt_outputs/simulated_09/simulated_09_gt_00046.png gt_outputs/simulated_09/simulated_09_gt_00047.png
568,msi_inputs/simulated_09/simulated_09_frame_00080.tif msi_inputs/simulated_09/simulated_09_frame_00085.tif msi_inputs/simulated_09/simulated_09_frame_00090.tif msi_inputs/simulated_09/simulated_09_frame_00095.tif msi_inputs/simulated_09/simulated_09_frame_00100.tif msi_inputs/simulated_09/simulated_09_frame_00105.tif msi_inputs/simulated_09/simulated_09_frame_00110.tif msi_inputs/simulated_09/simulated_09_frame_00115.tif,gt_outputs/simulated_09/simulated_09_gt_00080.png gt_outputs/simulated_09/simulated_09_gt_00085.png gt_outputs/simulated_09/simulated_09_gt_00090.png gt_outputs/simulated_09/simulated_09_gt_00095.png gt_outputs/simulated_09/simulated_09_gt_00100.png gt_outputs/simulated_09/simulated_09_gt_00105.png gt_outputs/simulated_09/simulated_09_gt_00110.png gt_outputs/simulated_09/simulated_09_gt_00115.png
569,msi_inputs/simulated_09/simulated_09_frame_00007.tif msi_inputs/simulated_09/simulated_09_frame_00017.tif msi_inputs/simulated_09/simulated_09_frame_00027.tif msi_inputs/simulated_09/simulated_09_frame_00037.tif msi_inputs/simulated_09/simulated_09_frame_00047.tif msi_inputs/simulated_09/simulated_09_frame_00057.tif msi_inputs/simulated_09/simulated_09_frame_00067.tif msi_inputs/simulated_09/simulated_09_frame_00077.tif,gt_outputs/simulated_09/simulated_09_gt_00007.png gt_outputs/simulated_09/simulated_09_gt_00017.png gt_outputs/simulated_09/simulated_09_gt_00027.png gt_outputs/simulated_09/simulated_09_gt_00037.png gt_outputs/simulated_09/simulated_09_gt_00047.png gt_outputs/simulated_09/simulated_09_gt_00057.png gt_outputs/simulated_09/simulated_09_gt_00067.png gt_outputs/simulated_09/simulated_09_gt_00077.png
570,msi_inputs/simulated_09/simulated_09_frame_00048.tif msi_inputs/simulated_09/simulated_09_frame_00049.tif msi_inputs/simulated_09/simulated_09_frame_00050.tif msi_inputs/simulated_09/simulated_09_frame_00051.tif msi_inputs/simulated_09/simulated_09_frame_00052.tif msi_inputs/simulated_09/simulated_09_frame_00053.tif msi_inputs/simulated_09/simulated_09_frame_00054.tif msi_inputs/simulated_09/simulated_09_frame_00055.tif,gt_outputs/simulated_09/simulated_09_gt_00048.png gt_outputs/simulated_09/simulated_09_gt_00049.png gt_outputs/simulated_09/simulated_09_gt_00050.png gt_outputs/simulated_09/simulated_09_gt_00051.png gt_outputs/simulated_09/simulated_09_gt_00052.png gt_outputs/simulated_09/simulated_09_gt_00053.png gt_outputs/simulated_09/simulated_09_gt_00054.png gt_outputs/simulated_09/simulated_09_gt_00055.png
571,msi_inputs/simulated_09/simulated_09_frame_00120.tif msi_inputs/simulated_09/simulated_09_frame_00125.tif msi_inputs/simulated_09/simulated_09_frame_00130.tif msi_inputs/simulated_09/simulated_09_frame_00135.tif msi_inputs/simulated_09/simulated_09_frame_00140.tif msi_inputs/simulated_09/simulated_09_frame_00145.tif msi_inputs/simulated_09/simulated_09_frame_00150.tif msi_inputs/simulated_09/simulated_09_frame_00155.tif,gt_outputs/simulated_09/simulated_09_gt_00120.png gt_outputs/simulated_09/simulated_09_gt_00125.png gt_outputs/simulated_09/simulated_09_gt_00130.png gt_outputs/simulated_09/simulated_09_gt_00135.png gt_outputs/simulated_09/simulated_09_gt_00140.png gt_outputs/simulated_09/simulated_09_gt_00145.png gt_outputs/simulated_09/simulated_09_gt_00150.png gt_outputs/simulated_09/simulated_09_gt_00155.png
572,msi_inputs/simulated_09/simulated_09_frame_00004.tif msi_inputs/simulated_09/simulated_09_frame_00029.tif msi_inputs/simulated_09/simulated_09_frame_00054.tif msi_inputs/simulated_09/simulated_09_frame_00079.tif msi_inputs/simulated_09/simulated_09_frame_00104.tif msi_inputs/simulated_09/simulated_09_frame_00129.tif msi_inputs/simulated_09/simulated_09_frame_00154.tif msi_inputs/simulated_09/simulated_09_frame_00179.tif,gt_outputs/simulated_09/simulated_09_gt_00004.png gt_outputs/simulated_09/simulated_09_gt_00029.png gt_outputs/simulated_09/simulated_09_gt_00054.png gt_outputs/simulated_09/simulated_09_gt_00079.png gt_outputs/simulated_09/simulated_09_gt_00104.png gt_outputs/simulated_09/simulated_09_gt_00129.png gt_outputs/simulated_09/simulated_09_gt_00154.png gt_outputs/simulated_09/simulated_09_gt_00179.png
573,msi_inputs/simulated_09/simulated_09_frame_00043.tif msi_inputs/simulated_09/simulated_09_frame_00048.tif msi_inputs/simulated_09/simulated_09_frame_00053.tif msi_inputs/simulated_09/simulated_09_frame_00058.tif msi_inputs/simulated_09/simulated_09_frame_00063.tif msi_inputs/simulated_09/simulated_09_frame_00068.tif msi_inputs/simulated_09/simulated_09_frame_00073.tif msi_inputs/simulated_09/simulated_09_frame_00078.tif,gt_outputs/simulated_09/simulated_09_gt_00043.png gt_outputs/simulated_09/simulated_09_gt_00048.png gt_outputs/simulated_09/simulated_09_gt_00053.png gt_outputs/simulated_09/simulated_09_gt_00058.png gt_outputs/simulated_09/simulated_09_gt_00063.png gt_outputs/simulated_09/simulated_09_gt_00068.png gt_outputs/simulated_09/simulated_09_gt_00073.png gt_outputs/simulated_09/simulated_09_gt_00078.png
574,msi_inputs/simulated_09/simulated_09_frame_00013.tif msi_inputs/simulated_09/simulated_09_frame_00038.tif msi_inputs/simulated_09/simulated_09_frame_00063.tif msi_inputs/simulated_09/simulated_09_frame_00088.tif msi_inputs/simulated_09/simulated_09_frame_00113.tif msi_inputs/simulated_09/simulated_09_frame_00138.tif msi_inputs/simulated_09/simulated_09_frame_00163.tif msi_inputs/simulated_09/simulated_09_frame_00188.tif,gt_outputs/simulated_09/simulated_09_gt_00013.png gt_outputs/simulated_09/simulated_09_gt_00038.png gt_outputs/simulated_09/simulated_09_gt_00063.png gt_outputs/simulated_09/simulated_09_gt_00088.png gt_outputs/simulated_09/simulated_09_gt_00113.png gt_outputs/simulated_09/simulated_09_gt_00138.png gt_outputs/simulated_09/simulated_09_gt_00163.png gt_outputs/simulated_09/simulated_09_gt_00188.png
575,msi_inputs/simulated_09/simulated_09_frame_00022.tif msi_inputs/simulated_09/simulated_09_frame_00047.tif msi_inputs/simulated_09/simulated_09_frame_00072.tif msi_inputs/simulated_09/simulated_09_frame_00097.tif msi_inputs/simulated_09/simulated_09_frame_00122.tif msi_inputs/simulated_09/simulated_09_frame_00147.tif msi_inputs/simulated_09/simulated_09_frame_00172.tif msi_inputs/simulated_09/simulated_09_frame_00197.tif,gt_outputs/simulated_09/simulated_09_gt_00022.png gt_outputs/simulated_09/simulated_09_gt_00047.png gt_outputs/simulated_09/simulated_09_gt_00072.png gt_outputs/simulated_09/simulated_09_gt_00097.png gt_outputs/simulated_09/simulated_09_gt_00122.png gt_outputs/simulated_09/simulated_09_gt_00147.png gt_outputs/simulated_09/simulated_09_gt_00172.png gt_outputs/simulated_09/simulated_09_gt_00197.png
576,msi_inputs/simulated_09/simulated_09_frame_00014.tif msi_inputs/simulated_09/simulated_09_frame_00039.tif msi_inputs/simulated_09/simulated_09_frame_00064.tif msi_inputs/simulated_09/simulated_09_frame_00089.tif msi_inputs/simulated_09/simulated_09_frame_00114.tif msi_inputs/simulated_09/simulated_09_frame_00139.tif msi_inputs/simulated_09/simulated_09_frame_00164.tif msi_inputs/simulated_09/simulated_09_frame_00189.tif,gt_outputs/simulated_09/simulated_09_gt_00014.png gt_outputs/simulated_09/simulated_09_gt_00039.png gt_outputs/simulated_09/simulated_09_gt_00064.png gt_outputs/simulated_09/simulated_09_gt_00089.png gt_outputs/simulated_09/simulated_09_gt_00114.png gt_outputs/simulated_09/simulated_09_gt_00139.png gt_outputs/simulated_09/simulated_09_gt_00164.png gt_outputs/simulated_09/simulated_09_gt_00189.png
577,msi_inputs/simulated_09/simulated_09_frame_00008.tif msi_inputs/simulated_09/simulated_09_frame_00009.tif msi_inputs/simulated_09/simulated_09_frame_00010.tif msi_inputs/simulated_09/simulated_09_frame_00011.tif msi_inputs/simulated_09/simulated_09_frame_00012.tif msi_inputs/simulated_09/simulated_09_frame_00013.tif msi_inputs/simulated_09/simulated_09_frame_00014.tif msi_inputs/simulated_09/simulated_09_frame_00015.tif,gt_outputs/simulated_09/simulated_09_gt_00008.png gt_outputs/simulated_09/simulated_09_gt_00009.png gt_outputs/simulated_09/simulated_09_gt_00010.png gt_outputs/simulated_09/simulated_09_gt_00011.png gt_outputs/simulated_09/simulated_09_gt_00012.png gt_outputs/simulated_09/simulated_09_gt_00013.png gt_outputs/simulated_09/simulated_09_gt_00014.png gt_outputs/simulated_09/simulated_09_gt_00015.png
578,msi_inputs/simulated_09/simulated_09_frame_00064.tif msi_inputs/simulated_09/simulated_09_frame_00065.tif msi_inputs/simulated_09/simulated_09_frame_00066.tif msi_inputs/simulated_09/simulated_09_frame_00067.tif msi_inputs/simulated_09/simulated_09_frame_00068.tif msi_inputs/simulated_09/simulated_09_frame_00069.tif msi_inputs/simulated_09/simulated_09_frame_00070.tif msi_inputs/simulated_09/simulated_09_frame_00071.tif,gt_outputs/simulated_09/simulated_09_gt_00064.png gt_outputs/simulated_09/simulated_09_gt_00065.png gt_outputs/simulated_09/simulated_09_gt_00066.png gt_outputs/simulated_09/simulated_09_gt_00067.png gt_outputs/simulated_09/simulated_09_gt_00068.png gt_outputs/simulated_09/simulated_09_gt_00069.png gt_outputs/simulated_09/simulated_09_gt_00070.png gt_outputs/simulated_09/simulated_09_gt_00071.png
579,msi_inputs/simulated_09/simulated_09_frame_00004.tif msi_inputs/simulated_09/simulated_09_frame_00014.tif msi_inputs/simulated_09/simulated_09_frame_00024.tif msi_inputs/simulated_09/simulated_09_frame_00034.tif msi_inputs/simulated_09/simulated_09_frame_00044.tif msi_inputs/simulated_09/simulated_09_frame_00054.tif msi_inputs/simulated_09/simulated_09_frame_00064.tif msi_inputs/simulated_09/simulated_09_frame_00074.tif,gt_outputs/simulated_09/simulated_09_gt_00004.png gt_outputs/simulated_09/simulated_09_gt_00014.png gt_outputs/simulated_09/simulated_09_gt_00024.png gt_outputs/simulated_09/simulated_09_gt_00034.png gt_outputs/simulated_09/simulated_09_gt_00044.png gt_outputs/simulated_09/simulated_09_gt_00054.png gt_outputs/simulated_09/simulated_09_gt_00064.png gt_outputs/simulated_09/simulated_09_gt_00074.png
580,msi_inputs/simulated_09/simulated_09_frame_00005.tif msi_inputs/simulated_09/simulated_09_frame_00015.tif msi_inputs/simulated_09/simulated_09_frame_00025.tif msi_inputs/simulated_09/simulated_09_frame_00035.tif msi_inputs/simulated_09/simulated_09_frame_00045.tif msi_inputs/simulated_09/simulated_09_frame_00055.tif msi_inputs/simulated_09/simulated_09_frame_00065.tif msi_inputs/simulated_09/simulated_09_frame_00075.tif,gt_outputs/simulated_09/simulated_09_gt_00005.png gt_outputs/simulated_09/simulated_09_gt_00015.png gt_outputs/simulated_09/simulated_09_gt_00025.png gt_outputs/simulated_09/simulated_09_gt_00035.png gt_outputs/simulated_09/simulated_09_gt_00045.png gt_outputs/simulated_09/simulated_09_gt_00055.png gt_outputs/simulated_09/simulated_09_gt_00065.png gt_outputs/simulated_09/simulated_09_gt_00075.png
581,msi_inputs/simulated_09/simulated_09_frame_00128.tif msi_inputs/simulated_09/simulated_09_frame_00129.tif msi_inputs/simulated_09/simulated_09_frame_00130.tif msi_inputs/simulated_09/simulated_09_frame_00131.tif msi_inputs/simulated_09/simulated_09_frame_00132.tif msi_inputs/simulated_09/simulated_09_frame_00133.tif msi_inputs/simulated_09/simulated_09_frame_00134.tif msi_inputs/simulated_09/simulated_09_frame_00135.tif,gt_outputs/simulated_09/simulated_09_gt_00128.png gt_outputs/simulated_09/simulated_09_gt_00129.png gt_outputs/simulated_09/simulated_09_gt_00130.png gt_outputs/simulated_09/simulated_09_gt_00131.png gt_outputs/simulated_09/simulated_09_gt_00132.png gt_outputs/simulated_09/simulated_09_gt_00133.png gt_outputs/simulated_09/simulated_09_gt_00134.png gt_outputs/simulated_09/simulated_09_gt_00135.png
582,msi_inputs/simulated_09/simulated_09_frame_00018.tif msi_inputs/simulated_09/simulated_09_frame_00043.tif msi_inputs/simulated_09/simulated_09_frame_00068.tif msi_inputs/simulated_09/simulated_09_frame_00093.tif msi_inputs/simulated_09/simulated_09_frame_00118.tif msi_inputs/simulated_09/simulated_09_frame_00143.tif msi_inputs/simulated_09/simulated_09_frame_00168.tif msi_inputs/simulated_09/simulated_09_frame_00193.tif,gt_outputs/simulated_09/simulated_09_gt_00018.png gt_outputs/simulated_09/simulated_09_gt_00043.png gt_outputs/simulated_09/simulated_09_gt_00068.png gt_outputs/simulated_09/simulated_09_gt_00093.png gt_outputs/simulated_09/simulated_09_gt_00118.png gt_outputs/simulated_09/simulated_09_gt_00143.png gt_outputs/simulated_09/simulated_09_gt_00168.png gt_outputs/simulated_09/simulated_09_gt_00193.png
583,msi_inputs/simulated_09/simulated_09_frame_00006.tif msi_inputs/simulated_09/simulated_09_frame_00016.tif msi_inputs/simulated_09/simulated_09_frame_00026.tif msi_inputs/simulated_09/simulated_09_frame_00036.tif msi_inputs/simulated_09/simulated_09_frame_00046.tif msi_inputs/simulated_09/simulated_09_frame_00056.tif msi_inputs/simulated_09/simulated_09_frame_00066.tif msi_inputs/simulated_09/simulated_09_frame_00076.tif,gt_outputs/simulated_09/simulated_09_gt_00006.png gt_outputs/simulated_09/simulated_09_gt_00016.png gt_outputs/simulated_09/simulated_09_gt_00026.png gt_outputs/simulated_09/simulated_09_gt_00036.png gt_outputs/simulated_09/simulated_09_gt_00046.png gt_outputs/simulated_09/simulated_09_gt_00056.png gt_outputs/simulated_09/simulated_09_gt_00066.png gt_outputs/simulated_09/simulated_09_gt_00076.png
584,msi_inputs/simulated_09/simulated_09_frame_00136.tif msi_inputs/simulated_09/simulated_09_frame_00137.tif msi_inputs/simulated_09/simulated_09_frame_00138.tif msi_inputs/simulated_09/simulated_09_frame_00139.tif msi_inputs/simulated_09/simulated_09_frame_00140.tif msi_inputs/simulated_09/simulated_09_frame_00141.tif msi_inputs/simulated_09/simulated_09_frame_00142.tif msi_inputs/simulated_09/simulated_09_frame_00143.tif,gt_outputs/simulated_09/simulated_09_gt_00136.png gt_outputs/simulated_09/simulated_09_gt_00137.png gt_outputs/simulated_09/simulated_09_gt_00138.png gt_outputs/simulated_09/simulated_09_gt_00139.png gt_outputs/simulated_09/simulated_09_gt_00140.png gt_outputs/simulated_09/simulated_09_gt_00141.png gt_outputs/simulated_09/simulated_09_gt_00142.png gt_outputs/simulated_09/simulated_09_gt_00143.png
585,msi_inputs/simulated_09/simulated_09_frame_00003.tif msi_inputs/simulated_09/simulated_09_frame_00008.tif msi_inputs/simulated_09/simulated_09_frame_00013.tif msi_inputs/simulated_09/simulated_09_frame_00018.tif msi_inputs/simulated_09/simulated_09_frame_00023.tif msi_inputs/simulated_09/simulated_09_frame_00028.tif msi_inputs/simulated_09/simulated_09_frame_00033.tif msi_inputs/simulated_09/simulated_09_frame_00038.tif,gt_outputs/simulated_09/simulated_09_gt_00003.png gt_outputs/simulated_09/simulated_09_gt_00008.png gt_outputs/simulated_09/simulated_09_gt_00013.png gt_outputs/simulated_09/simulated_09_gt_00018.png gt_outputs/simulated_09/simulated_09_gt_00023.png gt_outputs/simulated_09/simulated_09_gt_00028.png gt_outputs/simulated_09/simulated_09_gt_00033.png gt_outputs/simulated_09/simulated_09_gt_00038.png
586,msi_inputs/simulated_09/simulated_09_frame_00017.tif msi_inputs/simulated_09/simulated_09_frame_00042.tif msi_inputs/simulated_09/simulated_09_frame_00067.tif msi_inputs/simulated_09/simulated_09_frame_00092.tif msi_inputs/simulated_09/simulated_09_frame_00117.tif msi_inputs/simulated_09/simulated_09_frame_00142.tif msi_inputs/simulated_09/simulated_09_frame_00167.tif msi_inputs/simulated_09/simulated_09_frame_00192.tif,gt_outputs/simulated_09/simulated_09_gt_00017.png gt_outputs/simulated_09/simulated_09_gt_00042.png gt_outputs/simulated_09/simulated_09_gt_00067.png gt_outputs/simulated_09/simulated_09_gt_00092.png gt_outputs/simulated_09/simulated_09_gt_00117.png gt_outputs/simulated_09/simulated_09_gt_00142.png gt_outputs/simulated_09/simulated_09_gt_00167.png gt_outputs/simulated_09/simulated_09_gt_00192.png
587,msi_inputs/simulated_09/simulated_09_frame_00144.tif msi_inputs/simulated_09/simulated_09_frame_00145.tif msi_inputs/simulated_09/simulated_09_frame_00146.tif msi_inputs/simulated_09/simulated_09_frame_00147.tif msi_inputs/simulated_09/simulated_09_frame_00148.tif msi_inputs/simulated_09/simulated_09_frame_00149.tif msi_inputs/simulated_09/simulated_09_frame_00150.tif msi_inputs/simulated_09/simulated_09_frame_00151.tif,gt_outputs/simulated_09/simulated_09_gt_00144.png gt_outputs/simulated_09/simulated_09_gt_00145.png gt_outputs/simulated_09/simulated_09_gt_00146.png gt_outputs/simulated_09/simulated_09_gt_00147.png gt_outputs/simulated_09/simulated_09_gt_00148.png gt_outputs/simulated_09/simulated_09_gt_00149.png gt_outputs/simulated_09/simulated_09_gt_00150.png gt_outputs/simulated_09/simulated_09_gt_00151.png
588,msi_inputs/simulated_09/simulated_09_frame_00096.tif msi_inputs/simulated_09/simulated_09_frame_00097.tif msi_inputs/simulated_09/simulated_09_frame_00098.tif msi_inputs/simulated_09/simulated_09_frame_00099.tif msi_inputs/simulated_09/simulated_09_frame_00100.tif msi_inputs/simulated_09/simulated_09_frame_00101.tif msi_inputs/simulated_09/simulated_09_frame_00102.tif msi_inputs/simulated_09/simulated_09_frame_00103.tif,gt_outputs/simulated_09/simulated_09_gt_00096.png gt_outputs/simulated_09/simulated_09_gt_00097.png gt_outputs/simulated_09/simulated_09_gt_00098.png gt_outputs/simulated_09/simulated_09_gt_00099.png gt_outputs/simulated_09/simulated_09_gt_00100.png gt_outputs/simulated_09/simulated_09_gt_00101.png gt_outputs/simulated_09/simulated_09_gt_00102.png gt_outputs/simulated_09/simulated_09_gt_00103.png
589,msi_inputs/simulated_09/simulated_09_frame_00082.tif msi_inputs/simulated_09/simulated_09_frame_00087.tif msi_inputs/simulated_09/simulated_09_frame_00092.tif msi_inputs/simulated_09/simulated_09_frame_00097.tif msi_inputs/simulated_09/simulated_09_frame_00102.tif msi_inputs/simulated_09/simulated_09_frame_00107.tif msi_inputs/simulated_09/simulated_09_frame_00112.tif msi_inputs/simulated_09/simulated_09_frame_00117.tif,gt_outputs/simulated_09/simulated_09_gt_00082.png gt_outputs/simulated_09/simulated_09_gt_00087.png gt_outputs/simulated_09/simulated_09_gt_00092.png gt_outputs/simulated_09/simulated_09_gt_00097.png gt_outputs/simulated_09/simulated_09_gt_00102.png gt_outputs/simulated_09/simulated_09_gt_00107.png gt_outputs/simulated_09/simulated_09_gt_00112.png gt_outputs/simulated_09/simulated_09_gt_00117.png
590,msi_inputs/simulated_09/simulated_09_frame_00160.tif msi_inputs/simulated_09/simulated_09_frame_00161.tif msi_inputs/simulated_09/simulated_09_frame_00162.tif msi_inputs/simulated_09/simulated_09_frame_00163.tif msi_inputs/simulated_09/simulated_09_frame_00164.tif msi_inputs/simulated_09/simulated_09_frame_00165.tif msi_inputs/simulated_09/simulated_09_frame_00166.tif msi_inputs/simulated_09/simulated_09_frame_00167.tif,gt_outputs/simulated_09/simulated_09_gt_00160.png gt_outputs/simulated_09/simulated_09_gt_00161.png gt_outputs/simulated_09/simulated_09_gt_00162.png gt_outputs/simulated_09/simulated_09_gt_00163.png gt_outputs/simulated_09/simulated_09_gt_00164.png gt_outputs/simulated_09/simulated_09_gt_00165.png gt_outputs/simulated_09/simulated_09_gt_00166.png gt_outputs/simulated_09/simulated_09_gt_00167.png
591,msi_inputs/simulated_09/simulated_09_frame_00176.tif msi_inputs/simulated_09/simulated_09_frame_00177.tif msi_inputs/simulated_09/simulated_09_frame_00178.tif msi_inputs/simulated_09/simulated_09_frame_00179.tif msi_inputs/simulated_09/simulated_09_frame_00180.tif msi_inputs/simulated_09/simulated_09_frame_00181.tif msi_inputs/simulated_09/simulated_09_frame_00182.tif msi_inputs/simulated_09/simulated_09_frame_00183.tif,gt_outputs/simulated_09/simulated_09_gt_00176.png gt_outputs/simulated_09/simulated_09_gt_00177.png gt_outputs/simulated_09/simulated_09_gt_00178.png gt_outputs/simulated_09/simulated_09_gt_00179.png gt_outputs/simulated_09/simulated_09_gt_00180.png gt_outputs/simulated_09/simulated_09_gt_00181.png gt_outputs/simulated_09/simulated_09_gt_00182.png gt_outputs/simulated_09/simulated_09_gt_00183.png
592,msi_inputs/simulated_09/simulated_09_frame_00085.tif msi_inputs/simulated_09/simulated_09_frame_00095.tif msi_inputs/simulated_09/simulated_09_frame_00105.tif msi_inputs/simulated_09/simulated_09_frame_00115.tif msi_inputs/simulated_09/simulated_09_frame_00125.tif msi_inputs/simulated_09/simulated_09_frame_00135.tif msi_inputs/simulated_09/simulated_09_frame_00145.tif msi_inputs/simulated_09/simulated_09_frame_00155.tif,gt_outputs/simulated_09/simulated_09_gt_00085.png gt_outputs/simulated_09/simulated_09_gt_00095.png gt_outputs/simulated_09/simulated_09_gt_00105.png gt_outputs/simulated_09/simulated_09_gt_00115.png gt_outputs/simulated_09/simulated_09_gt_00125.png gt_outputs/simulated_09/simulated_09_gt_00135.png gt_outputs/simulated_09/simulated_09_gt_00145.png gt_outputs/simulated_09/simulated_09_gt_00155.png
593,msi_inputs/simulated_09/simulated_09_frame_00005.tif msi_inputs/simulated_09/simulated_09_frame_00030.tif msi_inputs/simulated_09/simulated_09_frame_00055.tif msi_inputs/simulated_09/simulated_09_frame_00080.tif msi_inputs/simulated_09/simulated_09_frame_00105.tif msi_inputs/simulated_09/simulated_09_frame_00130.tif msi_inputs/simulated_09/simulated_09_frame_00155.tif msi_inputs/simulated_09/simulated_09_frame_00180.tif,gt_outputs/simulated_09/simulated_09_gt_00005.png gt_outputs/simulated_09/simulated_09_gt_00030.png gt_outputs/simulated_09/simulated_09_gt_00055.png gt_outputs/simulated_09/simulated_09_gt_00080.png gt_outputs/simulated_09/simulated_09_gt_00105.png gt_outputs/simulated_09/simulated_09_gt_00130.png gt_outputs/simulated_09/simulated_09_gt_00155.png gt_outputs/simulated_09/simulated_09_gt_00180.png
594,msi_inputs/simulated_10/simulated_10_frame_00001.tif msi_inputs/simulated_10/simulated_10_frame_00006.tif msi_inputs/simulated_10/simulated_10_frame_00011.tif msi_inputs/simulated_10/simulated_10_frame_00016.tif msi_inputs/simulated_10/simulated_10_frame_00021.tif msi_inputs/simulated_10/simulated_10_frame_00026.tif msi_inputs/simulated_10/simulated_10_frame_00031.tif msi_inputs/simulated_10/simulated_10_frame_00036.tif,gt_outputs/simulated_10/simulated_10_gt_00001.png gt_outputs/simulated_10/simulated_10_gt_00006.png gt_outputs/simulated_10/simulated_10_gt_00011.png gt_outputs/simulated_10/simulated_10_gt_00016.png gt_outputs/simulated_10/simulated_10_gt_00021.png gt_outputs/simulated_10/simulated_10_gt_00026.png gt_outputs/simulated_10/simulated_10_gt_00031.png gt_outputs/simulated_10/simulated_10_gt_00036.png
595,msi_inputs/simulated_10/simulated_10_frame_00082.tif msi_inputs/simulated_10/simulated_10_frame_00092.tif msi_inputs/simulated_10/simulated_10_frame_00102.tif msi_inputs/simulated_10/simulated_10_frame_00112.tif msi_inputs/simulated_10/simulated_10_frame_00122.tif msi_inputs/simulated_10/simulated_10_frame_00132.tif msi_inputs/simulated_10/simulated_10_frame_00142.tif msi_inputs/simulated_10/simulated_10_frame_00152.tif,gt_outputs/simulated_10/simulated_10_gt_00082.png gt_outputs/simulated_10/simulated_10_gt_00092.png gt_outputs/simulated_10/simulated_10_gt_00102.png gt_outputs/simulated_10/simulated_10_gt_00112.png gt_outputs/simulated_10/simulated_10_gt_00122.png gt_outputs/simulated_10/simulated_10_gt_00132.png gt_outputs/simulated_10/simulated_10_gt_00142.png gt_outputs/simulated_10/simulated_10_gt_00152.png
596,msi_inputs/simulated_10/simulated_10_frame_00016.tif msi_inputs/simulated_10/simulated_10_frame_00041.tif msi_inputs/simulated_10/simulated_10_frame_00066.tif msi_inputs/simulated_10/simulated_10_frame_00091.tif msi_inputs/simulated_10/simulated_10_frame_00116.tif msi_inputs/simulated_10/simulated_10_frame_00141.tif msi_inputs/simulated_10/simulated_10_frame_00166.tif msi_inputs/simulated_10/simulated_10_frame_00191.tif,gt_outputs/simulated_10/simulated_10_gt_00016.png gt_outputs/simulated_10/simulated_10_gt_00041.png gt_outputs/simulated_10/simulated_10_gt_00066.png gt_outputs/simulated_10/simulated_10_gt_00091.png gt_outputs/simulated_10/simulated_10_gt_00116.png gt_outputs/simulated_10/simulated_10_gt_00141.png gt_outputs/simulated_10/simulated_10_gt_00166.png gt_outputs/simulated_10/simulated_10_gt_00191.png
597,msi_inputs/simulated_10/simulated_10_frame_00011.tif msi_inputs/simulated_10/simulated_10_frame_00036.tif msi_inputs/simulated_10/simulated_10_frame_00061.tif msi_inputs/simulated_10/simulated_10_frame_00086.tif msi_inputs/simulated_10/simulated_10_frame_00111.tif msi_inputs/simulated_10/simulated_10_frame_00136.tif msi_inputs/simulated_10/simulated_10_frame_00161.tif msi_inputs/simulated_10/simulated_10_frame_00186.tif,gt_outputs/simulated_10/simulated_10_gt_00011.png gt_outputs/simulated_10/simulated_10_gt_00036.png gt_outputs/simulated_10/simulated_10_gt_00061.png gt_outputs/simulated_10/simulated_10_gt_00086.png gt_outputs/simulated_10/simulated_10_gt_00111.png gt_outputs/simulated_10/simulated_10_gt_00136.png gt_outputs/simulated_10/simulated_10_gt_00161.png gt_outputs/simulated_10/simulated_10_gt_00186.png
598,msi_inputs/simulated_10/simulated_10_frame_00007.tif msi_inputs/simulated_10/simulated_10_frame_00017.tif msi_inputs/simulated_10/simulated_10_frame_00027.tif msi_inputs/simulated_10/simulated_10_frame_00037.tif msi_inputs/simulated_10/simulated_10_frame_00047.tif msi_inputs/simulated_10/simulated_10_frame_00057.tif msi_inputs/simulated_10/simulated_10_frame_00067.tif msi_inputs/simulated_10/simulated_10_frame_00077.tif,gt_outputs/simulated_10/simulated_10_gt_00007.png gt_outputs/simulated_10/simulated_10_gt_00017.png gt_outputs/simulated_10/simulated_10_gt_00027.png gt_outputs/simulated_10/simulated_10_gt_00037.png gt_outputs/simulated_10/simulated_10_gt_00047.png gt_outputs/simulated_10/simulated_10_gt_00057.png gt_outputs/simulated_10/simulated_10_gt_00067.png gt_outputs/simulated_10/simulated_10_gt_00077.png
599,msi_inputs/simulated_10/simulated_10_frame_00168.tif msi_inputs/simulated_10/simulated_10_frame_00169.tif msi_inputs/simulated_10/simulated_10_frame_00170.tif msi_inputs/simulated_10/simulated_10_frame_00171.tif msi_inputs/simulated_10/simulated_10_frame_00172.tif msi_inputs/simulated_10/simulated_10_frame_00173.tif msi_inputs/simulated_10/simulated_10_frame_00174.tif msi_inputs/simulated_10/simulated_10_frame_00175.tif,gt_outputs/simulated_10/simulated_10_gt_00168.png gt_outputs/simulated_10/simulated_10_gt_00169.png gt_outputs/simulated_10/simulated_10_gt_00170.png gt_outputs/simulated_10/simulated_10_gt_00171.png gt_outputs/simulated_10/simulated_10_gt_00172.png gt_outputs/simulated_10/simulated_10_gt_00173.png gt_outputs/simulated_10/simulated_10_gt_00174.png gt_outputs/simulated_10/simulated_10_gt_00175.png
600,msi_inputs/simulated_10/simulated_10_frame_00023.tif msi_inputs/simulated_10/simulated_10_frame_00048.tif msi_inputs/simulated_10/simulated_10_frame_00073.tif msi_inputs/simulated_10/simulated_10_frame_00098.tif msi_inputs/simulated_10/simulated_10_frame_00123.tif msi_inputs/simulated_10/simulated_10_frame_00148.tif msi_inputs/simulated_10/simulated_10_frame_00173.tif msi_inputs/simulated_10/simulated_10_frame_00198.tif,gt_outputs/simulated_10/simulated_10_gt_00023.png gt_outputs/simulated_10/simulated_10_gt_00048.png gt_outputs/simulated_10/simulated_10_gt_00073.png gt_outputs/simulated_10/simulated_10_gt_00098.png gt_outputs/simulated_10/simulated_10_gt_00123.png gt_outputs/simulated_10/simulated_10_gt_00148.png gt_outputs/simulated_10/simulated_10_gt_00173.png gt_outputs/simulated_10/simulated_10_gt_00198.png
601,msi_inputs/simulated_10/simulated_10_frame_00120.tif msi_inputs/simulated_10/simulated_10_frame_00125.tif msi_inputs/simulated_10/simulated_10_frame_00130.tif msi_inputs/simulated_10/simulated_10_frame_00135.tif msi_inputs/simulated_10/simulated_10_frame_00140.tif msi_inputs/simulated_10/simulated_10_frame_00145.tif msi_inputs/simulated_10/simulated_10_frame_00150.tif msi_inputs/simulated_10/simulated_10_frame_00155.tif,gt_outputs/simulated_10/simulated_10_gt_00120.png gt_outputs/simulated_10/simulated_10_gt_00125.png gt_outputs/simulated_10/simulated_10_gt_00130.png gt_outputs/simulated_10/simulated_10_gt_00135.png gt_outputs/simulated_10/simulated_10_gt_00140.png gt_outputs/simulated_10/simulated_10_gt_00145.png gt_outputs/simulated_10/simulated_10_gt_00150.png gt_outputs/simulated_10/simulated_10_gt_00155.png
602,msi_inputs/simulated_10/simulated_10_frame_00088.tif msi_inputs/simulated_10/simulated_10_frame_00098.tif msi_inputs/simulated_10/simulated_10_frame_00108.tif msi_inputs/simulated_10/simulated_10_frame_00118.tif msi_inputs/simulated_10/simulated_10_frame_00128.tif msi_inputs/simulated_10/simulated_10_frame_00138.tif msi_inputs/simulated_10/simulated_10_frame_00148.tif msi_inputs/simulated_10/simulated_10_frame_00158.tif,gt_outputs/simulated_10/simulated_10_gt_00088.png gt_outputs/simulated_10/simulated_10_gt_00098.png gt_outputs/simulated_10/simulated_10_gt_00108.png gt_outputs/simulated_10/simulated_10_gt_00118.png gt_outputs/simulated_10/simulated_10_gt_00128.png gt_outputs/simulated_10/simulated_10_gt_00138.png gt_outputs/simulated_10/simulated_10_gt_00148.png gt_outputs/simulated_10/simulated_10_gt_00158.png
603,msi_inputs/simulated_10/simulated_10_frame_00160.tif msi_inputs/simulated_10/simulated_10_frame_00165.tif msi_inputs/simulated_10/simulated_10_frame_00170.tif msi_inputs/simulated_10/simulated_10_frame_00175.tif msi_inputs/simulated_10/simulated_10_frame_00180.tif msi_inputs/simulated_10/simulated_10_frame_00185.tif msi_inputs/simulated_10/simulated_10_frame_00190.tif msi_inputs/simulated_10/simulated_10_frame_00195.tif,gt_outputs/simulated_10/simulated_10_gt_00160.png gt_outputs/simulated_10/simulated_10_gt_00165.png gt_outputs/simulated_10/simulated_10_gt_00170.png gt_outputs/simulated_10/simulated_10_gt_00175.png gt_outputs/simulated_10/simulated_10_gt_00180.png gt_outputs/simulated_10/simulated_10_gt_00185.png gt_outputs/simulated_10/simulated_10_gt_00190.png gt_outputs/simulated_10/simulated_10_gt_00195.png
604,msi_inputs/simulated_10/simulated_10_frame_00081.tif msi_inputs/simulated_10/simulated_10_frame_00091.tif msi_inputs/simulated_10/simulated_10_frame_00101.tif msi_inputs/simulated_10/simulated_10_frame_00111.tif msi_inputs/simulated_10/simulated_10_frame_00121.tif msi_inputs/simulated_10/simulated_10_frame_00131.tif msi_inputs/simulated_10/simulated_10_frame_00141.tif msi_inputs/simulated_10/simulated_10_frame_00151.tif,gt_outputs/simulated_10/simulated_10_gt_00081.png gt_outputs/simulated_10/simulated_10_gt_00091.png gt_outputs/simulated_10/simulated_10_gt_00101.png gt_outputs/simulated_10/simulated_10_gt_00111.png gt_outputs/simulated_10/simulated_10_gt_00121.png gt_outputs/simulated_10/simulated_10_gt_00131.png gt_outputs/simulated_10/simulated_10_gt_00141.png gt_outputs/simulated_10/simulated_10_gt_00151.png
605,msi_inputs/simulated_10/simulated_10_frame_00084.tif msi_inputs/simulated_10/simulated_10_frame_00094.tif msi_inputs/simulated_10/simulated_10_frame_00104.tif msi_inputs/simulated_10/simulated_10_frame_00114.tif msi_inputs/simulated_10/simulated_10_frame_00124.tif msi_inputs/simulated_10/simulated_10_frame_00134.tif msi_inputs/simulated_10/simulated_10_frame_00144.tif msi_inputs/simulated_10/simulated_10_frame_00154.tif,gt_outputs/simulated_10/simulated_10_gt_00084.png gt_outputs/simulated_10/simulated_10_gt_00094.png gt_outputs/simulated_10/simulated_10_gt_00104.png gt_outputs/simulated_10/simulated_10_gt_00114.png gt_outputs/simulated_10/simulated_10_gt_00124.png gt_outputs/simulated_10/simulated_10_gt_00134.png gt_outputs/simulated_10/simulated_10_gt_00144.png gt_outputs/simulated_10/simulated_10_gt_00154.png
606,msi_inputs/simulated_10/simulated_10_frame_00087.tif msi_inputs/simulated_10/simulated_10_frame_00097.tif msi_inputs/simulated_10/simulated_10_frame_00107.tif msi_inputs/simulated_10/simulated_10_frame_00117.tif msi_inputs/simulated_10/simulated_10_frame_00127.tif msi_inputs/simulated_10/simulated_10_frame_00137.tif msi_inputs/simulated_10/simulated_10_frame_00147.tif msi_inputs/simulated_10/simulated_10_frame_00157.tif,gt_outputs/simulated_10/simulated_10_gt_00087.png gt_outputs/simulated_10/simulated_10_gt_00097.png gt_outputs/simulated_10/simulated_10_gt_00107.png gt_outputs/simulated_10/simulated_10_gt_00117.png gt_outputs/simulated_10/simulated_10_gt_00127.png gt_outputs/simulated_10/simulated_10_gt_00137.png gt_outputs/simulated_10/simulated_10_gt_00147.png gt_outputs/simulated_10/simulated_10_gt_00157.png
607,msi_inputs/simulated_10/simulated_10_frame_00003.tif msi_inputs/simulated_10/simulated_10_frame_00028.tif msi_inputs/simulated_10/simulated_10_frame_00053.tif msi_inputs/simulated_10/simulated_10_frame_00078.tif msi_inputs/simulated_10/simulated_10_frame_00103.tif msi_inputs/simulated_10/simulated_10_frame_00128.tif msi_inputs/simulated_10/simulated_10_frame_00153.tif msi_inputs/simulated_10/simulated_10_frame_00178.tif,gt_outputs/simulated_10/simulated_10_gt_00003.png gt_outputs/simulated_10/simulated_10_gt_00028.png gt_outputs/simulated_10/simulated_10_gt_00053.png gt_outputs/simulated_10/simulated_10_gt_00078.png gt_outputs/simulated_10/simulated_10_gt_00103.png gt_outputs/simulated_10/simulated_10_gt_00128.png gt_outputs/simulated_10/simulated_10_gt_00153.png gt_outputs/simulated_10/simulated_10_gt_00178.png
608,msi_inputs/simulated_10/simulated_10_frame_00080.tif msi_inputs/simulated_10/simulated_10_frame_00090.tif msi_inputs/simulated_10/simulated_10_frame_00100.tif msi_inputs/simulated_10/simulated_10_frame_00110.tif msi_inputs/simulated_10/simulated_10_frame_00120.tif msi_inputs/simulated_10/simulated_10_frame_00130.tif msi_inputs/simulated_10/simulated_10_frame_00140.tif msi_inputs/simulated_10/simulated_10_frame_00150.tif,gt_outputs/simulated_10/simulated_10_gt_00080.png gt_outputs/simulated_10/simulated_10_gt_00090.png gt_outputs/simulated_10/simulated_10_gt_00100.png gt_outputs/simulated_10/simulated_10_gt_00110.png gt_outputs/simulated_10/simulated_10_gt_00120.png gt_outputs/simulated_10/simulated_10_gt_00130.png gt_outputs/simulated_10/simulated_10_gt_00140.png gt_outputs/simulated_10/simulated_10_gt_00150.png
609,msi_inputs/simulated_10/simulated_10_frame_00008.tif msi_inputs/simulated_10/simulated_10_frame_00018.tif msi_inputs/simulated_10/simulated_10_frame_00028.tif msi_inputs/simulated_10/simulated_10_frame_00038.tif msi_inputs/simulated_10/simulated_10_frame_00048.tif msi_inputs/simulated_10/simulated_10_frame_00058.tif msi_inputs/simulated_10/simulated_10_frame_00068.tif msi_inputs/simulated_10/simulated_10_frame_00078.tif,gt_outputs/simulated_10/simulated_10_gt_00008.png gt_outputs/simulated_10/simulated_10_gt_00018.png gt_outputs/simulated_10/simulated_10_gt_00028.png gt_outputs/simulated_10/simulated_10_gt_00038.png gt_outputs/simulated_10/simulated_10_gt_00048.png gt_outputs/simulated_10/simulated_10_gt_00058.png gt_outputs/simulated_10/simulated_10_gt_00068.png gt_outputs/simulated_10/simulated_10_gt_00078.png
610,msi_inputs/simulated_10/simulated_10_frame_00163.tif msi_inputs/simulated_10/simulated_10_frame_00168.tif msi_inputs/simulated_10/simulated_10_frame_00173.tif msi_inputs/simulated_10/simulated_10_frame_00178.tif msi_inputs/simulated_10/simulated_10_frame_00183.tif msi_inputs/simulated_10/simulated_10_frame_00188.tif msi_inputs/simulated_10/simulated_10_frame_00193.tif msi_inputs/simulated_10/simulated_10_frame_00198.tif,gt_outputs/simulated_10/simulated_10_gt_00163.png gt_outputs/simulated_10/simulated_10_gt_00168.png gt_outputs/simulated_10/simulated_10_gt_00173.png gt_outputs/simulated_10/simulated_10_gt_00178.png gt_outputs/simulated_10/simulated_10_gt_00183.png gt_outputs/simulated_10/simulated_10_gt_00188.png gt_outputs/simulated_10/simulated_10_gt_00193.png gt_outputs/simulated_10/simulated_10_gt_00198.png
611,msi_inputs/simulated_10/simulated_10_frame_00021.tif msi_inputs/simulated_10/simulated_10_frame_00046.tif msi_inputs/simulated_10/simulated_10_frame_00071.tif msi_inputs/simulated_10/simulated_10_frame_00096.tif msi_inputs/simulated_10/simulated_10_frame_00121.tif msi_inputs/simulated_10/simulated_10_frame_00146.tif msi_inputs/simulated_10/simulated_10_frame_00171.tif msi_inputs/simulated_10/simulated_10_frame_00196.tif,gt_outputs/simulated_10/simulated_10_gt_00021.png gt_outputs/simulated_10/simulated_10_gt_00046.png gt_outputs/simulated_10/simulated_10_gt_00071.png gt_outputs/simulated_10/simulated_10_gt_00096.png gt_outputs/simulated_10/simulated_10_gt_00121.png gt_outputs/simulated_10/simulated_10_gt_00146.png gt_outputs/simulated_10/simulated_10_gt_00171.png gt_outputs/simulated_10/simulated_10_gt_00196.png
612,msi_inputs/simulated_10/simulated_10_frame_00018.tif msi_inputs/simulated_10/simulated_10_frame_00043.tif msi_inputs/simulated_10/simulated_10_frame_00068.tif msi_inputs/simulated_10/simulated_10_frame_00093.tif msi_inputs/simulated_10/simulated_10_frame_00118.tif msi_inputs/simulated_10/simulated_10_frame_00143.tif msi_inputs/simulated_10/simulated_10_frame_00168.tif msi_inputs/simulated_10/simulated_10_frame_00193.tif,gt_outputs/simulated_10/simulated_10_gt_00018.png gt_outputs/simulated_10/simulated_10_gt_00043.png gt_outputs/simulated_10/simulated_10_gt_00068.png gt_outputs/simulated_10/simulated_10_gt_00093.png gt_outputs/simulated_10/simulated_10_gt_00118.png gt_outputs/simulated_10/simulated_10_gt_00143.png gt_outputs/simulated_10/simulated_10_gt_00168.png gt_outputs/simulated_10/simulated_10_gt_00193.png
613,msi_inputs/simulated_10/simulated_10_frame_00005.tif msi_inputs/simulated_10/simulated_10_frame_00015.tif msi_inputs/simulated_10/simulated_10_frame_00025.tif msi_inputs/simulated_10/simulated_10_frame_00035.tif msi_inputs/simulated_10/simulated_10_frame_00045.tif msi_inputs/simulated_10/simulated_10_frame_00055.tif msi_inputs/simulated_10/simulated_10_frame_00065.tif msi_inputs/simulated_10/simulated_10_frame_00075.tif,gt_outputs/simulated_10/simulated_10_gt_00005.png gt_outputs/simulated_10/simulated_10_gt_00015.png gt_outputs/simulated_10/simulated_10_gt_00025.png gt_outputs/simulated_10/simulated_10_gt_00035.png gt_outputs/simulated_10/simulated_10_gt_00045.png gt_outputs/simulated_10/simulated_10_gt_00055.png gt_outputs/simulated_10/simulated_10_gt_00065.png gt_outputs/simulated_10/simulated_10_gt_00075.png
614,msi_inputs/simulated_10/simulated_10_frame_00024.tif msi_inputs/simulated_10/simulated_10_frame_00025.tif msi_inputs/simulated_10/simulated_10_frame_00026.tif msi_inputs/simulated_10/simulated_10_frame_00027.tif msi_inputs/simulated_10/simulated_10_frame_00028.tif msi_inputs/simulated_10/simulated_10_frame_00029.tif msi_inputs/simulated_10/simulated_10_frame_00030.tif msi_inputs/simulated_10/simulated_10_frame_00031.tif,gt_outputs/simulated_10/simulated_10_gt_00024.png gt_outputs/simulated_10/simulated_10_gt_00025.png gt_outputs/simulated_10/simulated_10_gt_00026.png gt_outputs/simulated_10/simulated_10_gt_00027.png gt_outputs/simulated_10/simulated_10_gt_00028.png gt_outputs/simulated_10/simulated_10_gt_00029.png gt_outputs/simulated_10/simulated_10_gt_00030.png gt_outputs/simulated_10/simulated_10_gt_00031.png
615,msi_inputs/simulated_10/simulated_10_frame_00006.tif msi_inputs/simulated_10/simulated_10_frame_00031.tif msi_inputs/simulated_10/simulated_10_frame_00056.tif msi_inputs/simulated_10/simulated_10_frame_00081.tif msi_inputs/simulated_10/simulated_10_frame_00106.tif msi_inputs/simulated_10/simulated_10_frame_00131.tif msi_inputs/simulated_10/simulated_10_frame_00156.tif msi_inputs/simulated_10/simulated_10_frame_00181.tif,gt_outputs/simulated_10/simulated_10_gt_00006.png gt_outputs/simulated_10/simulated_10_gt_00031.png gt_outputs/simulated_10/simulated_10_gt_00056.png gt_outputs/simulated_10/simulated_10_gt_00081.png gt_outputs/simulated_10/simulated_10_gt_00106.png gt_outputs/simulated_10/simulated_10_gt_00131.png gt_outputs/simulated_10/simulated_10_gt_00156.png gt_outputs/simulated_10/simulated_10_gt_00181.png
616,msi_inputs/simulated_10/simulated_10_frame_00004.tif msi_inputs/simulated_10/simulated_10_frame_00009.tif msi_inputs/simulated_10/simulated_10_frame_00014.tif msi_inputs/simulated_10/simulated_10_frame_00019.tif msi_inputs/simulated_10/simulated_10_frame_00024.tif msi_inputs/simulated_10/simulated_10_frame_00029.tif msi_inputs/simulated_10/simulated_10_frame_00034.tif msi_inputs/simulated_10/simulated_10_frame_00039.tif,gt_outputs/simulated_10/simulated_10_gt_00004.png gt_outputs/simulated_10/simulated_10_gt_00009.png gt_outputs/simulated_10/simulated_10_gt_00014.png gt_outputs/simulated_10/simulated_10_gt_00019.png gt_outputs/simulated_10/simulated_10_gt_00024.png gt_outputs/simulated_10/simulated_10_gt_00029.png gt_outputs/simulated_10/simulated_10_gt_00034.png gt_outputs/simulated_10/simulated_10_gt_00039.png
617,msi_inputs/simulated_10/simulated_10_frame_00017.tif msi_inputs/simulated_10/simulated_10_frame_00042.tif msi_inputs/simulated_10/simulated_10_frame_00067.tif msi_inputs/simulated_10/simulated_10_frame_00092.tif msi_inputs/simulated_10/simulated_10_frame_00117.tif msi_inputs/simulated_10/simulated_10_frame_00142.tif msi_inputs/simulated_10/simulated_10_frame_00167.tif msi_inputs/simulated_10/simulated_10_frame_00192.tif,gt_outputs/simulated_10/simulated_10_gt_00017.png gt_outputs/simulated_10/simulated_10_gt_00042.png gt_outputs/simulated_10/simulated_10_gt_00067.png gt_outputs/simulated_10/simulated_10_gt_00092.png gt_outputs/simulated_10/simulated_10_gt_00117.png gt_outputs/simulated_10/simulated_10_gt_00142.png gt_outputs/simulated_10/simulated_10_gt_00167.png gt_outputs/simulated_10/simulated_10_gt_00192.png
618,msi_inputs/simulated_10/simulated_10_frame_00032.tif msi_inputs/simulated_10/simulated_10_frame_00033.tif msi_inputs/simulated_10/simulated_10_frame_00034.tif msi_inputs/simulated_10/simulated_10_frame_00035.tif msi_inputs/simulated_10/simulated_10_frame_00036.tif msi_inputs/simulated_10/simulated_10_frame_00037.tif msi_inputs/simulated_10/simulated_10_frame_00038.tif msi_inputs/simulated_10/simulated_10_frame_00039.tif,gt_outputs/simulated_10/simulated_10_gt_00032.png gt_outputs/simulated_10/simulated_10_gt_00033.png gt_outputs/simulated_10/simulated_10_gt_00034.png gt_outputs/simulated_10/simulated_10_gt_00035.png gt_outputs/simulated_10/simulated_10_gt_00036.png gt_outputs/simulated_10/simulated_10_gt_00037.png gt_outputs/simulated_10/simulated_10_gt_00038.png gt_outputs/simulated_10/simulated_10_gt_00039.png
619,msi_inputs/simulated_10/simulated_10_frame_00008.tif msi_inputs/simulated_10/simulated_10_frame_00009.tif msi_inputs/simulated_10/simulated_10_frame_00010.tif msi_inputs/simulated_10/simulated_10_frame_00011.tif msi_inputs/simulated_10/simulated_10_frame_00012.tif msi_inputs/simulated_10/simulated_10_frame_00013.tif msi_inputs/simulated_10/simulated_10_frame_00014.tif msi_inputs/simulated_10/simulated_10_frame_00015.tif,gt_outputs/simulated_10/simulated_10_gt_00008.png gt_outputs/simulated_10/simulated_10_gt_00009.png gt_outputs/simulated_10/simulated_10_gt_00010.png gt_outputs/simulated_10/simulated_10_gt_00011.png gt_outputs/simulated_10/simulated_10_gt_00012.png gt_outputs/simulated_10/simulated_10_gt_00013.png gt_outputs/simulated_10/simulated_10_gt_00014.png gt_outputs/simulated_10/simulated_10_gt_00015.png
620,msi_inputs/simulated_10/simulated_10_frame_00005.tif msi_inputs/simulated_10/simulated_10_frame_00030.tif msi_inputs/simulated_10/simulated_10_frame_00055.tif msi_inputs/simulated_10/simulated_10_frame_00080.tif msi_inputs/simulated_10/simulated_10_frame_00105.tif msi_inputs/simulated_10/simulated_10_frame_00130.tif msi_inputs/simulated_10/simulated_10_frame_00155.tif msi_inputs/simulated_10/simulated_10_frame_00180.tif,gt_outputs/simulated_10/simulated_10_gt_00005.png gt_outputs/simulated_10/simulated_10_gt_00030.png gt_outputs/simulated_10/simulated_10_gt_00055.png gt_outputs/simulated_10/simulated_10_gt_00080.png gt_outputs/simulated_10/simulated_10_gt_00105.png gt_outputs/simulated_10/simulated_10_gt_00130.png gt_outputs/simulated_10/simulated_10_gt_00155.png gt_outputs/simulated_10/simulated_10_gt_00180.png
621,msi_inputs/simulated_10/simulated_10_frame_00008.tif msi_inputs/simulated_10/simulated_10_frame_00033.tif msi_inputs/simulated_10/simulated_10_frame_00058.tif msi_inputs/simulated_10/simulated_10_frame_00083.tif msi_inputs/simulated_10/simulated_10_frame_00108.tif msi_inputs/simulated_10/simulated_10_frame_00133.tif msi_inputs/simulated_10/simulated_10_frame_00158.tif msi_inputs/simulated_10/simulated_10_frame_00183.tif,gt_outputs/simulated_10/simulated_10_gt_00008.png gt_outputs/simulated_10/simulated_10_gt_00033.png gt_outputs/simulated_10/simulated_10_gt_00058.png gt_outputs/simulated_10/simulated_10_gt_00083.png gt_outputs/simulated_10/simulated_10_gt_00108.png gt_outputs/simulated_10/simulated_10_gt_00133.png gt_outputs/simulated_10/simulated_10_gt_00158.png gt_outputs/simulated_10/simulated_10_gt_00183.png
622,msi_inputs/simulated_10/simulated_10_frame_00002.tif msi_inputs/simulated_10/simulated_10_frame_00027.tif msi_inputs/simulated_10/simulated_10_frame_00052.tif msi_inputs/simulated_10/simulated_10_frame_00077.tif msi_inputs/simulated_10/simulated_10_frame_00102.tif msi_inputs/simulated_10/simulated_10_frame_00127.tif msi_inputs/simulated_10/simulated_10_frame_00152.tif msi_inputs/simulated_10/simulated_10_frame_00177.tif,gt_outputs/simulated_10/simulated_10_gt_00002.png gt_outputs/simulated_10/simulated_10_gt_00027.png gt_outputs/simulated_10/simulated_10_gt_00052.png gt_outputs/simulated_10/simulated_10_gt_00077.png gt_outputs/simulated_10/simulated_10_gt_00102.png gt_outputs/simulated_10/simulated_10_gt_00127.png gt_outputs/simulated_10/simulated_10_gt_00152.png gt_outputs/simulated_10/simulated_10_gt_00177.png
623,msi_inputs/simulated_10/simulated_10_frame_00041.tif msi_inputs/simulated_10/simulated_10_frame_00046.tif msi_inputs/simulated_10/simulated_10_frame_00051.tif msi_inputs/simulated_10/simulated_10_frame_00056.tif msi_inputs/simulated_10/simulated_10_frame_00061.tif msi_inputs/simulated_10/simulated_10_frame_00066.tif msi_inputs/simulated_10/simulated_10_frame_00071.tif msi_inputs/simulated_10/simulated_10_frame_00076.tif,gt_outputs/simulated_10/simulated_10_gt_00041.png gt_outputs/simulated_10/simulated_10_gt_00046.png gt_outputs/simulated_10/simulated_10_gt_00051.png gt_outputs/simulated_10/simulated_10_gt_00056.png gt_outputs/simulated_10/simulated_10_gt_00061.png gt_outputs/simulated_10/simulated_10_gt_00066.png gt_outputs/simulated_10/simulated_10_gt_00071.png gt_outputs/simulated_10/simulated_10_gt_00076.png
624,msi_inputs/simulated_10/simulated_10_frame_00124.tif msi_inputs/simulated_10/simulated_10_frame_00129.tif msi_inputs/simulated_10/simulated_10_frame_00134.tif msi_inputs/simulated_10/simulated_10_frame_00139.tif msi_inputs/simulated_10/simulated_10_frame_00144.tif msi_inputs/simulated_10/simulated_10_frame_00149.tif msi_inputs/simulated_10/simulated_10_frame_00154.tif msi_inputs/simulated_10/simulated_10_frame_00159.tif,gt_outputs/simulated_10/simulated_10_gt_00124.png gt_outputs/simulated_10/simulated_10_gt_00129.png gt_outputs/simulated_10/simulated_10_gt_00134.png gt_outputs/simulated_10/simulated_10_gt_00139.png gt_outputs/simulated_10/simulated_10_gt_00144.png gt_outputs/simulated_10/simulated_10_gt_00149.png gt_outputs/simulated_10/simulated_10_gt_00154.png gt_outputs/simulated_10/simulated_10_gt_00159.png
625,msi_inputs/simulated_10/simulated_10_frame_00136.tif msi_inputs/simulated_10/simulated_10_frame_00137.tif msi_inputs/simulated_10/simulated_10_frame_00138.tif msi_inputs/simulated_10/simulated_10_frame_00139.tif msi_inputs/simulated_10/simulated_10_frame_00140.tif msi_inputs/simulated_10/simulated_10_frame_00141.tif msi_inputs/simulated_10/simulated_10_frame_00142.tif msi_inputs/simulated_10/simulated_10_frame_00143.tif,gt_outputs/simulated_10/simulated_10_gt_00136.png gt_outputs/simulated_10/simulated_10_gt_00137.png gt_outputs/simulated_10/simulated_10_gt_00138.png gt_outputs/simulated_10/simulated_10_gt_00139.png gt_outputs/simulated_10/simulated_10_gt_00140.png gt_outputs/simulated_10/simulated_10_gt_00141.png gt_outputs/simulated_10/simulated_10_gt_00142.png gt_outputs/simulated_10/simulated_10_gt_00143.png
626,msi_inputs/simulated_10/simulated_10_frame_00015.tif msi_inputs/simulated_10/simulated_10_frame_00040.tif msi_inputs/simulated_10/simulated_10_frame_00065.tif msi_inputs/simulated_10/simulated_10_frame_00090.tif msi_inputs/simulated_10/simulated_10_frame_00115.tif msi_inputs/simulated_10/simulated_10_frame_00140.tif msi_inputs/simulated_10/simulated_10_frame_00165.tif msi_inputs/simulated_10/simulated_10_frame_00190.tif,gt_outputs/simulated_10/simulated_10_gt_00015.png gt_outputs/simulated_10/simulated_10_gt_00040.png gt_outputs/simulated_10/simulated_10_gt_00065.png gt_outputs/simulated_10/simulated_10_gt_00090.png gt_outputs/simulated_10/simulated_10_gt_00115.png gt_outputs/simulated_10/simulated_10_gt_00140.png gt_outputs/simulated_10/simulated_10_gt_00165.png gt_outputs/simulated_10/simulated_10_gt_00190.png
627,msi_inputs/simulated_10/simulated_10_frame_00048.tif msi_inputs/simulated_10/simulated_10_frame_00049.tif msi_inputs/simulated_10/simulated_10_frame_00050.tif msi_inputs/simulated_10/simulated_10_frame_00051.tif msi_inputs/simulated_10/simulated_10_frame_00052.tif msi_inputs/simulated_10/simulated_10_frame_00053.tif msi_inputs/simulated_10/simulated_10_frame_00054.tif msi_inputs/simulated_10/simulated_10_frame_00055.tif,gt_outputs/simulated_10/simulated_10_gt_00048.png gt_outputs/simulated_10/simulated_10_gt_00049.png gt_outputs/simulated_10/simulated_10_gt_00050.png gt_outputs/simulated_10/simulated_10_gt_00051.png gt_outputs/simulated_10/simulated_10_gt_00052.png gt_outputs/simulated_10/simulated_10_gt_00053.png gt_outputs/simulated_10/simulated_10_gt_00054.png gt_outputs/simulated_10/simulated_10_gt_00055.png
628,msi_inputs/simulated_10/simulated_10_frame_00112.tif msi_inputs/simulated_10/simulated_10_frame_00113.tif msi_inputs/simulated_10/simulated_10_frame_00114.tif msi_inputs/simulated_10/simulated_10_frame_00115.tif msi_inputs/simulated_10/simulated_10_frame_00116.tif msi_inputs/simulated_10/simulated_10_frame_00117.tif msi_inputs/simulated_10/simulated_10_frame_00118.tif msi_inputs/simulated_10/simulated_10_frame_00119.tif,gt_outputs/simulated_10/simulated_10_gt_00112.png gt_outputs/simulated_10/simulated_10_gt_00113.png gt_outputs/simulated_10/simulated_10_gt_00114.png gt_outputs/simulated_10/simulated_10_gt_00115.png gt_outputs/simulated_10/simulated_10_gt_00116.png gt_outputs/simulated_10/simulated_10_gt_00117.png gt_outputs/simulated_10/simulated_10_gt_00118.png gt_outputs/simulated_10/simulated_10_gt_00119.png
629,msi_inputs/simulated_10/simulated_10_frame_00072.tif msi_inputs/simulated_10/simulated_10_frame_00073.tif msi_inputs/simulated_10/simulated_10_frame_00074.tif msi_inputs/simulated_10/simulated_10_frame_00075.tif msi_inputs/simulated_10/simulated_10_frame_00076.tif msi_inputs/simulated_10/simulated_10_frame_00077.tif msi_inputs/simulated_10/simulated_10_frame_00078.tif msi_inputs/simulated_10/simulated_10_frame_00079.tif,gt_outputs/simulated_10/simulated_10_gt_00072.png gt_outputs/simulated_10/simulated_10_gt_00073.png gt_outputs/simulated_10/simulated_10_gt_00074.png gt_outputs/simulated_10/simulated_10_gt_00075.png gt_outputs/simulated_10/simulated_10_gt_00076.png gt_outputs/simulated_10/simulated_10_gt_00077.png gt_outputs/simulated_10/simulated_10_gt_00078.png gt_outputs/simulated_10/simulated_10_gt_00079.png
630,msi_inputs/simulated_10/simulated_10_frame_00022.tif msi_inputs/simulated_10/simulated_10_frame_00047.tif msi_inputs/simulated_10/simulated_10_frame_00072.tif msi_inputs/simulated_10/simulated_10_frame_00097.tif msi_inputs/simulated_10/simulated_10_frame_00122.tif msi_inputs/simulated_10/simulated_10_frame_00147.tif msi_inputs/simulated_10/simulated_10_frame_00172.tif msi_inputs/simulated_10/simulated_10_frame_00197.tif,gt_outputs/simulated_10/simulated_10_gt_00022.png gt_outputs/simulated_10/simulated_10_gt_00047.png gt_outputs/simulated_10/simulated_10_gt_00072.png gt_outputs/simulated_10/simulated_10_gt_00097.png gt_outputs/simulated_10/simulated_10_gt_00122.png gt_outputs/simulated_10/simulated_10_gt_00147.png gt_outputs/simulated_10/simulated_10_gt_00172.png gt_outputs/simulated_10/simulated_10_gt_00197.png
631,msi_inputs/simulated_10/simulated_10_frame_00085.tif msi_inputs/simulated_10/simulated_10_frame_00095.tif msi_inputs/simulated_10/simulated_10_frame_00105.tif msi_inputs/simulated_10/simulated_10_frame_00115.tif msi_inputs/simulated_10/simulated_10_frame_00125.tif msi_inputs/simulated_10/simulated_10_frame_00135.tif msi_inputs/simulated_10/simulated_10_frame_00145.tif msi_inputs/simulated_10/simulated_10_frame_00155.tif,gt_outputs/simulated_10/simulated_10_gt_00085.png gt_outputs/simulated_10/simulated_10_gt_00095.png gt_outputs/simulated_10/simulated_10_gt_00105.png gt_outputs/simulated_10/simulated_10_gt_00115.png gt_outputs/simulated_10/simulated_10_gt_00125.png gt_outputs/simulated_10/simulated_10_gt_00135.png gt_outputs/simulated_10/simulated_10_gt_00145.png gt_outputs/simulated_10/simulated_10_gt_00155.png
632,msi_inputs/simulated_10/simulated_10_frame_00043.tif msi_inputs/simulated_10/simulated_10_frame_00048.tif msi_inputs/simulated_10/simulated_10_frame_00053.tif msi_inputs/simulated_10/simulated_10_frame_00058.tif msi_inputs/simulated_10/simulated_10_frame_00063.tif msi_inputs/simulated_10/simulated_10_frame_00068.tif msi_inputs/simulated_10/simulated_10_frame_00073.tif msi_inputs/simulated_10/simulated_10_frame_00078.tif,gt_outputs/simulated_10/simulated_10_gt_00043.png gt_outputs/simulated_10/simulated_10_gt_00048.png gt_outputs/simulated_10/simulated_10_gt_00053.png gt_outputs/simulated_10/simulated_10_gt_00058.png gt_outputs/simulated_10/simulated_10_gt_00063.png gt_outputs/simulated_10/simulated_10_gt_00068.png gt_outputs/simulated_10/simulated_10_gt_00073.png gt_outputs/simulated_10/simulated_10_gt_00078.png
633,msi_inputs/simulated_10/simulated_10_frame_00080.tif msi_inputs/simulated_10/simulated_10_frame_00081.tif msi_inputs/simulated_10/simulated_10_frame_00082.tif msi_inputs/simulated_10/simulated_10_frame_00083.tif msi_inputs/simulated_10/simulated_10_frame_00084.tif msi_inputs/simulated_10/simulated_10_frame_00085.tif msi_inputs/simulated_10/simulated_10_frame_00086.tif msi_inputs/simulated_10/simulated_10_frame_00087.tif,gt_outputs/simulated_10/simulated_10_gt_00080.png gt_outputs/simulated_10/simulated_10_gt_00081.png gt_outputs/simulated_10/simulated_10_gt_00082.png gt_outputs/simulated_10/simulated_10_gt_00083.png gt_outputs/simulated_10/simulated_10_gt_00084.png gt_outputs/simulated_10/simulated_10_gt_00085.png gt_outputs/simulated_10/simulated_10_gt_00086.png gt_outputs/simulated_10/simulated_10_gt_00087.png
634,msi_inputs/simulated_10/simulated_10_frame_00121.tif msi_inputs/simulated_10/simulated_10_frame_00126.tif msi_inputs/simulated_10/simulated_10_frame_00131.tif msi_inputs/simulated_10/simulated_10_frame_00136.tif msi_inputs/simulated_10/simulated_10_frame_00141.tif msi_inputs/simulated_10/simulated_10_frame_00146.tif msi_inputs/simulated_10/simulated_10_frame_00151.tif msi_inputs/simulated_10/simulated_10_frame_00156.tif,gt_outputs/simulated_10/simulated_10_gt_00121.png gt_outputs/simulated_10/simulated_10_gt_00126.png gt_outputs/simulated_10/simulated_10_gt_00131.png gt_outputs/simulated_10/simulated_10_gt_00136.png gt_outputs/simulated_10/simulated_10_gt_00141.png gt_outputs/simulated_10/simulated_10_gt_00146.png gt_outputs/simulated_10/simulated_10_gt_00151.png gt_outputs/simulated_10/simulated_10_gt_00156.png
635,msi_inputs/simulated_10/simulated_10_frame_00000.tif msi_inputs/simulated_10/simulated_10_frame_00001.tif msi_inputs/simulated_10/simulated_10_frame_00002.tif msi_inputs/simulated_10/simulated_10_frame_00003.tif msi_inputs/simulated_10/simulated_10_frame_00004.tif msi_inputs/simulated_10/simulated_10_frame_00005.tif msi_inputs/simulated_10/simulated_10_frame_00006.tif msi_inputs/simulated_10/simulated_10_frame_00007.tif,gt_outputs/simulated_10/simulated_10_gt_00000.png gt_outputs/simulated_10/simulated_10_gt_00001.png gt_outputs/simulated_10/simulated_10_gt_00002.png gt_outputs/simulated_10/simulated_10_gt_00003.png gt_outputs/simulated_10/simulated_10_gt_00004.png gt_outputs/simulated_10/simulated_10_gt_00005.png gt_outputs/simulated_10/simulated_10_gt_00006.png gt_outputs/simulated_10/simulated_10_gt_00007.png
636,msi_inputs/simulated_10/simulated_10_frame_00080.tif msi_inputs/simulated_10/simulated_10_frame_00085.tif msi_inputs/simulated_10/simulated_10_frame_00090.tif msi_inputs/simulated_10/simulated_10_frame_00095.tif msi_inputs/simulated_10/simulated_10_frame_00100.tif msi_inputs/simulated_10/simulated_10_frame_00105.tif msi_inputs/simulated_10/simulated_10_frame_00110.tif msi_inputs/simulated_10/simulated_10_frame_00115.tif,gt_outputs/simulated_10/simulated_10_gt_00080.png gt_outputs/simulated_10/simulated_10_gt_00085.png gt_outputs/simulated_10/simulated_10_gt_00090.png gt_outputs/simulated_10/simulated_10_gt_00095.png gt_outputs/simulated_10/simulated_10_gt_00100.png gt_outputs/simulated_10/simulated_10_gt_00105.png gt_outputs/simulated_10/simulated_10_gt_00110.png gt_outputs/simulated_10/simulated_10_gt_00115.png
637,msi_inputs/simulated_10/simulated_10_frame_00089.tif msi_inputs/simulated_10/simulated_10_frame_00099.tif msi_inputs/simulated_10/simulated_10_frame_00109.tif msi_inputs/simulated_10/simulated_10_frame_00119.tif msi_inputs/simulated_10/simulated_10_frame_00129.tif msi_inputs/simulated_10/simulated_10_frame_00139.tif msi_inputs/simulated_10/simulated_10_frame_00149.tif msi_inputs/simulated_10/simulated_10_frame_00159.tif,gt_outputs/simulated_10/simulated_10_gt_00089.png gt_outputs/simulated_10/simulated_10_gt_00099.png gt_outputs/simulated_10/simulated_10_gt_00109.png gt_outputs/simulated_10/simulated_10_gt_00119.png gt_outputs/simulated_10/simulated_10_gt_00129.png gt_outputs/simulated_10/simulated_10_gt_00139.png gt_outputs/simulated_10/simulated_10_gt_00149.png gt_outputs/simulated_10/simulated_10_gt_00159.png
638,msi_inputs/simulated_10/simulated_10_frame_00016.tif msi_inputs/simulated_10/simulated_10_frame_00017.tif msi_inputs/simulated_10/simulated_10_frame_00018.tif msi_inputs/simulated_10/simulated_10_frame_00019.tif msi_inputs/simulated_10/simulated_10_frame_00020.tif msi_inputs/simulated_10/simulated_10_frame_00021.tif msi_inputs/simulated_10/simulated_10_frame_00022.tif msi_inputs/simulated_10/simulated_10_frame_00023.tif,gt_outputs/simulated_10/simulated_10_gt_00016.png gt_outputs/simulated_10/simulated_10_gt_00017.png gt_outputs/simulated_10/simulated_10_gt_00018.png gt_outputs/simulated_10/simulated_10_gt_00019.png gt_outputs/simulated_10/simulated_10_gt_00020.png gt_outputs/simulated_10/simulated_10_gt_00021.png gt_outputs/simulated_10/simulated_10_gt_00022.png gt_outputs/simulated_10/simulated_10_gt_00023.png
639,msi_inputs/simulated_10/simulated_10_frame_00000.tif msi_inputs/simulated_10/simulated_10_frame_00005.tif msi_inputs/simulated_10/simulated_10_frame_00010.tif msi_inputs/simulated_10/simulated_10_frame_00015.tif msi_inputs/simulated_10/simulated_10_frame_00020.tif msi_inputs/simulated_10/simulated_10_frame_00025.tif msi_inputs/simulated_10/simulated_10_frame_00030.tif msi_inputs/simulated_10/simulated_10_frame_00035.tif,gt_outputs/simulated_10/simulated_10_gt_00000.png gt_outputs/simulated_10/simulated_10_gt_00005.png gt_outputs/simulated_10/simulated_10_gt_00010.png gt_outputs/simulated_10/simulated_10_gt_00015.png gt_outputs/simulated_10/simulated_10_gt_00020.png gt_outputs/simulated_10/simulated_10_gt_00025.png gt_outputs/simulated_10/simulated_10_gt_00030.png gt_outputs/simulated_10/simulated_10_gt_00035.png
640,msi_inputs/simulated_10/simulated_10_frame_00014.tif msi_inputs/simulated_10/simulated_10_frame_00039.tif msi_inputs/simulated_10/simulated_10_frame_00064.tif msi_inputs/simulated_10/simulated_10_frame_00089.tif msi_inputs/simulated_10/simulated_10_frame_00114.tif msi_inputs/simulated_10/simulated_10_frame_00139.tif msi_inputs/simulated_10/simulated_10_frame_00164.tif msi_inputs/simulated_10/simulated_10_frame_00189.tif,gt_outputs/simulated_10/simulated_10_gt_00014.png gt_outputs/simulated_10/simulated_10_gt_00039.png gt_outputs/simulated_10/simulated_10_gt_00064.png gt_outputs/simulated_10/simulated_10_gt_00089.png gt_outputs/simulated_10/simulated_10_gt_00114.png gt_outputs/simulated_10/simulated_10_gt_00139.png gt_outputs/simulated_10/simulated_10_gt_00164.png gt_outputs/simulated_10/simulated_10_gt_00189.png
641,msi_inputs/simulated_10/simulated_10_frame_00152.tif msi_inputs/simulated_10/simulated_10_frame_00153.tif msi_inputs/simulated_10/simulated_10_frame_00154.tif msi_inputs/simulated_10/simulated_10_frame_00155.tif msi_inputs/simulated_10/simulated_10_frame_00156.tif msi_inputs/simulated_10/simulated_10_frame_00157.tif msi_inputs/simulated_10/simulated_10_frame_00158.tif msi_inputs/simulated_10/simulated_10_frame_00159.tif,gt_outputs/simulated_10/simulated_10_gt_00152.png gt_outputs/simulated_10/simulated_10_gt_00153.png gt_outputs/simulated_10/simulated_10_gt_00154.png gt_outputs/simulated_10/simulated_10_gt_00155.png gt_outputs/simulated_10/simulated_10_gt_00156.png gt_outputs/simulated_10/simulated_10_gt_00157.png gt_outputs/simulated_10/simulated_10_gt_00158.png gt_outputs/simulated_10/simulated_10_gt_00159.png
642,msi_inputs/simulated_10/simulated_10_frame_00083.tif msi_inputs/simulated_10/simulated_10_frame_00093.tif msi_inputs/simulated_10/simulated_10_frame_00103.tif msi_inputs/simulated_10/simulated_10_frame_00113.tif msi_inputs/simulated_10/simulated_10_frame_00123.tif msi_inputs/simulated_10/simulated_10_frame_00133.tif msi_inputs/simulated_10/simulated_10_frame_00143.tif msi_inputs/simulated_10/simulated_10_frame_00153.tif,gt_outputs/simulated_10/simulated_10_gt_00083.png gt_outputs/simulated_10/simulated_10_gt_00093.png gt_outputs/simulated_10/simulated_10_gt_00103.png gt_outputs/simulated_10/simulated_10_gt_00113.png gt_outputs/simulated_10/simulated_10_gt_00123.png gt_outputs/simulated_10/simulated_10_gt_00133.png gt_outputs/simulated_10/simulated_10_gt_00143.png gt_outputs/simulated_10/simulated_10_gt_00153.png
643,msi_inputs/simulated_10/simulated_10_frame_00001.tif msi_inputs/simulated_10/simulated_10_frame_00011.tif msi_inputs/simulated_10/simulated_10_frame_00021.tif msi_inputs/simulated_10/simulated_10_frame_00031.tif msi_inputs/simulated_10/simulated_10_frame_00041.tif msi_inputs/simulated_10/simulated_10_frame_00051.tif msi_inputs/simulated_10/simulated_10_frame_00061.tif msi_inputs/simulated_10/simulated_10_frame_00071.tif,gt_outputs/simulated_10/simulated_10_gt_00001.png gt_outputs/simulated_10/simulated_10_gt_00011.png gt_outputs/simulated_10/simulated_10_gt_00021.png gt_outputs/simulated_10/simulated_10_gt_00031.png gt_outputs/simulated_10/simulated_10_gt_00041.png gt_outputs/simulated_10/simulated_10_gt_00051.png gt_outputs/simulated_10/simulated_10_gt_00061.png gt_outputs/simulated_10/simulated_10_gt_00071.png
644,msi_inputs/simulated_10/simulated_10_frame_00044.tif msi_inputs/simulated_10/simulated_10_frame_00049.tif msi_inputs/simulated_10/simulated_10_frame_00054.tif msi_inputs/simulated_10/simulated_10_frame_00059.tif msi_inputs/simulated_10/simulated_10_frame_00064.tif msi_inputs/simulated_10/simulated_10_frame_00069.tif msi_inputs/simulated_10/simulated_10_frame_00074.tif msi_inputs/simulated_10/simulated_10_frame_00079.tif,gt_outputs/simulated_10/simulated_10_gt_00044.png gt_outputs/simulated_10/simulated_10_gt_00049.png gt_outputs/simulated_10/simulated_10_gt_00054.png gt_outputs/simulated_10/simulated_10_gt_00059.png gt_outputs/simulated_10/simulated_10_gt_00064.png gt_outputs/simulated_10/simulated_10_gt_00069.png gt_outputs/simulated_10/simulated_10_gt_00074.png gt_outputs/simulated_10/simulated_10_gt_00079.png
645,msi_inputs/simulated_10/simulated_10_frame_00120.tif msi_inputs/simulated_10/simulated_10_frame_00121.tif msi_inputs/simulated_10/simulated_10_frame_00122.tif msi_inputs/simulated_10/simulated_10_frame_00123.tif msi_inputs/simulated_10/simulated_10_frame_00124.tif msi_inputs/simulated_10/simulated_10_frame_00125.tif msi_inputs/simulated_10/simulated_10_frame_00126.tif msi_inputs/simulated_10/simulated_10_frame_00127.tif,gt_outputs/simulated_10/simulated_10_gt_00120.png gt_outputs/simulated_10/simulated_10_gt_00121.png gt_outputs/simulated_10/simulated_10_gt_00122.png gt_outputs/simulated_10/simulated_10_gt_00123.png gt_outputs/simulated_10/simulated_10_gt_00124.png gt_outputs/simulated_10/simulated_10_gt_00125.png gt_outputs/simulated_10/simulated_10_gt_00126.png gt_outputs/simulated_10/simulated_10_gt_00127.png
646,msi_inputs/simulated_10/simulated_10_frame_00006.tif msi_inputs/simulated_10/simulated_10_frame_00016.tif msi_inputs/simulated_10/simulated_10_frame_00026.tif msi_inputs/simulated_10/simulated_10_frame_00036.tif msi_inputs/simulated_10/simulated_10_frame_00046.tif msi_inputs/simulated_10/simulated_10_frame_00056.tif msi_inputs/simulated_10/simulated_10_frame_00066.tif msi_inputs/simulated_10/simulated_10_frame_00076.tif,gt_outputs/simulated_10/simulated_10_gt_00006.png gt_outputs/simulated_10/simulated_10_gt_00016.png gt_outputs/simulated_10/simulated_10_gt_00026.png gt_outputs/simulated_10/simulated_10_gt_00036.png gt_outputs/simulated_10/simulated_10_gt_00046.png gt_outputs/simulated_10/simulated_10_gt_00056.png gt_outputs/simulated_10/simulated_10_gt_00066.png gt_outputs/simulated_10/simulated_10_gt_00076.png
647,msi_inputs/simulated_10/simulated_10_frame_00083.tif msi_inputs/simulated_10/simulated_10_frame_00088.tif msi_inputs/simulated_10/simulated_10_frame_00093.tif msi_inputs/simulated_10/simulated_10_frame_00098.tif msi_inputs/simulated_10/simulated_10_frame_00103.tif msi_inputs/simulated_10/simulated_10_frame_00108.tif msi_inputs/simulated_10/simulated_10_frame_00113.tif msi_inputs/simulated_10/simulated_10_frame_00118.tif,gt_outputs/simulated_10/simulated_10_gt_00083.png gt_outputs/simulated_10/simulated_10_gt_00088.png gt_outputs/simulated_10/simulated_10_gt_00093.png gt_outputs/simulated_10/simulated_10_gt_00098.png gt_outputs/simulated_10/simulated_10_gt_00103.png gt_outputs/simulated_10/simulated_10_gt_00108.png gt_outputs/simulated_10/simulated_10_gt_00113.png gt_outputs/simulated_10/simulated_10_gt_00118.png
648,msi_inputs/simulated_10/simulated_10_frame_00184.tif msi_inputs/simulated_10/simulated_10_frame_00185.tif msi_inputs/simulated_10/simulated_10_frame_00186.tif msi_inputs/simulated_10/simulated_10_frame_00187.tif msi_inputs/simulated_10/simulated_10_frame_00188.tif msi_inputs/simulated_10/simulated_10_frame_00189.tif msi_inputs/simulated_10/simulated_10_frame_00190.tif msi_inputs/simulated_10/simulated_10_frame_00191.tif,gt_outputs/simulated_10/simulated_10_gt_00184.png gt_outputs/simulated_10/simulated_10_gt_00185.png gt_outputs/simulated_10/simulated_10_gt_00186.png gt_outputs/simulated_10/simulated_10_gt_00187.png gt_outputs/simulated_10/simulated_10_gt_00188.png gt_outputs/simulated_10/simulated_10_gt_00189.png gt_outputs/simulated_10/simulated_10_gt_00190.png gt_outputs/simulated_10/simulated_10_gt_00191.png
649,msi_inputs/simulated_10/simulated_10_frame_00104.tif msi_inputs/simulated_10/simulated_10_frame_00105.tif msi_inputs/simulated_10/simulated_10_frame_00106.tif msi_inputs/simulated_10/simulated_10_frame_00107.tif msi_inputs/simulated_10/simulated_10_frame_00108.tif msi_inputs/simulated_10/simulated_10_frame_00109.tif msi_inputs/simulated_10/simulated_10_frame_00110.tif msi_inputs/simulated_10/simulated_10_frame_00111.tif,gt_outputs/simulated_10/simulated_10_gt_00104.png gt_outputs/simulated_10/simulated_10_gt_00105.png gt_outputs/simulated_10/simulated_10_gt_00106.png gt_outputs/simulated_10/simulated_10_gt_00107.png gt_outputs/simulated_10/simulated_10_gt_00108.png gt_outputs/simulated_10/simulated_10_gt_00109.png gt_outputs/simulated_10/simulated_10_gt_00110.png gt_outputs/simulated_10/simulated_10_gt_00111.png
650,msi_inputs/simulated_10/simulated_10_frame_00088.tif msi_inputs/simulated_10/simulated_10_frame_00089.tif msi_inputs/simulated_10/simulated_10_frame_00090.tif msi_inputs/simulated_10/simulated_10_frame_00091.tif msi_inputs/simulated_10/simulated_10_frame_00092.tif msi_inputs/simulated_10/simulated_10_frame_00093.tif msi_inputs/simulated_10/simulated_10_frame_00094.tif msi_inputs/simulated_10/simulated_10_frame_00095.tif,gt_outputs/simulated_10/simulated_10_gt_00088.png gt_outputs/simulated_10/simulated_10_gt_00089.png gt_outputs/simulated_10/simulated_10_gt_00090.png gt_outputs/simulated_10/simulated_10_gt_00091.png gt_outputs/simulated_10/simulated_10_gt_00092.png gt_outputs/simulated_10/simulated_10_gt_00093.png gt_outputs/simulated_10/simulated_10_gt_00094.png gt_outputs/simulated_10/simulated_10_gt_00095.png
651,msi_inputs/simulated_10/simulated_10_frame_00128.tif msi_inputs/simulated_10/simulated_10_frame_00129.tif msi_inputs/simulated_10/simulated_10_frame_00130.tif msi_inputs/simulated_10/simulated_10_frame_00131.tif msi_inputs/simulated_10/simulated_10_frame_00132.tif msi_inputs/simulated_10/simulated_10_frame_00133.tif msi_inputs/simulated_10/simulated_10_frame_00134.tif msi_inputs/simulated_10/simulated_10_frame_00135.tif,gt_outputs/simulated_10/simulated_10_gt_00128.png gt_outputs/simulated_10/simulated_10_gt_00129.png gt_outputs/simulated_10/simulated_10_gt_00130.png gt_outputs/simulated_10/simulated_10_gt_00131.png gt_outputs/simulated_10/simulated_10_gt_00132.png gt_outputs/simulated_10/simulated_10_gt_00133.png gt_outputs/simulated_10/simulated_10_gt_00134.png gt_outputs/simulated_10/simulated_10_gt_00135.png
652,msi_inputs/simulated_10/simulated_10_frame_00122.tif msi_inputs/simulated_10/simulated_10_frame_00127.tif msi_inputs/simulated_10/simulated_10_frame_00132.tif msi_inputs/simulated_10/simulated_10_frame_00137.tif msi_inputs/simulated_10/simulated_10_frame_00142.tif msi_inputs/simulated_10/simulated_10_frame_00147.tif msi_inputs/simulated_10/simulated_10_frame_00152.tif msi_inputs/simulated_10/simulated_10_frame_00157.tif,gt_outputs/simulated_10/simulated_10_gt_00122.png gt_outputs/simulated_10/simulated_10_gt_00127.png gt_outputs/simulated_10/simulated_10_gt_00132.png gt_outputs/simulated_10/simulated_10_gt_00137.png gt_outputs/simulated_10/simulated_10_gt_00142.png gt_outputs/simulated_10/simulated_10_gt_00147.png gt_outputs/simulated_10/simulated_10_gt_00152.png gt_outputs/simulated_10/simulated_10_gt_00157.png
653,msi_inputs/simulated_10/simulated_10_frame_00086.tif msi_inputs/simulated_10/simulated_10_frame_00096.tif msi_inputs/simulated_10/simulated_10_frame_00106.tif msi_inputs/simulated_10/simulated_10_frame_00116.tif msi_inputs/simulated_10/simulated_10_frame_00126.tif msi_inputs/simulated_10/simulated_10_frame_00136.tif msi_inputs/simulated_10/simulated_10_frame_00146.tif msi_inputs/simulated_10/simulated_10_frame_00156.tif,gt_outputs/simulated_10/simulated_10_gt_00086.png gt_outputs/simulated_10/simulated_10_gt_00096.png gt_outputs/simulated_10/simulated_10_gt_00106.png gt_outputs/simulated_10/simulated_10_gt_00116.png gt_outputs/simulated_10/simulated_10_gt_00126.png gt_outputs/simulated_10/simulated_10_gt_00136.png gt_outputs/simulated_10/simulated_10_gt_00146.png gt_outputs/simulated_10/simulated_10_gt_00156.png
654,msi_inputs/simulated_10/simulated_10_frame_00081.tif msi_inputs/simulated_10/simulated_10_frame_00086.tif msi_inputs/simulated_10/simulated_10_frame_00091.tif msi_inputs/simulated_10/simulated_10_frame_00096.tif msi_inputs/simulated_10/simulated_10_frame_00101.tif msi_inputs/simulated_10/simulated_10_frame_00106.tif msi_inputs/simulated_10/simulated_10_frame_00111.tif msi_inputs/simulated_10/simulated_10_frame_00116.tif,gt_outputs/simulated_10/simulated_10_gt_00081.png gt_outputs/simulated_10/simulated_10_gt_00086.png gt_outputs/simulated_10/simulated_10_gt_00091.png gt_outputs/simulated_10/simulated_10_gt_00096.png gt_outputs/simulated_10/simulated_10_gt_00101.png gt_outputs/simulated_10/simulated_10_gt_00106.png gt_outputs/simulated_10/simulated_10_gt_00111.png gt_outputs/simulated_10/simulated_10_gt_00116.png
655,msi_inputs/simulated_10/simulated_10_frame_00019.tif msi_inputs/simulated_10/simulated_10_frame_00044.tif msi_inputs/simulated_10/simulated_10_frame_00069.tif msi_inputs/simulated_10/simulated_10_frame_00094.tif msi_inputs/simulated_10/simulated_10_frame_00119.tif msi_inputs/simulated_10/simulated_10_frame_00144.tif msi_inputs/simulated_10/simulated_10_frame_00169.tif msi_inputs/simulated_10/simulated_10_frame_00194.tif,gt_outputs/simulated_10/simulated_10_gt_00019.png gt_outputs/simulated_10/simulated_10_gt_00044.png gt_outputs/simulated_10/simulated_10_gt_00069.png gt_outputs/simulated_10/simulated_10_gt_00094.png gt_outputs/simulated_10/simulated_10_gt_00119.png gt_outputs/simulated_10/simulated_10_gt_00144.png gt_outputs/simulated_10/simulated_10_gt_00169.png gt_outputs/simulated_10/simulated_10_gt_00194.png
656,msi_inputs/simulated_10/simulated_10_frame_00004.tif msi_inputs/simulated_10/simulated_10_frame_00014.tif msi_inputs/simulated_10/simulated_10_frame_00024.tif msi_inputs/simulated_10/simulated_10_frame_00034.tif msi_inputs/simulated_10/simulated_10_frame_00044.tif msi_inputs/simulated_10/simulated_10_frame_00054.tif msi_inputs/simulated_10/simulated_10_frame_00064.tif msi_inputs/simulated_10/simulated_10_frame_00074.tif,gt_outputs/simulated_10/simulated_10_gt_00004.png gt_outputs/simulated_10/simulated_10_gt_00014.png gt_outputs/simulated_10/simulated_10_gt_00024.png gt_outputs/simulated_10/simulated_10_gt_00034.png gt_outputs/simulated_10/simulated_10_gt_00044.png gt_outputs/simulated_10/simulated_10_gt_00054.png gt_outputs/simulated_10/simulated_10_gt_00064.png gt_outputs/simulated_10/simulated_10_gt_00074.png
657,msi_inputs/simulated_10/simulated_10_frame_00004.tif msi_inputs/simulated_10/simulated_10_frame_00029.tif msi_inputs/simulated_10/simulated_10_frame_00054.tif msi_inputs/simulated_10/simulated_10_frame_00079.tif msi_inputs/simulated_10/simulated_10_frame_00104.tif msi_inputs/simulated_10/simulated_10_frame_00129.tif msi_inputs/simulated_10/simulated_10_frame_00154.tif msi_inputs/simulated_10/simulated_10_frame_00179.tif,gt_outputs/simulated_10/simulated_10_gt_00004.png gt_outputs/simulated_10/simulated_10_gt_00029.png gt_outputs/simulated_10/simulated_10_gt_00054.png gt_outputs/simulated_10/simulated_10_gt_00079.png gt_outputs/simulated_10/simulated_10_gt_00104.png gt_outputs/simulated_10/simulated_10_gt_00129.png gt_outputs/simulated_10/simulated_10_gt_00154.png gt_outputs/simulated_10/simulated_10_gt_00179.png
658,msi_inputs/simulated_10/simulated_10_frame_00020.tif msi_inputs/simulated_10/simulated_10_frame_00045.tif msi_inputs/simulated_10/simulated_10_frame_00070.tif msi_inputs/simulated_10/simulated_10_frame_00095.tif msi_inputs/simulated_10/simulated_10_frame_00120.tif msi_inputs/simulated_10/simulated_10_frame_00145.tif msi_inputs/simulated_10/simulated_10_frame_00170.tif msi_inputs/simulated_10/simulated_10_frame_00195.tif,gt_outputs/simulated_10/simulated_10_gt_00020.png gt_outputs/simulated_10/simulated_10_gt_00045.png gt_outputs/simulated_10/simulated_10_gt_00070.png gt_outputs/simulated_10/simulated_10_gt_00095.png gt_outputs/simulated_10/simulated_10_gt_00120.png gt_outputs/simulated_10/simulated_10_gt_00145.png gt_outputs/simulated_10/simulated_10_gt_00170.png gt_outputs/simulated_10/simulated_10_gt_00195.png
659,msi_inputs/simulated_10/simulated_10_frame_00003.tif msi_inputs/simulated_10/simulated_10_frame_00008.tif msi_inputs/simulated_10/simulated_10_frame_00013.tif msi_inputs/simulated_10/simulated_10_frame_00018.tif msi_inputs/simulated_10/simulated_10_frame_00023.tif msi_inputs/simulated_10/simulated_10_frame_00028.tif msi_inputs/simulated_10/simulated_10_frame_00033.tif msi_inputs/simulated_10/simulated_10_frame_00038.tif,gt_outputs/simulated_10/simulated_10_gt_00003.png gt_outputs/simulated_10/simulated_10_gt_00008.png gt_outputs/simulated_10/simulated_10_gt_00013.png gt_outputs/simulated_10/simulated_10_gt_00018.png gt_outputs/simulated_10/simulated_10_gt_00023.png gt_outputs/simulated_10/simulated_10_gt_00028.png gt_outputs/simulated_10/simulated_10_gt_00033.png gt_outputs/simulated_10/simulated_10_gt_00038.png
660,msi_inputs/simulated_11/simulated_11_frame_00004.tif msi_inputs/simulated_11/simulated_11_frame_00029.tif msi_inputs/simulated_11/simulated_11_frame_00054.tif msi_inputs/simulated_11/simulated_11_frame_00079.tif msi_inputs/simulated_11/simulated_11_frame_00104.tif msi_inputs/simulated_11/simulated_11_frame_00129.tif msi_inputs/simulated_11/simulated_11_frame_00154.tif msi_inputs/simulated_11/simulated_11_frame_00179.tif,gt_outputs/simulated_11/simulated_11_gt_00004.png gt_outputs/simulated_11/simulated_11_gt_00029.png gt_outputs/simulated_11/simulated_11_gt_00054.png gt_outputs/simulated_11/simulated_11_gt_00079.png gt_outputs/simulated_11/simulated_11_gt_00104.png gt_outputs/simulated_11/simulated_11_gt_00129.png gt_outputs/simulated_11/simulated_11_gt_00154.png gt_outputs/simulated_11/simulated_11_gt_00179.png
661,msi_inputs/simulated_11/simulated_11_frame_00088.tif msi_inputs/simulated_11/simulated_11_frame_00089.tif msi_inputs/simulated_11/simulated_11_frame_00090.tif msi_inputs/simulated_11/simulated_11_frame_00091.tif msi_inputs/simulated_11/simulated_11_frame_00092.tif msi_inputs/simulated_11/simulated_11_frame_00093.tif msi_inputs/simulated_11/simulated_11_frame_00094.tif msi_inputs/simulated_11/simulated_11_frame_00095.tif,gt_outputs/simulated_11/simulated_11_gt_00088.png gt_outputs/simulated_11/simulated_11_gt_00089.png gt_outputs/simulated_11/simulated_11_gt_00090.png gt_outputs/simulated_11/simulated_11_gt_00091.png gt_outputs/simulated_11/simulated_11_gt_00092.png gt_outputs/simulated_11/simulated_11_gt_00093.png gt_outputs/simulated_11/simulated_11_gt_00094.png gt_outputs/simulated_11/simulated_11_gt_00095.png
662,msi_inputs/simulated_11/simulated_11_frame_00002.tif msi_inputs/simulated_11/simulated_11_frame_00007.tif msi_inputs/simulated_11/simulated_11_frame_00012.tif msi_inputs/simulated_11/simulated_11_frame_00017.tif msi_inputs/simulated_11/simulated_11_frame_00022.tif msi_inputs/simulated_11/simulated_11_frame_00027.tif msi_inputs/simulated_11/simulated_11_frame_00032.tif msi_inputs/simulated_11/simulated_11_frame_00037.tif,gt_outputs/simulated_11/simulated_11_gt_00002.png gt_outputs/simulated_11/simulated_11_gt_00007.png gt_outputs/simulated_11/simulated_11_gt_00012.png gt_outputs/simulated_11/simulated_11_gt_00017.png gt_outputs/simulated_11/simulated_11_gt_00022.png gt_outputs/simulated_11/simulated_11_gt_00027.png gt_outputs/simulated_11/simulated_11_gt_00032.png gt_outputs/simulated_11/simulated_11_gt_00037.png
663,msi_inputs/simulated_11/simulated_11_frame_00083.tif msi_inputs/simulated_11/simulated_11_frame_00088.tif msi_inputs/simulated_11/simulated_11_frame_00093.tif msi_inputs/simulated_11/simulated_11_frame_00098.tif msi_inputs/simulated_11/simulated_11_frame_00103.tif msi_inputs/simulated_11/simulated_11_frame_00108.tif msi_inputs/simulated_11/simulated_11_frame_00113.tif msi_inputs/simulated_11/simulated_11_frame_00118.tif,gt_outputs/simulated_11/simulated_11_gt_00083.png gt_outputs/simulated_11/simulated_11_gt_00088.png gt_outputs/simulated_11/simulated_11_gt_00093.png gt_outputs/simulated_11/simulated_11_gt_00098.png gt_outputs/simulated_11/simulated_11_gt_00103.png gt_outputs/simulated_11/simulated_11_gt_00108.png gt_outputs/simulated_11/simulated_11_gt_00113.png gt_outputs/simulated_11/simulated_11_gt_00118.png
664,msi_inputs/simulated_11/simulated_11_frame_00080.tif msi_inputs/simulated_11/simulated_11_frame_00081.tif msi_inputs/simulated_11/simulated_11_frame_00082.tif msi_inputs/simulated_11/simulated_11_frame_00083.tif msi_inputs/simulated_11/simulated_11_frame_00084.tif msi_inputs/simulated_11/simulated_11_frame_00085.tif msi_inputs/simulated_11/simulated_11_frame_00086.tif msi_inputs/simulated_11/simulated_11_frame_00087.tif,gt_outputs/simulated_11/simulated_11_gt_00080.png gt_outputs/simulated_11/simulated_11_gt_00081.png gt_outputs/simulated_11/simulated_11_gt_00082.png gt_outputs/simulated_11/simulated_11_gt_00083.png gt_outputs/simulated_11/simulated_11_gt_00084.png gt_outputs/simulated_11/simulated_11_gt_00085.png gt_outputs/simulated_11/simulated_11_gt_00086.png gt_outputs/simulated_11/simulated_11_gt_00087.png
665,msi_inputs/simulated_11/simulated_11_frame_00120.tif msi_inputs/simulated_11/simulated_11_frame_00121.tif msi_inputs/simulated_11/simulated_11_frame_00122.tif msi_inputs/simulated_11/simulated_11_frame_00123.tif msi_inputs/simulated_11/simulated_11_frame_00124.tif msi_inputs/simulated_11/simulated_11_frame_00125.tif msi_inputs/simulated_11/simulated_11_frame_00126.tif msi_inputs/simulated_11/simulated_11_frame_00127.tif,gt_outputs/simulated_11/simulated_11_gt_00120.png gt_outputs/simulated_11/simulated_11_gt_00121.png gt_outputs/simulated_11/simulated_11_gt_00122.png gt_outputs/simulated_11/simulated_11_gt_00123.png gt_outputs/simulated_11/simulated_11_gt_00124.png gt_outputs/simulated_11/simulated_11_gt_00125.png gt_outputs/simulated_11/simulated_11_gt_00126.png gt_outputs/simulated_11/simulated_11_gt_00127.png
666,msi_inputs/simulated_11/simulated_11_frame_00003.tif msi_inputs/simulated_11/simulated_11_frame_00013.tif msi_inputs/simulated_11/simulated_11_frame_00023.tif msi_inputs/simulated_11/simulated_11_frame_00033.tif msi_inputs/simulated_11/simulated_11_frame_00043.tif msi_inputs/simulated_11/simulated_11_frame_00053.tif msi_inputs/simulated_11/simulated_11_frame_00063.tif msi_inputs/simulated_11/simulated_11_frame_00073.tif,gt_outputs/simulated_11/simulated_11_gt_00003.png gt_outputs/simulated_11/simulated_11_gt_00013.png gt_outputs/simulated_11/simulated_11_gt_00023.png gt_outputs/simulated_11/simulated_11_gt_00033.png gt_outputs/simulated_11/simulated_11_gt_00043.png gt_outputs/simulated_11/simulated_11_gt_00053.png gt_outputs/simulated_11/simulated_11_gt_00063.png gt_outputs/simulated_11/simulated_11_gt_00073.png
667,msi_inputs/simulated_11/simulated_11_frame_00083.tif msi_inputs/simulated_11/simulated_11_frame_00093.tif msi_inputs/simulated_11/simulated_11_frame_00103.tif msi_inputs/simulated_11/simulated_11_frame_00113.tif msi_inputs/simulated_11/simulated_11_frame_00123.tif msi_inputs/simulated_11/simulated_11_frame_00133.tif msi_inputs/simulated_11/simulated_11_frame_00143.tif msi_inputs/simulated_11/simulated_11_frame_00153.tif,gt_outputs/simulated_11/simulated_11_gt_00083.png gt_outputs/simulated_11/simulated_11_gt_00093.png gt_outputs/simulated_11/simulated_11_gt_00103.png gt_outputs/simulated_11/simulated_11_gt_00113.png gt_outputs/simulated_11/simulated_11_gt_00123.png gt_outputs/simulated_11/simulated_11_gt_00133.png gt_outputs/simulated_11/simulated_11_gt_00143.png gt_outputs/simulated_11/simulated_11_gt_00153.png
668,msi_inputs/simulated_11/simulated_11_frame_00024.tif msi_inputs/simulated_11/simulated_11_frame_00025.tif msi_inputs/simulated_11/simulated_11_frame_00026.tif msi_inputs/simulated_11/simulated_11_frame_00027.tif msi_inputs/simulated_11/simulated_11_frame_00028.tif msi_inputs/simulated_11/simulated_11_frame_00029.tif msi_inputs/simulated_11/simulated_11_frame_00030.tif msi_inputs/simulated_11/simulated_11_frame_00031.tif,gt_outputs/simulated_11/simulated_11_gt_00024.png gt_outputs/simulated_11/simulated_11_gt_00025.png gt_outputs/simulated_11/simulated_11_gt_00026.png gt_outputs/simulated_11/simulated_11_gt_00027.png gt_outputs/simulated_11/simulated_11_gt_00028.png gt_outputs/simulated_11/simulated_11_gt_00029.png gt_outputs/simulated_11/simulated_11_gt_00030.png gt_outputs/simulated_11/simulated_11_gt_00031.png
669,msi_inputs/simulated_11/simulated_11_frame_00014.tif msi_inputs/simulated_11/simulated_11_frame_00039.tif msi_inputs/simulated_11/simulated_11_frame_00064.tif msi_inputs/simulated_11/simulated_11_frame_00089.tif msi_inputs/simulated_11/simulated_11_frame_00114.tif msi_inputs/simulated_11/simulated_11_frame_00139.tif msi_inputs/simulated_11/simulated_11_frame_00164.tif msi_inputs/simulated_11/simulated_11_frame_00189.tif,gt_outputs/simulated_11/simulated_11_gt_00014.png gt_outputs/simulated_11/simulated_11_gt_00039.png gt_outputs/simulated_11/simulated_11_gt_00064.png gt_outputs/simulated_11/simulated_11_gt_00089.png gt_outputs/simulated_11/simulated_11_gt_00114.png gt_outputs/simulated_11/simulated_11_gt_00139.png gt_outputs/simulated_11/simulated_11_gt_00164.png gt_outputs/simulated_11/simulated_11_gt_00189.png
670,msi_inputs/simulated_11/simulated_11_frame_00006.tif msi_inputs/simulated_11/simulated_11_frame_00016.tif msi_inputs/simulated_11/simulated_11_frame_00026.tif msi_inputs/simulated_11/simulated_11_frame_00036.tif msi_inputs/simulated_11/simulated_11_frame_00046.tif msi_inputs/simulated_11/simulated_11_frame_00056.tif msi_inputs/simulated_11/simulated_11_frame_00066.tif msi_inputs/simulated_11/simulated_11_frame_00076.tif,gt_outputs/simulated_11/simulated_11_gt_00006.png gt_outputs/simulated_11/simulated_11_gt_00016.png gt_outputs/simulated_11/simulated_11_gt_00026.png gt_outputs/simulated_11/simulated_11_gt_00036.png gt_outputs/simulated_11/simulated_11_gt_00046.png gt_outputs/simulated_11/simulated_11_gt_00056.png gt_outputs/simulated_11/simulated_11_gt_00066.png gt_outputs/simulated_11/simulated_11_gt_00076.png
671,msi_inputs/simulated_11/simulated_11_frame_00072.tif msi_inputs/simulated_11/simulated_11_frame_00073.tif msi_inputs/simulated_11/simulated_11_frame_00074.tif msi_inputs/simulated_11/simulated_11_frame_00075.tif msi_inputs/simulated_11/simulated_11_frame_00076.tif msi_inputs/simulated_11/simulated_11_frame_00077.tif msi_inputs/simulated_11/simulated_11_frame_00078.tif msi_inputs/simulated_11/simulated_11_frame_00079.tif,gt_outputs/simulated_11/simulated_11_gt_00072.png gt_outputs/simulated_11/simulated_11_gt_00073.png gt_outputs/simulated_11/simulated_11_gt_00074.png gt_outputs/simulated_11/simulated_11_gt_00075.png gt_outputs/simulated_11/simulated_11_gt_00076.png gt_outputs/simulated_11/simulated_11_gt_00077.png gt_outputs/simulated_11/simulated_11_gt_00078.png gt_outputs/simulated_11/simulated_11_gt_00079.png
672,msi_inputs/simulated_11/simulated_11_frame_00017.tif msi_inputs/simulated_11/simulated_11_frame_00042.tif msi_inputs/simulated_11/simulated_11_frame_00067.tif msi_inputs/simulated_11/simulated_11_frame_00092.tif msi_inputs/simulated_11/simulated_11_frame_00117.tif msi_inputs/simulated_11/simulated_11_frame_00142.tif msi_inputs/simulated_11/simulated_11_frame_00167.tif msi_inputs/simulated_11/simulated_11_frame_00192.tif,gt_outputs/simulated_11/simulated_11_gt_00017.png gt_outputs/simulated_11/simulated_11_gt_00042.png gt_outputs/simulated_11/simulated_11_gt_00067.png gt_outputs/simulated_11/simulated_11_gt_00092.png gt_outputs/simulated_11/simulated_11_gt_00117.png gt_outputs/simulated_11/simulated_11_gt_00142.png gt_outputs/simulated_11/simulated_11_gt_00167.png gt_outputs/simulated_11/simulated_11_gt_00192.png
673,msi_inputs/simulated_11/simulated_11_frame_00024.tif msi_inputs/simulated_11/simulated_11_frame_00049.tif msi_inputs/simulated_11/simulated_11_frame_00074.tif msi_inputs/simulated_11/simulated_11_frame_00099.tif msi_inputs/simulated_11/simulated_11_frame_00124.tif msi_inputs/simulated_11/simulated_11_frame_00149.tif msi_inputs/simulated_11/simulated_11_frame_00174.tif msi_inputs/simulated_11/simulated_11_frame_00199.tif,gt_outputs/simulated_11/simulated_11_gt_00024.png gt_outputs/simulated_11/simulated_11_gt_00049.png gt_outputs/simulated_11/simulated_11_gt_00074.png gt_outputs/simulated_11/simulated_11_gt_00099.png gt_outputs/simulated_11/simulated_11_gt_00124.png gt_outputs/simulated_11/simulated_11_gt_00149.png gt_outputs/simulated_11/simulated_11_gt_00174.png gt_outputs/simulated_11/simulated_11_gt_00199.png
674,msi_inputs/simulated_11/simulated_11_frame_00164.tif msi_inputs/simulated_11/simulated_11_frame_00169.tif msi_inputs/simulated_11/simulated_11_frame_00174.tif msi_inputs/simulated_11/simulated_11_frame_00179.tif msi_inputs/simulated_11/simulated_11_frame_00184.tif msi_inputs/simulated_11/simulated_11_frame_00189.tif msi_inputs/simulated_11/simulated_11_frame_00194.tif msi_inputs/simulated_11/simulated_11_frame_00199.tif,gt_outputs/simulated_11/simulated_11_gt_00164.png gt_outputs/simulated_11/simulated_11_gt_00169.png gt_outputs/simulated_11/simulated_11_gt_00174.png gt_outputs/simulated_11/simulated_11_gt_00179.png gt_outputs/simulated_11/simulated_11_gt_00184.png gt_outputs/simulated_11/simulated_11_gt_00189.png gt_outputs/simulated_11/simulated_11_gt_00194.png gt_outputs/simulated_11/simulated_11_gt_00199.png
675,msi_inputs/simulated_11/simulated_11_frame_00163.tif msi_inputs/simulated_11/simulated_11_frame_00168.tif msi_inputs/simulated_11/simulated_11_frame_00173.tif msi_inputs/simulated_11/simulated_11_frame_00178.tif msi_inputs/simulated_11/simulated_11_frame_00183.tif msi_inputs/simulated_11/simulated_11_frame_00188.tif msi_inputs/simulated_11/simulated_11_frame_00193.tif msi_inputs/simulated_11/simulated_11_frame_00198.tif,gt_outputs/simulated_11/simulated_11_gt_00163.png gt_outputs/simulated_11/simulated_11_gt_00168.png gt_outputs/simulated_11/simulated_11_gt_00173.png gt_outputs/simulated_11/simulated_11_gt_00178.png gt_outputs/simulated_11/simulated_11_gt_00183.png gt_outputs/simulated_11/simulated_11_gt_00188.png gt_outputs/simulated_11/simulated_11_gt_00193.png gt_outputs/simulated_11/simulated_11_gt_00198.png
676,msi_inputs/simulated_11/simulated_11_frame_00012.tif msi_inputs/simulated_11/simulated_11_frame_00037.tif msi_inputs/simulated_11/simulated_11_frame_00062.tif msi_inputs/simulated_11/simulated_11_frame_00087.tif msi_inputs/simulated_11/simulated_11_frame_00112.tif msi_inputs/simulated_11/simulated_11_frame_00137.tif msi_inputs/simulated_11/simulated_11_frame_00162.tif msi_inputs/simulated_11/simulated_11_frame_00187.tif,gt_outputs/simulated_11/simulated_11_gt_00012.png gt_outputs/simulated_11/simulated_11_gt_00037.png gt_outputs/simulated_11/simulated_11_gt_00062.png gt_outputs/simulated_11/simulated_11_gt_00087.png gt_outputs/simulated_11/simulated_11_gt_00112.png gt_outputs/simulated_11/simulated_11_gt_00137.png gt_outputs/simulated_11/simulated_11_gt_00162.png gt_outputs/simulated_11/simulated_11_gt_00187.png
677,msi_inputs/simulated_11/simulated_11_frame_00161.tif msi_inputs/simulated_11/simulated_11_frame_00166.tif msi_inputs/simulated_11/simulated_11_frame_00171.tif msi_inputs/simulated_11/simulated_11_frame_00176.tif msi_inputs/simulated_11/simulated_11_frame_00181.tif msi_inputs/simulated_11/simulated_11_frame_00186.tif msi_inputs/simulated_11/simulated_11_frame_00191.tif msi_inputs/simulated_11/simulated_11_frame_00196.tif,gt_outputs/simulated_11/simulated_11_gt_00161.png gt_outputs/simulated_11/simulated_11_gt_00166.png gt_outputs/simulated_11/simulated_11_gt_00171.png gt_outputs/simulated_11/simulated_11_gt_00176.png gt_outputs/simulated_11/simulated_11_gt_00181.png gt_outputs/simulated_11/simulated_11_gt_00186.png gt_outputs/simulated_11/simulated_11_gt_00191.png gt_outputs/simulated_11/simulated_11_gt_00196.png
678,msi_inputs/simulated_11/simulated_11_frame_00043.tif msi_inputs/simulated_11/simulated_11_frame_00048.tif msi_inputs/simulated_11/simulated_11_frame_00053.tif msi_inputs/simulated_11/simulated_11_frame_00058.tif msi_inputs/simulated_11/simulated_11_frame_00063.tif msi_inputs/simulated_11/simulated_11_frame_00068.tif msi_inputs/simulated_11/simulated_11_frame_00073.tif msi_inputs/simulated_11/simulated_11_frame_00078.tif,gt_outputs/simulated_11/simulated_11_gt_00043.png gt_outputs/simulated_11/simulated_11_gt_00048.png gt_outputs/simulated_11/simulated_11_gt_00053.png gt_outputs/simulated_11/simulated_11_gt_00058.png gt_outputs/simulated_11/simulated_11_gt_00063.png gt_outputs/simulated_11/simulated_11_gt_00068.png gt_outputs/simulated_11/simulated_11_gt_00073.png gt_outputs/simulated_11/simulated_11_gt_00078.png
679,msi_inputs/simulated_11/simulated_11_frame_00010.tif msi_inputs/simulated_11/simulated_11_frame_00035.tif msi_inputs/simulated_11/simulated_11_frame_00060.tif msi_inputs/simulated_11/simulated_11_frame_00085.tif msi_inputs/simulated_11/simulated_11_frame_00110.tif msi_inputs/simulated_11/simulated_11_frame_00135.tif msi_inputs/simulated_11/simulated_11_frame_00160.tif msi_inputs/simulated_11/simulated_11_frame_00185.tif,gt_outputs/simulated_11/simulated_11_gt_00010.png gt_outputs/simulated_11/simulated_11_gt_00035.png gt_outputs/simulated_11/simulated_11_gt_00060.png gt_outputs/simulated_11/simulated_11_gt_00085.png gt_outputs/simulated_11/simulated_11_gt_00110.png gt_outputs/simulated_11/simulated_11_gt_00135.png gt_outputs/simulated_11/simulated_11_gt_00160.png gt_outputs/simulated_11/simulated_11_gt_00185.png
680,msi_inputs/simulated_11/simulated_11_frame_00032.tif msi_inputs/simulated_11/simulated_11_frame_00033.tif msi_inputs/simulated_11/simulated_11_frame_00034.tif msi_inputs/simulated_11/simulated_11_frame_00035.tif msi_inputs/simulated_11/simulated_11_frame_00036.tif msi_inputs/simulated_11/simulated_11_frame_00037.tif msi_inputs/simulated_11/simulated_11_frame_00038.tif msi_inputs/simulated_11/simulated_11_frame_00039.tif,gt_outputs/simulated_11/simulated_11_gt_00032.png gt_outputs/simulated_11/simulated_11_gt_00033.png gt_outputs/simulated_11/simulated_11_gt_00034.png gt_outputs/simulated_11/simulated_11_gt_00035.png gt_outputs/simulated_11/simulated_11_gt_00036.png gt_outputs/simulated_11/simulated_11_gt_00037.png gt_outputs/simulated_11/simulated_11_gt_00038.png gt_outputs/simulated_11/simulated_11_gt_00039.png
681,msi_inputs/simulated_11/simulated_11_frame_00104.tif msi_inputs/simulated_11/simulated_11_frame_00105.tif msi_inputs/simulated_11/simulated_11_frame_00106.tif msi_inputs/simulated_11/simulated_11_frame_00107.tif msi_inputs/simulated_11/simulated_11_frame_00108.tif msi_inputs/simulated_11/simulated_11_frame_00109.tif msi_inputs/simulated_11/simulated_11_frame_00110.tif msi_inputs/simulated_11/simulated_11_frame_00111.tif,gt_outputs/simulated_11/simulated_11_gt_00104.png gt_outputs/simulated_11/simulated_11_gt_00105.png gt_outputs/simulated_11/simulated_11_gt_00106.png gt_outputs/simulated_11/simulated_11_gt_00107.png gt_outputs/simulated_11/simulated_11_gt_00108.png gt_outputs/simulated_11/simulated_11_gt_00109.png gt_outputs/simulated_11/simulated_11_gt_00110.png gt_outputs/simulated_11/simulated_11_gt_00111.png
682,msi_inputs/simulated_11/simulated_11_frame_00122.tif msi_inputs/simulated_11/simulated_11_frame_00127.tif msi_inputs/simulated_11/simulated_11_frame_00132.tif msi_inputs/simulated_11/simulated_11_frame_00137.tif msi_inputs/simulated_11/simulated_11_frame_00142.tif msi_inputs/simulated_11/simulated_11_frame_00147.tif msi_inputs/simulated_11/simulated_11_frame_00152.tif msi_inputs/simulated_11/simulated_11_frame_00157.tif,gt_outputs/simulated_11/simulated_11_gt_00122.png gt_outputs/simulated_11/simulated_11_gt_00127.png gt_outputs/simulated_11/simulated_11_gt_00132.png gt_outputs/simulated_11/simulated_11_gt_00137.png gt_outputs/simulated_11/simulated_11_gt_00142.png gt_outputs/simulated_11/simulated_11_gt_00147.png gt_outputs/simulated_11/simulated_11_gt_00152.png gt_outputs/simulated_11/simulated_11_gt_00157.png
683,msi_inputs/simulated_11/simulated_11_frame_00152.tif msi_inputs/simulated_11/simulated_11_frame_00153.tif msi_inputs/simulated_11/simulated_11_frame_00154.tif msi_inputs/simulated_11/simulated_11_frame_00155.tif msi_inputs/simulated_11/simulated_11_frame_00156.tif msi_inputs/simulated_11/simulated_11_frame_00157.tif msi_inputs/simulated_11/simulated_11_frame_00158.tif msi_inputs/simulated_11/simulated_11_frame_00159.tif,gt_outputs/simulated_11/simulated_11_gt_00152.png gt_outputs/simulated_11/simulated_11_gt_00153.png gt_outputs/simulated_11/simulated_11_gt_00154.png gt_outputs/simulated_11/simulated_11_gt_00155.png gt_outputs/simulated_11/simulated_11_gt_00156.png gt_outputs/simulated_11/simulated_11_gt_00157.png gt_outputs/simulated_11/simulated_11_gt_00158.png gt_outputs/simulated_11/simulated_11_gt_00159.png
684,msi_inputs/simulated_11/simulated_11_frame_00008.tif msi_inputs/simulated_11/simulated_11_frame_00033.tif msi_inputs/simulated_11/simulated_11_frame_00058.tif msi_inputs/simulated_11/simulated_11_frame_00083.tif msi_inputs/simulated_11/simulated_11_frame_00108.tif msi_inputs/simulated_11/simulated_11_frame_00133.tif msi_inputs/simulated_11/simulated_11_frame_00158.tif msi_inputs/simulated_11/simulated_11_frame_00183.tif,gt_outputs/simulated_11/simulated_11_gt_00008.png gt_outputs/simulated_11/simulated_11_gt_00033.png gt_outputs/simulated_11/simulated_11_gt_00058.png gt_outputs/simulated_11/simulated_11_gt_00083.png gt_outputs/simulated_11/simulated_11_gt_00108.png gt_outputs/simulated_11/simulated_11_gt_00133.png gt_outputs/simulated_11/simulated_11_gt_00158.png gt_outputs/simulated_11/simulated_11_gt_00183.png
685,msi_inputs/simulated_11/simulated_11_frame_00088.tif msi_inputs/simulated_11/simulated_11_frame_00098.tif msi_inputs/simulated_11/simulated_11_frame_00108.tif msi_inputs/simulated_11/simulated_11_frame_00118.tif msi_inputs/simulated_11/simulated_11_frame_00128.tif msi_inputs/simulated_11/simulated_11_frame_00138.tif msi_inputs/simulated_11/simulated_11_frame_00148.tif msi_inputs/simulated_11/simulated_11_frame_00158.tif,gt_outputs/simulated_11/simulated_11_gt_00088.png gt_outputs/simulated_11/simulated_11_gt_00098.png gt_outputs/simulated_11/simulated_11_gt_00108.png gt_outputs/simulated_11/simulated_11_gt_00118.png gt_outputs/simulated_11/simulated_11_gt_00128.png gt_outputs/simulated_11/simulated_11_gt_00138.png gt_outputs/simulated_11/simulated_11_gt_00148.png gt_outputs/simulated_11/simulated_11_gt_00158.png
686,msi_inputs/simulated_11/simulated_11_frame_00128.tif msi_inputs/simulated_11/simulated_11_frame_00129.tif msi_inputs/simulated_11/simulated_11_frame_00130.tif msi_inputs/simulated_11/simulated_11_frame_00131.tif msi_inputs/simulated_11/simulated_11_frame_00132.tif msi_inputs/simulated_11/simulated_11_frame_00133.tif msi_inputs/simulated_11/simulated_11_frame_00134.tif msi_inputs/simulated_11/simulated_11_frame_00135.tif,gt_outputs/simulated_11/simulated_11_gt_00128.png gt_outputs/simulated_11/simulated_11_gt_00129.png gt_outputs/simulated_11/simulated_11_gt_00130.png gt_outputs/simulated_11/simulated_11_gt_00131.png gt_outputs/simulated_11/simulated_11_gt_00132.png gt_outputs/simulated_11/simulated_11_gt_00133.png gt_outputs/simulated_11/simulated_11_gt_00134.png gt_outputs/simulated_11/simulated_11_gt_00135.png
687,msi_inputs/simulated_11/simulated_11_frame_00184.tif msi_inputs/simulated_11/simulated_11_frame_00185.tif msi_inputs/simulated_11/simulated_11_frame_00186.tif msi_inputs/simulated_11/simulated_11_frame_00187.tif msi_inputs/simulated_11/simulated_11_frame_00188.tif msi_inputs/simulated_11/simulated_11_frame_00189.tif msi_inputs/simulated_11/simulated_11_frame_00190.tif msi_inputs/simulated_11/simulated_11_frame_00191.tif,gt_outputs/simulated_11/simulated_11_gt_00184.png gt_outputs/simulated_11/simulated_11_gt_00185.png gt_outputs/simulated_11/simulated_11_gt_00186.png gt_outputs/simulated_11/simulated_11_gt_00187.png gt_outputs/simulated_11/simulated_11_gt_00188.png gt_outputs/simulated_11/simulated_11_gt_00189.png gt_outputs/simulated_11/simulated_11_gt_00190.png gt_outputs/simulated_11/simulated_11_gt_00191.png
688,msi_inputs/simulated_11/simulated_11_frame_00000.tif msi_inputs/simulated_11/simulated_11_frame_00025.tif msi_inputs/simulated_11/simulated_11_frame_00050.tif msi_inputs/simulated_11/simulated_11_frame_00075.tif msi_inputs/simulated_11/simulated_11_frame_00100.tif msi_inputs/simulated_11/simulated_11_frame_00125.tif msi_inputs/simulated_11/simulated_11_frame_00150.tif msi_inputs/simulated_11/simulated_11_frame_00175.tif,gt_outputs/simulated_11/simulated_11_gt_00000.png gt_outputs/simulated_11/simulated_11_gt_00025.png gt_outputs/simulated_11/simulated_11_gt_00050.png gt_outputs/simulated_11/simulated_11_gt_00075.png gt_outputs/simulated_11/simulated_11_gt_00100.png gt_outputs/simulated_11/simulated_11_gt_00125.png gt_outputs/simulated_11/simulated_11_gt_00150.png gt_outputs/simulated_11/simulated_11_gt_00175.png
689,msi_inputs/simulated_11/simulated_11_frame_00085.tif msi_inputs/simulated_11/simulated_11_frame_00095.tif msi_inputs/simulated_11/simulated_11_frame_00105.tif msi_inputs/simulated_11/simulated_11_frame_00115.tif msi_inputs/simulated_11/simulated_11_frame_00125.tif msi_inputs/simulated_11/simulated_11_frame_00135.tif msi_inputs/simulated_11/simulated_11_frame_00145.tif msi_inputs/simulated_11/simulated_11_frame_00155.tif,gt_outputs/simulated_11/simulated_11_gt_00085.png gt_outputs/simulated_11/simulated_11_gt_00095.png gt_outputs/simulated_11/simulated_11_gt_00105.png gt_outputs/simulated_11/simulated_11_gt_00115.png gt_outputs/simulated_11/simulated_11_gt_00125.png gt_outputs/simulated_11/simulated_11_gt_00135.png gt_outputs/simulated_11/simulated_11_gt_00145.png gt_outputs/simulated_11/simulated_11_gt_00155.png
690,msi_inputs/simulated_11/simulated_11_frame_00192.tif msi_inputs/simulated_11/simulated_11_frame_00193.tif msi_inputs/simulated_11/simulated_11_frame_00194.tif msi_inputs/simulated_11/simulated_11_frame_00195.tif msi_inputs/simulated_11/simulated_11_frame_00196.tif msi_inputs/simulated_11/simulated_11_frame_00197.tif msi_inputs/simulated_11/simulated_11_frame_00198.tif msi_inputs/simulated_11/simulated_11_frame_00199.tif,gt_outputs/simulated_11/simulated_11_gt_00192.png gt_outputs/simulated_11/simulated_11_gt_00193.png gt_outputs/simulated_11/simulated_11_gt_00194.png gt_outputs/simulated_11/simulated_11_gt_00195.png gt_outputs/simulated_11/simulated_11_gt_00196.png gt_outputs/simulated_11/simulated_11_gt_00197.png gt_outputs/simulated_11/simulated_11_gt_00198.png gt_outputs/simulated_11/simulated_11_gt_00199.png
691,msi_inputs/simulated_11/simulated_11_frame_00007.tif msi_inputs/simulated_11/simulated_11_frame_00017.tif msi_inputs/simulated_11/simulated_11_frame_00027.tif msi_inputs/simulated_11/simulated_11_frame_00037.tif msi_inputs/simulated_11/simulated_11_frame_00047.tif msi_inputs/simulated_11/simulated_11_frame_00057.tif msi_inputs/simulated_11/simulated_11_frame_00067.tif msi_inputs/simulated_11/simulated_11_frame_00077.tif,gt_outputs/simulated_11/simulated_11_gt_00007.png gt_outputs/simulated_11/simulated_11_gt_00017.png gt_outputs/simulated_11/simulated_11_gt_00027.png gt_outputs/simulated_11/simulated_11_gt_00037.png gt_outputs/simulated_11/simulated_11_gt_00047.png gt_outputs/simulated_11/simulated_11_gt_00057.png gt_outputs/simulated_11/simulated_11_gt_00067.png gt_outputs/simulated_11/simulated_11_gt_00077.png
692,msi_inputs/simulated_11/simulated_11_frame_00041.tif msi_inputs/simulated_11/simulated_11_frame_00046.tif msi_inputs/simulated_11/simulated_11_frame_00051.tif msi_inputs/simulated_11/simulated_11_frame_00056.tif msi_inputs/simulated_11/simulated_11_frame_00061.tif msi_inputs/simulated_11/simulated_11_frame_00066.tif msi_inputs/simulated_11/simulated_11_frame_00071.tif msi_inputs/simulated_11/simulated_11_frame_00076.tif,gt_outputs/simulated_11/simulated_11_gt_00041.png gt_outputs/simulated_11/simulated_11_gt_00046.png gt_outputs/simulated_11/simulated_11_gt_00051.png gt_outputs/simulated_11/simulated_11_gt_00056.png gt_outputs/simulated_11/simulated_11_gt_00061.png gt_outputs/simulated_11/simulated_11_gt_00066.png gt_outputs/simulated_11/simulated_11_gt_00071.png gt_outputs/simulated_11/simulated_11_gt_00076.png
693,msi_inputs/simulated_11/simulated_11_frame_00000.tif msi_inputs/simulated_11/simulated_11_frame_00010.tif msi_inputs/simulated_11/simulated_11_frame_00020.tif msi_inputs/simulated_11/simulated_11_frame_00030.tif msi_inputs/simulated_11/simulated_11_frame_00040.tif msi_inputs/simulated_11/simulated_11_frame_00050.tif msi_inputs/simulated_11/simulated_11_frame_00060.tif msi_inputs/simulated_11/simulated_11_frame_00070.tif,gt_outputs/simulated_11/simulated_11_gt_00000.png gt_outputs/simulated_11/simulated_11_gt_00010.png gt_outputs/simulated_11/simulated_11_gt_00020.png gt_outputs/simulated_11/simulated_11_gt_00030.png gt_outputs/simulated_11/simulated_11_gt_00040.png gt_outputs/simulated_11/simulated_11_gt_00050.png gt_outputs/simulated_11/simulated_11_gt_00060.png gt_outputs/simulated_11/simulated_11_gt_00070.png
694,msi_inputs/simulated_11/simulated_11_frame_00016.tif msi_inputs/simulated_11/simulated_11_frame_00041.tif msi_inputs/simulated_11/simulated_11_frame_00066.tif msi_inputs/simulated_11/simulated_11_frame_00091.tif msi_inputs/simulated_11/simulated_11_frame_00116.tif msi_inputs/simulated_11/simulated_11_frame_00141.tif msi_inputs/simulated_11/simulated_11_frame_00166.tif msi_inputs/simulated_11/simulated_11_frame_00191.tif,gt_outputs/simulated_11/simulated_11_gt_00016.png gt_outputs/simulated_11/simulated_11_gt_00041.png gt_outputs/simulated_11/simulated_11_gt_00066.png gt_outputs/simulated_11/simulated_11_gt_00091.png gt_outputs/simulated_11/simulated_11_gt_00116.png gt_outputs/simulated_11/simulated_11_gt_00141.png gt_outputs/simulated_11/simulated_11_gt_00166.png gt_outputs/simulated_11/simulated_11_gt_00191.png
695,msi_inputs/simulated_11/simulated_11_frame_00056.tif msi_inputs/simulated_11/simulated_11_frame_00057.tif msi_inputs/simulated_11/simulated_11_frame_00058.tif msi_inputs/simulated_11/simulated_11_frame_00059.tif msi_inputs/simulated_11/simulated_11_frame_00060.tif msi_inputs/simulated_11/simulated_11_frame_00061.tif msi_inputs/simulated_11/simulated_11_frame_00062.tif msi_inputs/simulated_11/simulated_11_frame_00063.tif,gt_outputs/simulated_11/simulated_11_gt_00056.png gt_outputs/simulated_11/simulated_11_gt_00057.png gt_outputs/simulated_11/simulated_11_gt_00058.png gt_outputs/simulated_11/simulated_11_gt_00059.png gt_outputs/simulated_11/simulated_11_gt_00060.png gt_outputs/simulated_11/simulated_11_gt_00061.png gt_outputs/simulated_11/simulated_11_gt_00062.png gt_outputs/simulated_11/simulated_11_gt_00063.png
696,msi_inputs/simulated_11/simulated_11_frame_00082.tif msi_inputs/simulated_11/simulated_11_frame_00092.tif msi_inputs/simulated_11/simulated_11_frame_00102.tif msi_inputs/simulated_11/simulated_11_frame_00112.tif msi_inputs/simulated_11/simulated_11_frame_00122.tif msi_inputs/simulated_11/simulated_11_frame_00132.tif msi_inputs/simulated_11/simulated_11_frame_00142.tif msi_inputs/simulated_11/simulated_11_frame_00152.tif,gt_outputs/simulated_11/simulated_11_gt_00082.png gt_outputs/simulated_11/simulated_11_gt_00092.png gt_outputs/simulated_11/simulated_11_gt_00102.png gt_outputs/simulated_11/simulated_11_gt_00112.png gt_outputs/simulated_11/simulated_11_gt_00122.png gt_outputs/simulated_11/simulated_11_gt_00132.png gt_outputs/simulated_11/simulated_11_gt_00142.png gt_outputs/simulated_11/simulated_11_gt_00152.png
697,msi_inputs/simulated_11/simulated_11_frame_00006.tif msi_inputs/simulated_11/simulated_11_frame_00031.tif msi_inputs/simulated_11/simulated_11_frame_00056.tif msi_inputs/simulated_11/simulated_11_frame_00081.tif msi_inputs/simulated_11/simulated_11_frame_00106.tif msi_inputs/simulated_11/simulated_11_frame_00131.tif msi_inputs/simulated_11/simulated_11_frame_00156.tif msi_inputs/simulated_11/simulated_11_frame_00181.tif,gt_outputs/simulated_11/simulated_11_gt_00006.png gt_outputs/simulated_11/simulated_11_gt_00031.png gt_outputs/simulated_11/simulated_11_gt_00056.png gt_outputs/simulated_11/simulated_11_gt_00081.png gt_outputs/simulated_11/simulated_11_gt_00106.png gt_outputs/simulated_11/simulated_11_gt_00131.png gt_outputs/simulated_11/simulated_11_gt_00156.png gt_outputs/simulated_11/simulated_11_gt_00181.png
698,msi_inputs/simulated_11/simulated_11_frame_00160.tif msi_inputs/simulated_11/simulated_11_frame_00165.tif msi_inputs/simulated_11/simulated_11_frame_00170.tif msi_inputs/simulated_11/simulated_11_frame_00175.tif msi_inputs/simulated_11/simulated_11_frame_00180.tif msi_inputs/simulated_11/simulated_11_frame_00185.tif msi_inputs/simulated_11/simulated_11_frame_00190.tif msi_inputs/simulated_11/simulated_11_frame_00195.tif,gt_outputs/simulated_11/simulated_11_gt_00160.png gt_outputs/simulated_11/simulated_11_gt_00165.png gt_outputs/simulated_11/simulated_11_gt_00170.png gt_outputs/simulated_11/simulated_11_gt_00175.png gt_outputs/simulated_11/simulated_11_gt_00180.png gt_outputs/simulated_11/simulated_11_gt_00185.png gt_outputs/simulated_11/simulated_11_gt_00190.png gt_outputs/simulated_11/simulated_11_gt_00195.png
699,msi_inputs/simulated_11/simulated_11_frame_00003.tif msi_inputs/simulated_11/simulated_11_frame_00028.tif msi_inputs/simulated_11/simulated_11_frame_00053.tif msi_inputs/simulated_11/simulated_11_frame_00078.tif msi_inputs/simulated_11/simulated_11_frame_00103.tif msi_inputs/simulated_11/simulated_11_frame_00128.tif msi_inputs/simulated_11/simulated_11_frame_00153.tif msi_inputs/simulated_11/simulated_11_frame_00178.tif,gt_outputs/simulated_11/simulated_11_gt_00003.png gt_outputs/simulated_11/simulated_11_gt_00028.png gt_outputs/simulated_11/simulated_11_gt_00053.png gt_outputs/simulated_11/simulated_11_gt_00078.png gt_outputs/simulated_11/simulated_11_gt_00103.png gt_outputs/simulated_11/simulated_11_gt_00128.png gt_outputs/simulated_11/simulated_11_gt_00153.png gt_outputs/simulated_11/simulated_11_gt_00178.png
700,msi_inputs/simulated_11/simulated_11_frame_00022.tif msi_inputs/simulated_11/simulated_11_frame_00047.tif msi_inputs/simulated_11/simulated_11_frame_00072.tif msi_inputs/simulated_11/simulated_11_frame_00097.tif msi_inputs/simulated_11/simulated_11_frame_00122.tif msi_inputs/simulated_11/simulated_11_frame_00147.tif msi_inputs/simulated_11/simulated_11_frame_00172.tif msi_inputs/simulated_11/simulated_11_frame_00197.tif,gt_outputs/simulated_11/simulated_11_gt_00022.png gt_outputs/simulated_11/simulated_11_gt_00047.png gt_outputs/simulated_11/simulated_11_gt_00072.png gt_outputs/simulated_11/simulated_11_gt_00097.png gt_outputs/simulated_11/simulated_11_gt_00122.png gt_outputs/simulated_11/simulated_11_gt_00147.png gt_outputs/simulated_11/simulated_11_gt_00172.png gt_outputs/simulated_11/simulated_11_gt_00197.png
701,msi_inputs/simulated_11/simulated_11_frame_00087.tif msi_inputs/simulated_11/simulated_11_frame_00097.tif msi_inputs/simulated_11/simulated_11_frame_00107.tif msi_inputs/simulated_11/simulated_11_frame_00117.tif msi_inputs/simulated_11/simulated_11_frame_00127.tif msi_inputs/simulated_11/simulated_11_frame_00137.tif msi_inputs/simulated_11/simulated_11_frame_00147.tif msi_inputs/simulated_11/simulated_11_frame_00157.tif,gt_outputs/simulated_11/simulated_11_gt_00087.png gt_outputs/simulated_11/simulated_11_gt_00097.png gt_outputs/simulated_11/simulated_11_gt_00107.png gt_outputs/simulated_11/simulated_11_gt_00117.png gt_outputs/simulated_11/simulated_11_gt_00127.png gt_outputs/simulated_11/simulated_11_gt_00137.png gt_outputs/simulated_11/simulated_11_gt_00147.png gt_outputs/simulated_11/simulated_11_gt_00157.png
702,msi_inputs/simulated_11/simulated_11_frame_00084.tif msi_inputs/simulated_11/simulated_11_frame_00094.tif msi_inputs/simulated_11/simulated_11_frame_00104.tif msi_inputs/simulated_11/simulated_11_frame_00114.tif msi_inputs/simulated_11/simulated_11_frame_00124.tif msi_inputs/simulated_11/simulated_11_frame_00134.tif msi_inputs/simulated_11/simulated_11_frame_00144.tif msi_inputs/simulated_11/simulated_11_frame_00154.tif,gt_outputs/simulated_11/simulated_11_gt_00084.png gt_outputs/simulated_11/simulated_11_gt_00094.png gt_outputs/simulated_11/simulated_11_gt_00104.png gt_outputs/simulated_11/simulated_11_gt_00114.png gt_outputs/simulated_11/simulated_11_gt_00124.png gt_outputs/simulated_11/simulated_11_gt_00134.png gt_outputs/simulated_11/simulated_11_gt_00144.png gt_outputs/simulated_11/simulated_11_gt_00154.png
703,msi_inputs/simulated_11/simulated_11_frame_00040.tif msi_inputs/simulated_11/simulated_11_frame_00041.tif msi_inputs/simulated_11/simulated_11_frame_00042.tif msi_inputs/simulated_11/simulated_11_frame_00043.tif msi_inputs/simulated_11/simulated_11_frame_00044.tif msi_inputs/simulated_11/simulated_11_frame_00045.tif msi_inputs/simulated_11/simulated_11_frame_00046.tif msi_inputs/simulated_11/simulated_11_frame_00047.tif,gt_outputs/simulated_11/simulated_11_gt_00040.png gt_outputs/simulated_11/simulated_11_gt_00041.png gt_outputs/simulated_11/simulated_11_gt_00042.png gt_outputs/simulated_11/simulated_11_gt_00043.png gt_outputs/simulated_11/simulated_11_gt_00044.png gt_outputs/simulated_11/simulated_11_gt_00045.png gt_outputs/simulated_11/simulated_11_gt_00046.png gt_outputs/simulated_11/simulated_11_gt_00047.png
704,msi_inputs/simulated_11/simulated_11_frame_00121.tif msi_inputs/simulated_11/simulated_11_frame_00126.tif msi_inputs/simulated_11/simulated_11_frame_00131.tif msi_inputs/simulated_11/simulated_11_frame_00136.tif msi_inputs/simulated_11/simulated_11_frame_00141.tif msi_inputs/simulated_11/simulated_11_frame_00146.tif msi_inputs/simulated_11/simulated_11_frame_00151.tif msi_inputs/simulated_11/simulated_11_frame_00156.tif,gt_outputs/simulated_11/simulated_11_gt_00121.png gt_outputs/simulated_11/simulated_11_gt_00126.png gt_outputs/simulated_11/simulated_11_gt_00131.png gt_outputs/simulated_11/simulated_11_gt_00136.png gt_outputs/simulated_11/simulated_11_gt_00141.png gt_outputs/simulated_11/simulated_11_gt_00146.png gt_outputs/simulated_11/simulated_11_gt_00151.png gt_outputs/simulated_11/simulated_11_gt_00156.png
705,msi_inputs/simulated_11/simulated_11_frame_00136.tif msi_inputs/simulated_11/simulated_11_frame_00137.tif msi_inputs/simulated_11/simulated_11_frame_00138.tif msi_inputs/simulated_11/simulated_11_frame_00139.tif msi_inputs/simulated_11/simulated_11_frame_00140.tif msi_inputs/simulated_11/simulated_11_frame_00141.tif msi_inputs/simulated_11/simulated_11_frame_00142.tif msi_inputs/simulated_11/simulated_11_frame_00143.tif,gt_outputs/simulated_11/simulated_11_gt_00136.png gt_outputs/simulated_11/simulated_11_gt_00137.png gt_outputs/simulated_11/simulated_11_gt_00138.png gt_outputs/simulated_11/simulated_11_gt_00139.png gt_outputs/simulated_11/simulated_11_gt_00140.png gt_outputs/simulated_11/simulated_11_gt_00141.png gt_outputs/simulated_11/simulated_11_gt_00142.png gt_outputs/simulated_11/simulated_11_gt_00143.png
706,msi_inputs/simulated_11/simulated_11_frame_00120.tif msi_inputs/simulated_11/simulated_11_frame_00125.tif msi_inputs/simulated_11/simulated_11_frame_00130.tif msi_inputs/simulated_11/simulated_11_frame_00135.tif msi_inputs/simulated_11/simulated_11_frame_00140.tif msi_inputs/simulated_11/simulated_11_frame_00145.tif msi_inputs/simulated_11/simulated_11_frame_00150.tif msi_inputs/simulated_11/simulated_11_frame_00155.tif,gt_outputs/simulated_11/simulated_11_gt_00120.png gt_outputs/simulated_11/simulated_11_gt_00125.png gt_outputs/simulated_11/simulated_11_gt_00130.png gt_outputs/simulated_11/simulated_11_gt_00135.png gt_outputs/simulated_11/simulated_11_gt_00140.png gt_outputs/simulated_11/simulated_11_gt_00145.png gt_outputs/simulated_11/simulated_11_gt_00150.png gt_outputs/simulated_11/simulated_11_gt_00155.png
707,msi_inputs/simulated_11/simulated_11_frame_00086.tif msi_inputs/simulated_11/simulated_11_frame_00096.tif msi_inputs/simulated_11/simulated_11_frame_00106.tif msi_inputs/simulated_11/simulated_11_frame_00116.tif msi_inputs/simulated_11/simulated_11_frame_00126.tif msi_inputs/simulated_11/simulated_11_frame_00136.tif msi_inputs/simulated_11/simulated_11_frame_00146.tif msi_inputs/simulated_11/simulated_11_frame_00156.tif,gt_outputs/simulated_11/simulated_11_gt_00086.png gt_outputs/simulated_11/simulated_11_gt_00096.png gt_outputs/simulated_11/simulated_11_gt_00106.png gt_outputs/simulated_11/simulated_11_gt_00116.png gt_outputs/simulated_11/simulated_11_gt_00126.png gt_outputs/simulated_11/simulated_11_gt_00136.png gt_outputs/simulated_11/simulated_11_gt_00146.png gt_outputs/simulated_11/simulated_11_gt_00156.png
708,msi_inputs/simulated_11/simulated_11_frame_00016.tif msi_inputs/simulated_11/simulated_11_frame_00017.tif msi_inputs/simulated_11/simulated_11_frame_00018.tif msi_inputs/simulated_11/simulated_11_frame_00019.tif msi_inputs/simulated_11/simulated_11_frame_00020.tif msi_inputs/simulated_11/simulated_11_frame_00021.tif msi_inputs/simulated_11/simulated_11_frame_00022.tif msi_inputs/simulated_11/simulated_11_frame_00023.tif,gt_outputs/simulated_11/simulated_11_gt_00016.png gt_outputs/simulated_11/simulated_11_gt_00017.png gt_outputs/simulated_11/simulated_11_gt_00018.png gt_outputs/simulated_11/simulated_11_gt_00019.png gt_outputs/simulated_11/simulated_11_gt_00020.png gt_outputs/simulated_11/simulated_11_gt_00021.png gt_outputs/simulated_11/simulated_11_gt_00022.png gt_outputs/simulated_11/simulated_11_gt_00023.png
709,msi_inputs/simulated_11/simulated_11_frame_00082.tif msi_inputs/simulated_11/simulated_11_frame_00087.tif msi_inputs/simulated_11/simulated_11_frame_00092.tif msi_inputs/simulated_11/simulated_11_frame_00097.tif msi_inputs/simulated_11/simulated_11_frame_00102.tif msi_inputs/simulated_11/simulated_11_frame_00107.tif msi_inputs/simulated_11/simulated_11_frame_00112.tif msi_inputs/simulated_11/simulated_11_frame_00117.tif,gt_outputs/simulated_11/simulated_11_gt_00082.png gt_outputs/simulated_11/simulated_11_gt_00087.png gt_outputs/simulated_11/simulated_11_gt_00092.png gt_outputs/simulated_11/simulated_11_gt_00097.png gt_outputs/simulated_11/simulated_11_gt_00102.png gt_outputs/simulated_11/simulated_11_gt_00107.png gt_outputs/simulated_11/simulated_11_gt_00112.png gt_outputs/simulated_11/simulated_11_gt_00117.png
710,msi_inputs/simulated_11/simulated_11_frame_00048.tif msi_inputs/simulated_11/simulated_11_frame_00049.tif msi_inputs/simulated_11/simulated_11_frame_00050.tif msi_inputs/simulated_11/simulated_11_frame_00051.tif msi_inputs/simulated_11/simulated_11_frame_00052.tif msi_inputs/simulated_11/simulated_11_frame_00053.tif msi_inputs/simulated_11/simulated_11_frame_00054.tif msi_inputs/simulated_11/simulated_11_frame_00055.tif,gt_outputs/simulated_11/simulated_11_gt_00048.png gt_outputs/simulated_11/simulated_11_gt_00049.png gt_outputs/simulated_11/simulated_11_gt_00050.png gt_outputs/simulated_11/simulated_11_gt_00051.png gt_outputs/simulated_11/simulated_11_gt_00052.png gt_outputs/simulated_11/simulated_11_gt_00053.png gt_outputs/simulated_11/simulated_11_gt_00054.png gt_outputs/simulated_11/simulated_11_gt_00055.png
711,msi_inputs/simulated_11/simulated_11_frame_00000.tif msi_inputs/simulated_11/simulated_11_frame_00001.tif msi_inputs/simulated_11/simulated_11_frame_00002.tif msi_inputs/simulated_11/simulated_11_frame_00003.tif msi_inputs/simulated_11/simulated_11_frame_00004.tif msi_inputs/simulated_11/simulated_11_frame_00005.tif msi_inputs/simulated_11/simulated_11_frame_00006.tif msi_inputs/simulated_11/simulated_11_frame_00007.tif,gt_outputs/simulated_11/simulated_11_gt_00000.png gt_outputs/simulated_11/simulated_11_gt_00001.png gt_outputs/simulated_11/simulated_11_gt_00002.png gt_outputs/simulated_11/simulated_11_gt_00003.png gt_outputs/simulated_11/simulated_11_gt_00004.png gt_outputs/simulated_11/simulated_11_gt_00005.png gt_outputs/simulated_11/simulated_11_gt_00006.png gt_outputs/simulated_11/simulated_11_gt_00007.png
712,msi_inputs/simulated_11/simulated_11_frame_00080.tif msi_inputs/simulated_11/simulated_11_frame_00090.tif msi_inputs/simulated_11/simulated_11_frame_00100.tif msi_inputs/simulated_11/simulated_11_frame_00110.tif msi_inputs/simulated_11/simulated_11_frame_00120.tif msi_inputs/simulated_11/simulated_11_frame_00130.tif msi_inputs/simulated_11/simulated_11_frame_00140.tif msi_inputs/simulated_11/simulated_11_frame_00150.tif,gt_outputs/simulated_11/simulated_11_gt_00080.png gt_outputs/simulated_11/simulated_11_gt_00090.png gt_outputs/simulated_11/simulated_11_gt_00100.png gt_outputs/simulated_11/simulated_11_gt_00110.png gt_outputs/simulated_11/simulated_11_gt_00120.png gt_outputs/simulated_11/simulated_11_gt_00130.png gt_outputs/simulated_11/simulated_11_gt_00140.png gt_outputs/simulated_11/simulated_11_gt_00150.png
713,msi_inputs/simulated_11/simulated_11_frame_00042.tif msi_inputs/simulated_11/simulated_11_frame_00047.tif msi_inputs/simulated_11/simulated_11_frame_00052.tif msi_inputs/simulated_11/simulated_11_frame_00057.tif msi_inputs/simulated_11/simulated_11_frame_00062.tif msi_inputs/simulated_11/simulated_11_frame_00067.tif msi_inputs/simulated_11/simulated_11_frame_00072.tif msi_inputs/simulated_11/simulated_11_frame_00077.tif,gt_outputs/simulated_11/simulated_11_gt_00042.png gt_outputs/simulated_11/simulated_11_gt_00047.png gt_outputs/simulated_11/simulated_11_gt_00052.png gt_outputs/simulated_11/simulated_11_gt_00057.png gt_outputs/simulated_11/simulated_11_gt_00062.png gt_outputs/simulated_11/simulated_11_gt_00067.png gt_outputs/simulated_11/simulated_11_gt_00072.png gt_outputs/simulated_11/simulated_11_gt_00077.png
714,msi_inputs/simulated_11/simulated_11_frame_00084.tif msi_inputs/simulated_11/simulated_11_frame_00089.tif msi_inputs/simulated_11/simulated_11_frame_00094.tif msi_inputs/simulated_11/simulated_11_frame_00099.tif msi_inputs/simulated_11/simulated_11_frame_00104.tif msi_inputs/simulated_11/simulated_11_frame_00109.tif msi_inputs/simulated_11/simulated_11_frame_00114.tif msi_inputs/simulated_11/simulated_11_frame_00119.tif,gt_outputs/simulated_11/simulated_11_gt_00084.png gt_outputs/simulated_11/simulated_11_gt_00089.png gt_outputs/simulated_11/simulated_11_gt_00094.png gt_outputs/simulated_11/simulated_11_gt_00099.png gt_outputs/simulated_11/simulated_11_gt_00104.png gt_outputs/simulated_11/simulated_11_gt_00109.png gt_outputs/simulated_11/simulated_11_gt_00114.png gt_outputs/simulated_11/simulated_11_gt_00119.png
715,msi_inputs/simulated_11/simulated_11_frame_00009.tif msi_inputs/simulated_11/simulated_11_frame_00019.tif msi_inputs/simulated_11/simulated_11_frame_00029.tif msi_inputs/simulated_11/simulated_11_frame_00039.tif msi_inputs/simulated_11/simulated_11_frame_00049.tif msi_inputs/simulated_11/simulated_11_frame_00059.tif msi_inputs/simulated_11/simulated_11_frame_00069.tif msi_inputs/simulated_11/simulated_11_frame_00079.tif,gt_outputs/simulated_11/simulated_11_gt_00009.png gt_outputs/simulated_11/simulated_11_gt_00019.png gt_outputs/simulated_11/simulated_11_gt_00029.png gt_outputs/simulated_11/simulated_11_gt_00039.png gt_outputs/simulated_11/simulated_11_gt_00049.png gt_outputs/simulated_11/simulated_11_gt_00059.png gt_outputs/simulated_11/simulated_11_gt_00069.png gt_outputs/simulated_11/simulated_11_gt_00079.png
716,msi_inputs/simulated_11/simulated_11_frame_00013.tif msi_inputs/simulated_11/simulated_11_frame_00038.tif msi_inputs/simulated_11/simulated_11_frame_00063.tif msi_inputs/simulated_11/simulated_11_frame_00088.tif msi_inputs/simulated_11/simulated_11_frame_00113.tif msi_inputs/simulated_11/simulated_11_frame_00138.tif msi_inputs/simulated_11/simulated_11_frame_00163.tif msi_inputs/simulated_11/simulated_11_frame_00188.tif,gt_outputs/simulated_11/simulated_11_gt_00013.png gt_outputs/simulated_11/simulated_11_gt_00038.png gt_outputs/simulated_11/simulated_11_gt_00063.png gt_outputs/simulated_11/simulated_11_gt_00088.png gt_outputs/simulated_11/simulated_11_gt_00113.png gt_outputs/simulated_11/simulated_11_gt_00138.png gt_outputs/simulated_11/simulated_11_gt_00163.png gt_outputs/simulated_11/simulated_11_gt_00188.png
717,msi_inputs/simulated_11/simulated_11_frame_00005.tif msi_inputs/simulated_11/simulated_11_frame_00015.tif msi_inputs/simulated_11/simulated_11_frame_00025.tif msi_inputs/simulated_11/simulated_11_frame_00035.tif msi_inputs/simulated_11/simulated_11_frame_00045.tif msi_inputs/simulated_11/simulated_11_frame_00055.tif msi_inputs/simulated_11/simulated_11_frame_00065.tif msi_inputs/simulated_11/simulated_11_frame_00075.tif,gt_outputs/simulated_11/simulated_11_gt_00005.png gt_outputs/simulated_11/simulated_11_gt_00015.png gt_outputs/simulated_11/simulated_11_gt_00025.png gt_outputs/simulated_11/simulated_11_gt_00035.png gt_outputs/simulated_11/simulated_11_gt_00045.png gt_outputs/simulated_11/simulated_11_gt_00055.png gt_outputs/simulated_11/simulated_11_gt_00065.png gt_outputs/simulated_11/simulated_11_gt_00075.png
718,msi_inputs/simulated_11/simulated_11_frame_00124.tif msi_inputs/simulated_11/simulated_11_frame_00129.tif msi_inputs/simulated_11/simulated_11_frame_00134.tif msi_inputs/simulated_11/simulated_11_frame_00139.tif msi_inputs/simulated_11/simulated_11_frame_00144.tif msi_inputs/simulated_11/simulated_11_frame_00149.tif msi_inputs/simulated_11/simulated_11_frame_00154.tif msi_inputs/simulated_11/simulated_11_frame_00159.tif,gt_outputs/simulated_11/simulated_11_gt_00124.png gt_outputs/simulated_11/simulated_11_gt_00129.png gt_outputs/simulated_11/simulated_11_gt_00134.png gt_outputs/simulated_11/simulated_11_gt_00139.png gt_outputs/simulated_11/simulated_11_gt_00144.png gt_outputs/simulated_11/simulated_11_gt_00149.png gt_outputs/simulated_11/simulated_11_gt_00154.png gt_outputs/simulated_11/simulated_11_gt_00159.png
719,msi_inputs/simulated_11/simulated_11_frame_00144.tif msi_inputs/simulated_11/simulated_11_frame_00145.tif msi_inputs/simulated_11/simulated_11_frame_00146.tif msi_inputs/simulated_11/simulated_11_frame_00147.tif msi_inputs/simulated_11/simulated_11_frame_00148.tif msi_inputs/simulated_11/simulated_11_frame_00149.tif msi_inputs/simulated_11/simulated_11_frame_00150.tif msi_inputs/simulated_11/simulated_11_frame_00151.tif,gt_outputs/simulated_11/simulated_11_gt_00144.png gt_outputs/simulated_11/simulated_11_gt_00145.png gt_outputs/simulated_11/simulated_11_gt_00146.png gt_outputs/simulated_11/simulated_11_gt_00147.png gt_outputs/simulated_11/simulated_11_gt_00148.png gt_outputs/simulated_11/simulated_11_gt_00149.png gt_outputs/simulated_11/simulated_11_gt_00150.png gt_outputs/simulated_11/simulated_11_gt_00151.png
720,msi_inputs/simulated_11/simulated_11_frame_00001.tif msi_inputs/simulated_11/simulated_11_frame_00026.tif msi_inputs/simulated_11/simulated_11_frame_00051.tif msi_inputs/simulated_11/simulated_11_frame_00076.tif msi_inputs/simulated_11/simulated_11_frame_00101.tif msi_inputs/simulated_11/simulated_11_frame_00126.tif msi_inputs/simulated_11/simulated_11_frame_00151.tif msi_inputs/simulated_11/simulated_11_frame_00176.tif,gt_outputs/simulated_11/simulated_11_gt_00001.png gt_outputs/simulated_11/simulated_11_gt_00026.png gt_outputs/simulated_11/simulated_11_gt_00051.png gt_outputs/simulated_11/simulated_11_gt_00076.png gt_outputs/simulated_11/simulated_11_gt_00101.png gt_outputs/simulated_11/simulated_11_gt_00126.png gt_outputs/simulated_11/simulated_11_gt_00151.png gt_outputs/simulated_11/simulated_11_gt_00176.png
721,msi_inputs/simulated_11/simulated_11_frame_00096.tif msi_inputs/simulated_11/simulated_11_frame_00097.tif msi_inputs/simulated_11/simulated_11_frame_00098.tif msi_inputs/simulated_11/simulated_11_frame_00099.tif msi_inputs/simulated_11/simulated_11_frame_00100.tif msi_inputs/simulated_11/simulated_11_frame_00101.tif msi_inputs/simulated_11/simulated_11_frame_00102.tif msi_inputs/simulated_11/simulated_11_frame_00103.tif,gt_outputs/simulated_11/simulated_11_gt_00096.png gt_outputs/simulated_11/simulated_11_gt_00097.png gt_outputs/simulated_11/simulated_11_gt_00098.png gt_outputs/simulated_11/simulated_11_gt_00099.png gt_outputs/simulated_11/simulated_11_gt_00100.png gt_outputs/simulated_11/simulated_11_gt_00101.png gt_outputs/simulated_11/simulated_11_gt_00102.png gt_outputs/simulated_11/simulated_11_gt_00103.png
722,msi_inputs/simulated_11/simulated_11_frame_00023.tif msi_inputs/simulated_11/simulated_11_frame_00048.tif msi_inputs/simulated_11/simulated_11_frame_00073.tif msi_inputs/simulated_11/simulated_11_frame_00098.tif msi_inputs/simulated_11/simulated_11_frame_00123.tif msi_inputs/simulated_11/simulated_11_frame_00148.tif msi_inputs/simulated_11/simulated_11_frame_00173.tif msi_inputs/simulated_11/simulated_11_frame_00198.tif,gt_outputs/simulated_11/simulated_11_gt_00023.png gt_outputs/simulated_11/simulated_11_gt_00048.png gt_outputs/simulated_11/simulated_11_gt_00073.png gt_outputs/simulated_11/simulated_11_gt_00098.png gt_outputs/simulated_11/simulated_11_gt_00123.png gt_outputs/simulated_11/simulated_11_gt_00148.png gt_outputs/simulated_11/simulated_11_gt_00173.png gt_outputs/simulated_11/simulated_11_gt_00198.png
723,msi_inputs/simulated_11/simulated_11_frame_00015.tif msi_inputs/simulated_11/simulated_11_frame_00040.tif msi_inputs/simulated_11/simulated_11_frame_00065.tif msi_inputs/simulated_11/simulated_11_frame_00090.tif msi_inputs/simulated_11/simulated_11_frame_00115.tif msi_inputs/simulated_11/simulated_11_frame_00140.tif msi_inputs/simulated_11/simulated_11_frame_00165.tif msi_inputs/simulated_11/simulated_11_frame_00190.tif,gt_outputs/simulated_11/simulated_11_gt_00015.png gt_outputs/simulated_11/simulated_11_gt_00040.png gt_outputs/simulated_11/simulated_11_gt_00065.png gt_outputs/simulated_11/simulated_11_gt_00090.png gt_outputs/simulated_11/simulated_11_gt_00115.png gt_outputs/simulated_11/simulated_11_gt_00140.png gt_outputs/simulated_11/simulated_11_gt_00165.png gt_outputs/simulated_11/simulated_11_gt_00190.png
724,msi_inputs/simulated_11/simulated_11_frame_00004.tif msi_inputs/simulated_11/simulated_11_frame_00009.tif msi_inputs/simulated_11/simulated_11_frame_00014.tif msi_inputs/simulated_11/simulated_11_frame_00019.tif msi_inputs/simulated_11/simulated_11_frame_00024.tif msi_inputs/simulated_11/simulated_11_frame_00029.tif msi_inputs/simulated_11/simulated_11_frame_00034.tif msi_inputs/simulated_11/simulated_11_frame_00039.tif,gt_outputs/simulated_11/simulated_11_gt_00004.png gt_outputs/simulated_11/simulated_11_gt_00009.png gt_outputs/simulated_11/simulated_11_gt_00014.png gt_outputs/simulated_11/simulated_11_gt_00019.png gt_outputs/simulated_11/simulated_11_gt_00024.png gt_outputs/simulated_11/simulated_11_gt_00029.png gt_outputs/simulated_11/simulated_11_gt_00034.png gt_outputs/simulated_11/simulated_11_gt_00039.png
725,msi_inputs/simulated_11/simulated_11_frame_00089.tif msi_inputs/simulated_11/simulated_11_frame_00099.tif msi_inputs/simulated_11/simulated_11_frame_00109.tif msi_inputs/simulated_11/simulated_11_frame_00119.tif msi_inputs/simulated_11/simulated_11_frame_00129.tif msi_inputs/simulated_11/simulated_11_frame_00139.tif msi_inputs/simulated_11/simulated_11_frame_00149.tif msi_inputs/simulated_11/simulated_11_frame_00159.tif,gt_outputs/simulated_11/simulated_11_gt_00089.png gt_outputs/simulated_11/simulated_11_gt_00099.png gt_outputs/simulated_11/simulated_11_gt_00109.png gt_outputs/simulated_11/simulated_11_gt_00119.png gt_outputs/simulated_11/simulated_11_gt_00129.png gt_outputs/simulated_11/simulated_11_gt_00139.png gt_outputs/simulated_11/simulated_11_gt_00149.png gt_outputs/simulated_11/simulated_11_gt_00159.png
726,msi_inputs/simulated_12/simulated_12_frame_00002.tif msi_inputs/simulated_12/simulated_12_frame_00027.tif msi_inputs/simulated_12/simulated_12_frame_00052.tif msi_inputs/simulated_12/simulated_12_frame_00077.tif msi_inputs/simulated_12/simulated_12_frame_00102.tif msi_inputs/simulated_12/simulated_12_frame_00127.tif msi_inputs/simulated_12/simulated_12_frame_00152.tif msi_inputs/simulated_12/simulated_12_frame_00177.tif,gt_outputs/simulated_12/simulated_12_gt_00002.png gt_outputs/simulated_12/simulated_12_gt_00027.png gt_outputs/simulated_12/simulated_12_gt_00052.png gt_outputs/simulated_12/simulated_12_gt_00077.png gt_outputs/simulated_12/simulated_12_gt_00102.png gt_outputs/simulated_12/simulated_12_gt_00127.png gt_outputs/simulated_12/simulated_12_gt_00152.png gt_outputs/simulated_12/simulated_12_gt_00177.png
727,msi_inputs/simulated_12/simulated_12_frame_00001.tif msi_inputs/simulated_12/simulated_12_frame_00011.tif msi_inputs/simulated_12/simulated_12_frame_00021.tif msi_inputs/simulated_12/simulated_12_frame_00031.tif msi_inputs/simulated_12/simulated_12_frame_00041.tif msi_inputs/simulated_12/simulated_12_frame_00051.tif msi_inputs/simulated_12/simulated_12_frame_00061.tif msi_inputs/simulated_12/simulated_12_frame_00071.tif,gt_outputs/simulated_12/simulated_12_gt_00001.png gt_outputs/simulated_12/simulated_12_gt_00011.png gt_outputs/simulated_12/simulated_12_gt_00021.png gt_outputs/simulated_12/simulated_12_gt_00031.png gt_outputs/simulated_12/simulated_12_gt_00041.png gt_outputs/simulated_12/simulated_12_gt_00051.png gt_outputs/simulated_12/simulated_12_gt_00061.png gt_outputs/simulated_12/simulated_12_gt_00071.png
728,msi_inputs/simulated_12/simulated_12_frame_00080.tif msi_inputs/simulated_12/simulated_12_frame_00081.tif msi_inputs/simulated_12/simulated_12_frame_00082.tif msi_inputs/simulated_12/simulated_12_frame_00083.tif msi_inputs/simulated_12/simulated_12_frame_00084.tif msi_inputs/simulated_12/simulated_12_frame_00085.tif msi_inputs/simulated_12/simulated_12_frame_00086.tif msi_inputs/simulated_12/simulated_12_frame_00087.tif,gt_outputs/simulated_12/simulated_12_gt_00080.png gt_outputs/simulated_12/simulated_12_gt_00081.png gt_outputs/simulated_12/simulated_12_gt_00082.png gt_outputs/simulated_12/simulated_12_gt_00083.png gt_outputs/simulated_12/simulated_12_gt_00084.png gt_outputs/simulated_12/simulated_12_gt_00085.png gt_outputs/simulated_12/simulated_12_gt_00086.png gt_outputs/simulated_12/simulated_12_gt_00087.png
729,msi_inputs/simulated_12/simulated_12_frame_00081.tif msi_inputs/simulated_12/simulated_12_frame_00091.tif msi_inputs/simulated_12/simulated_12_frame_00101.tif msi_inputs/simulated_12/simulated_12_frame_00111.tif msi_inputs/simulated_12/simulated_12_frame_00121.tif msi_inputs/simulated_12/simulated_12_frame_00131.tif msi_inputs/simulated_12/simulated_12_frame_00141.tif msi_inputs/simulated_12/simulated_12_frame_00151.tif,gt_outputs/simulated_12/simulated_12_gt_00081.png gt_outputs/simulated_12/simulated_12_gt_00091.png gt_outputs/simulated_12/simulated_12_gt_00101.png gt_outputs/simulated_12/simulated_12_gt_00111.png gt_outputs/simulated_12/simulated_12_gt_00121.png gt_outputs/simulated_12/simulated_12_gt_00131.png gt_outputs/simulated_12/simulated_12_gt_00141.png gt_outputs/simulated_12/simulated_12_gt_00151.png
730,msi_inputs/simulated_12/simulated_12_frame_00080.tif msi_inputs/simulated_12/simulated_12_frame_00090.tif msi_inputs/simulated_12/simulated_12_frame_00100.tif msi_inputs/simulated_12/simulated_12_frame_00110.tif msi_inputs/simulated_12/simulated_12_frame_00120.tif msi_inputs/simulated_12/simulated_12_frame_00130.tif msi_inputs/simulated_12/simulated_12_frame_00140.tif msi_inputs/simulated_12/simulated_12_frame_00150.tif,gt_outputs/simulated_12/simulated_12_gt_00080.png gt_outputs/simulated_12/simulated_12_gt_00090.png gt_outputs/simulated_12/simulated_12_gt_00100.png gt_outputs/simulated_12/simulated_12_gt_00110.png gt_outputs/simulated_12/simulated_12_gt_00120.png gt_outputs/simulated_12/simulated_12_gt_00130.png gt_outputs/simulated_12/simulated_12_gt_00140.png gt_outputs/simulated_12/simulated_12_gt_00150.png
731,msi_inputs/simulated_12/simulated_12_frame_00192.tif msi_inputs/simulated_12/simulated_12_frame_00193.tif msi_inputs/simulated_12/simulated_12_frame_00194.tif msi_inputs/simulated_12/simulated_12_frame_00195.tif msi_inputs/simulated_12/simulated_12_frame_00196.tif msi_inputs/simulated_12/simulated_12_frame_00197.tif msi_inputs/simulated_12/simulated_12_frame_00198.tif msi_inputs/simulated_12/simulated_12_frame_00199.tif,gt_outputs/simulated_12/simulated_12_gt_00192.png gt_outputs/simulated_12/simulated_12_gt_00193.png gt_outputs/simulated_12/simulated_12_gt_00194.png gt_outputs/simulated_12/simulated_12_gt_00195.png gt_outputs/simulated_12/simulated_12_gt_00196.png gt_outputs/simulated_12/simulated_12_gt_00197.png gt_outputs/simulated_12/simulated_12_gt_00198.png gt_outputs/simulated_12/simulated_12_gt_00199.png
732,msi_inputs/simulated_12/simulated_12_frame_00136.tif msi_inputs/simulated_12/simulated_12_frame_00137.tif msi_inputs/simulated_12/simulated_12_frame_00138.tif msi_inputs/simulated_12/simulated_12_frame_00139.tif msi_inputs/simulated_12/simulated_12_frame_00140.tif msi_inputs/simulated_12/simulated_12_frame_00141.tif msi_inputs/simulated_12/simulated_12_frame_00142.tif msi_inputs/simulated_12/simulated_12_frame_00143.tif,gt_outputs/simulated_12/simulated_12_gt_00136.png gt_outputs/simulated_12/simulated_12_gt_00137.png gt_outputs/simulated_12/simulated_12_gt_00138.png gt_outputs/simulated_12/simulated_12_gt_00139.png gt_outputs/simulated_12/simulated_12_gt_00140.png gt_outputs/simulated_12/simulated_12_gt_00141.png gt_outputs/simulated_12/simulated_12_gt_00142.png gt_outputs/simulated_12/simulated_12_gt_00143.png
733,msi_inputs/simulated_12/simulated_12_frame_00162.tif msi_inputs/simulated_12/simulated_12_frame_00167.tif msi_inputs/simulated_12/simulated_12_frame_00172.tif msi_inputs/simulated_12/simulated_12_frame_00177.tif msi_inputs/simulated_12/simulated_12_frame_00182.tif msi_inputs/simulated_12/simulated_12_frame_00187.tif msi_inputs/simulated_12/simulated_12_frame_00192.tif msi_inputs/simulated_12/simulated_12_frame_00197.tif,gt_outputs/simulated_12/simulated_12_gt_00162.png gt_outputs/simulated_12/simulated_12_gt_00167.png gt_outputs/simulated_12/simulated_12_gt_00172.png gt_outputs/simulated_12/simulated_12_gt_00177.png gt_outputs/simulated_12/simulated_12_gt_00182.png gt_outputs/simulated_12/simulated_12_gt_00187.png gt_outputs/simulated_12/simulated_12_gt_00192.png gt_outputs/simulated_12/simulated_12_gt_00197.png
734,msi_inputs/simulated_12/simulated_12_frame_00016.tif msi_inputs/simulated_12/simulated_12_frame_00017.tif msi_inputs/simulated_12/simulated_12_frame_00018.tif msi_inputs/simulated_12/simulated_12_frame_00019.tif msi_inputs/simulated_12/simulated_12_frame_00020.tif msi_inputs/simulated_12/simulated_12_frame_00021.tif msi_inputs/simulated_12/simulated_12_frame_00022.tif msi_inputs/simulated_12/simulated_12_frame_00023.tif,gt_outputs/simulated_12/simulated_12_gt_00016.png gt_outputs/simulated_12/simulated_12_gt_00017.png gt_outputs/simulated_12/simulated_12_gt_00018.png gt_outputs/simulated_12/simulated_12_gt_00019.png gt_outputs/simulated_12/simulated_12_gt_00020.png gt_outputs/simulated_12/simulated_12_gt_00021.png gt_outputs/simulated_12/simulated_12_gt_00022.png gt_outputs/simulated_12/simulated_12_gt_00023.png
735,msi_inputs/simulated_12/simulated_12_frame_00041.tif msi_inputs/simulated_12/simulated_12_frame_00046.tif msi_inputs/simulated_12/simulated_12_frame_00051.tif msi_inputs/simulated_12/simulated_12_frame_00056.tif msi_inputs/simulated_12/simulated_12_frame_00061.tif msi_inputs/simulated_12/simulated_12_frame_00066.tif msi_inputs/simulated_12/simulated_12_frame_00071.tif msi_inputs/simulated_12/simulated_12_frame_00076.tif,gt_outputs/simulated_12/simulated_12_gt_00041.png gt_outputs/simulated_12/simulated_12_gt_00046.png gt_outputs/simulated_12/simulated_12_gt_00051.png gt_outputs/simulated_12/simulated_12_gt_00056.png gt_outputs/simulated_12/simulated_12_gt_00061.png gt_outputs/simulated_12/simulated_12_gt_00066.png gt_outputs/simulated_12/simulated_12_gt_00071.png gt_outputs/simulated_12/simulated_12_gt_00076.png
736,msi_inputs/simulated_12/simulated_12_frame_00009.tif msi_inputs/simulated_12/simulated_12_frame_00019.tif msi_inputs/simulated_12/simulated_12_frame_00029.tif msi_inputs/simulated_12/simulated_12_frame_00039.tif msi_inputs/simulated_12/simulated_12_frame_00049.tif msi_inputs/simulated_12/simulated_12_frame_00059.tif msi_inputs/simulated_12/simulated_12_frame_00069.tif msi_inputs/simulated_12/simulated_12_frame_00079.tif,gt_outputs/simulated_12/simulated_12_gt_00009.png gt_outputs/simulated_12/simulated_12_gt_00019.png gt_outputs/simulated_12/simulated_12_gt_00029.png gt_outputs/simulated_12/simulated_12_gt_00039.png gt_outputs/simulated_12/simulated_12_gt_00049.png gt_outputs/simulated_12/simulated_12_gt_00059.png gt_outputs/simulated_12/simulated_12_gt_00069.png gt_outputs/simulated_12/simulated_12_gt_00079.png
737,msi_inputs/simulated_12/simulated_12_frame_00022.tif msi_inputs/simulated_12/simulated_12_frame_00047.tif msi_inputs/simulated_12/simulated_12_frame_00072.tif msi_inputs/simulated_12/simulated_12_frame_00097.tif msi_inputs/simulated_12/simulated_12_frame_00122.tif msi_inputs/simulated_12/simulated_12_frame_00147.tif msi_inputs/simulated_12/simulated_12_frame_00172.tif msi_inputs/simulated_12/simulated_12_frame_00197.tif,gt_outputs/simulated_12/simulated_12_gt_00022.png gt_outputs/simulated_12/simulated_12_gt_00047.png gt_outputs/simulated_12/simulated_12_gt_00072.png gt_outputs/simulated_12/simulated_12_gt_00097.png gt_outputs/simulated_12/simulated_12_gt_00122.png gt_outputs/simulated_12/simulated_12_gt_00147.png gt_outputs/simulated_12/simulated_12_gt_00172.png gt_outputs/simulated_12/simulated_12_gt_00197.png
738,msi_inputs/simulated_12/simulated_12_frame_00024.tif msi_inputs/simulated_12/simulated_12_frame_00025.tif msi_inputs/simulated_12/simulated_12_frame_00026.tif msi_inputs/simulated_12/simulated_12_frame_00027.tif msi_inputs/simulated_12/simulated_12_frame_00028.tif msi_inputs/simulated_12/simulated_12_frame_00029.tif msi_inputs/simulated_12/simulated_12_frame_00030.tif msi_inputs/simulated_12/simulated_12_frame_00031.tif,gt_outputs/simulated_12/simulated_12_gt_00024.png gt_outputs/simulated_12/simulated_12_gt_00025.png gt_outputs/simulated_12/simulated_12_gt_00026.png gt_outputs/simulated_12/simulated_12_gt_00027.png gt_outputs/simulated_12/simulated_12_gt_00028.png gt_outputs/simulated_12/simulated_12_gt_00029.png gt_outputs/simulated_12/simulated_12_gt_00030.png gt_outputs/simulated_12/simulated_12_gt_00031.png
739,msi_inputs/simulated_12/simulated_12_frame_00019.tif msi_inputs/simulated_12/simulated_12_frame_00044.tif msi_inputs/simulated_12/simulated_12_frame_00069.tif msi_inputs/simulated_12/simulated_12_frame_00094.tif msi_inputs/simulated_12/simulated_12_frame_00119.tif msi_inputs/simulated_12/simulated_12_frame_00144.tif msi_inputs/simulated_12/simulated_12_frame_00169.tif msi_inputs/simulated_12/simulated_12_frame_00194.tif,gt_outputs/simulated_12/simulated_12_gt_00019.png gt_outputs/simulated_12/simulated_12_gt_00044.png gt_outputs/simulated_12/simulated_12_gt_00069.png gt_outputs/simulated_12/simulated_12_gt_00094.png gt_outputs/simulated_12/simulated_12_gt_00119.png gt_outputs/simulated_12/simulated_12_gt_00144.png gt_outputs/simulated_12/simulated_12_gt_00169.png gt_outputs/simulated_12/simulated_12_gt_00194.png
740,msi_inputs/simulated_12/simulated_12_frame_00004.tif msi_inputs/simulated_12/simulated_12_frame_00014.tif msi_inputs/simulated_12/simulated_12_frame_00024.tif msi_inputs/simulated_12/simulated_12_frame_00034.tif msi_inputs/simulated_12/simulated_12_frame_00044.tif msi_inputs/simulated_12/simulated_12_frame_00054.tif msi_inputs/simulated_12/simulated_12_frame_00064.tif msi_inputs/simulated_12/simulated_12_frame_00074.tif,gt_outputs/simulated_12/simulated_12_gt_00004.png gt_outputs/simulated_12/simulated_12_gt_00014.png gt_outputs/simulated_12/simulated_12_gt_00024.png gt_outputs/simulated_12/simulated_12_gt_00034.png gt_outputs/simulated_12/simulated_12_gt_00044.png gt_outputs/simulated_12/simulated_12_gt_00054.png gt_outputs/simulated_12/simulated_12_gt_00064.png gt_outputs/simulated_12/simulated_12_gt_00074.png
741,msi_inputs/simulated_12/simulated_12_frame_00004.tif msi_inputs/simulated_12/simulated_12_frame_00009.tif msi_inputs/simulated_12/simulated_12_frame_00014.tif msi_inputs/simulated_12/simulated_12_frame_00019.tif msi_inputs/simulated_12/simulated_12_frame_00024.tif msi_inputs/simulated_12/simulated_12_frame_00029.tif msi_inputs/simulated_12/simulated_12_frame_00034.tif msi_inputs/simulated_12/simulated_12_frame_00039.tif,gt_outputs/simulated_12/simulated_12_gt_00004.png gt_outputs/simulated_12/simulated_12_gt_00009.png gt_outputs/simulated_12/simulated_12_gt_00014.png gt_outputs/simulated_12/simulated_12_gt_00019.png gt_outputs/simulated_12/simulated_12_gt_00024.png gt_outputs/simulated_12/simulated_12_gt_00029.png gt_outputs/simulated_12/simulated_12_gt_00034.png gt_outputs/simulated_12/simulated_12_gt_00039.png
742,msi_inputs/simulated_12/simulated_12_frame_00064.tif msi_inputs/simulated_12/simulated_12_frame_00065.tif msi_inputs/simulated_12/simulated_12_frame_00066.tif msi_inputs/simulated_12/simulated_12_frame_00067.tif msi_inputs/simulated_12/simulated_12_frame_00068.tif msi_inputs/simulated_12/simulated_12_frame_00069.tif msi_inputs/simulated_12/simulated_12_frame_00070.tif msi_inputs/simulated_12/simulated_12_frame_00071.tif,gt_outputs/simulated_12/simulated_12_gt_00064.png gt_outputs/simulated_12/simulated_12_gt_00065.png gt_outputs/simulated_12/simulated_12_gt_00066.png gt_outputs/simulated_12/simulated_12_gt_00067.png gt_outputs/simulated_12/simulated_12_gt_00068.png gt_outputs/simulated_12/simulated_12_gt_00069.png gt_outputs/simulated_12/simulated_12_gt_00070.png gt_outputs/simulated_12/simulated_12_gt_00071.png
743,msi_inputs/simulated_12/simulated_12_frame_00163.tif msi_inputs/simulated_12/simulated_12_frame_00168.tif msi_inputs/simulated_12/simulated_12_frame_00173.tif msi_inputs/simulated_12/simulated_12_frame_00178.tif msi_inputs/simulated_12/simulated_12_frame_00183.tif msi_inputs/simulated_12/simulated_12_frame_00188.tif msi_inputs/simulated_12/simulated_12_frame_00193.tif msi_inputs/simulated_12/simulated_12_frame_00198.tif,gt_outputs/simulated_12/simulated_12_gt_00163.png gt_outputs/simulated_12/simulated_12_gt_00168.png gt_outputs/simulated_12/simulated_12_gt_00173.png gt_outputs/simulated_12/simulated_12_gt_00178.png gt_outputs/simulated_12/simulated_12_gt_00183.png gt_outputs/simulated_12/simulated_12_gt_00188.png gt_outputs/simulated_12/simulated_12_gt_00193.png gt_outputs/simulated_12/simulated_12_gt_00198.png
744,msi_inputs/simulated_12/simulated_12_frame_00017.tif msi_inputs/simulated_12/simulated_12_frame_00042.tif msi_inputs/simulated_12/simulated_12_frame_00067.tif msi_inputs/simulated_12/simulated_12_frame_00092.tif msi_inputs/simulated_12/simulated_12_frame_00117.tif msi_inputs/simulated_12/simulated_12_frame_00142.tif msi_inputs/simulated_12/simulated_12_frame_00167.tif msi_inputs/simulated_12/simulated_12_frame_00192.tif,gt_outputs/simulated_12/simulated_12_gt_00017.png gt_outputs/simulated_12/simulated_12_gt_00042.png gt_outputs/simulated_12/simulated_12_gt_00067.png gt_outputs/simulated_12/simulated_12_gt_00092.png gt_outputs/simulated_12/simulated_12_gt_00117.png gt_outputs/simulated_12/simulated_12_gt_00142.png gt_outputs/simulated_12/simulated_12_gt_00167.png gt_outputs/simulated_12/simulated_12_gt_00192.png
745,msi_inputs/simulated_12/simulated_12_frame_00010.tif msi_inputs/simulated_12/simulated_12_frame_00035.tif msi_inputs/simulated_12/simulated_12_frame_00060.tif msi_inputs/simulated_12/simulated_12_frame_00085.tif msi_inputs/simulated_12/simulated_12_frame_00110.tif msi_inputs/simulated_12/simulated_12_frame_00135.tif msi_inputs/simulated_12/simulated_12_frame_00160.tif msi_inputs/simulated_12/simulated_12_frame_00185.tif,gt_outputs/simulated_12/simulated_12_gt_00010.png gt_outputs/simulated_12/simulated_12_gt_00035.png gt_outputs/simulated_12/simulated_12_gt_00060.png gt_outputs/simulated_12/simulated_12_gt_00085.png gt_outputs/simulated_12/simulated_12_gt_00110.png gt_outputs/simulated_12/simulated_12_gt_00135.png gt_outputs/simulated_12/simulated_12_gt_00160.png gt_outputs/simulated_12/simulated_12_gt_00185.png
746,msi_inputs/simulated_12/simulated_12_frame_00128.tif msi_inputs/simulated_12/simulated_12_frame_00129.tif msi_inputs/simulated_12/simulated_12_frame_00130.tif msi_inputs/simulated_12/simulated_12_frame_00131.tif msi_inputs/simulated_12/simulated_12_frame_00132.tif msi_inputs/simulated_12/simulated_12_frame_00133.tif msi_inputs/simulated_12/simulated_12_frame_00134.tif msi_inputs/simulated_12/simulated_12_frame_00135.tif,gt_outputs/simulated_12/simulated_12_gt_00128.png gt_outputs/simulated_12/simulated_12_gt_00129.png gt_outputs/simulated_12/simulated_12_gt_00130.png gt_outputs/simulated_12/simulated_12_gt_00131.png gt_outputs/simulated_12/simulated_12_gt_00132.png gt_outputs/simulated_12/simulated_12_gt_00133.png gt_outputs/simulated_12/simulated_12_gt_00134.png gt_outputs/simulated_12/simulated_12_gt_00135.png
747,msi_inputs/simulated_12/simulated_12_frame_00080.tif msi_inputs/simulated_12/simulated_12_frame_00085.tif msi_inputs/simulated_12/simulated_12_frame_00090.tif msi_inputs/simulated_12/simulated_12_frame_00095.tif msi_inputs/simulated_12/simulated_12_frame_00100.tif msi_inputs/simulated_12/simulated_12_frame_00105.tif msi_inputs/simulated_12/simulated_12_frame_00110.tif msi_inputs/simulated_12/simulated_12_frame_00115.tif,gt_outputs/simulated_12/simulated_12_gt_00080.png gt_outputs/simulated_12/simulated_12_gt_00085.png gt_outputs/simulated_12/simulated_12_gt_00090.png gt_outputs/simulated_12/simulated_12_gt_00095.png gt_outputs/simulated_12/simulated_12_gt_00100.png gt_outputs/simulated_12/simulated_12_gt_00105.png gt_outputs/simulated_12/simulated_12_gt_00110.png gt_outputs/simulated_12/simulated_12_gt_00115.png
748,msi_inputs/simulated_12/simulated_12_frame_00048.tif msi_inputs/simulated_12/simulated_12_frame_00049.tif msi_inputs/simulated_12/simulated_12_frame_00050.tif msi_inputs/simulated_12/simulated_12_frame_00051.tif msi_inputs/simulated_12/simulated_12_frame_00052.tif msi_inputs/simulated_12/simulated_12_frame_00053.tif msi_inputs/simulated_12/simulated_12_frame_00054.tif msi_inputs/simulated_12/simulated_12_frame_00055.tif,gt_outputs/simulated_12/simulated_12_gt_00048.png gt_outputs/simulated_12/simulated_12_gt_00049.png gt_outputs/simulated_12/simulated_12_gt_00050.png gt_outputs/simulated_12/simulated_12_gt_00051.png gt_outputs/simulated_12/simulated_12_gt_00052.png gt_outputs/simulated_12/simulated_12_gt_00053.png gt_outputs/simulated_12/simulated_12_gt_00054.png gt_outputs/simulated_12/simulated_12_gt_00055.png
749,msi_inputs/simulated_12/simulated_12_frame_00040.tif msi_inputs/simulated_12/simulated_12_frame_00045.tif msi_inputs/simulated_12/simulated_12_frame_00050.tif msi_inputs/simulated_12/simulated_12_frame_00055.tif msi_inputs/simulated_12/simulated_12_frame_00060.tif msi_inputs/simulated_12/simulated_12_frame_00065.tif msi_inputs/simulated_12/simulated_12_frame_00070.tif msi_inputs/simulated_12/simulated_12_frame_00075.tif,gt_outputs/simulated_12/simulated_12_gt_00040.png gt_outputs/simulated_12/simulated_12_gt_00045.png gt_outputs/simulated_12/simulated_12_gt_00050.png gt_outputs/simulated_12/simulated_12_gt_00055.png gt_outputs/simulated_12/simulated_12_gt_00060.png gt_outputs/simulated_12/simulated_12_gt_00065.png gt_outputs/simulated_12/simulated_12_gt_00070.png gt_outputs/simulated_12/simulated_12_gt_00075.png
750,msi_inputs/simulated_12/simulated_12_frame_00005.tif msi_inputs/simulated_12/simulated_12_frame_00030.tif msi_inputs/simulated_12/simulated_12_frame_00055.tif msi_inputs/simulated_12/simulated_12_frame_00080.tif msi_inputs/simulated_12/simulated_12_frame_00105.tif msi_inputs/simulated_12/simulated_12_frame_00130.tif msi_inputs/simulated_12/simulated_12_frame_00155.tif msi_inputs/simulated_12/simulated_12_frame_00180.tif,gt_outputs/simulated_12/simulated_12_gt_00005.png gt_outputs/simulated_12/simulated_12_gt_00030.png gt_outputs/simulated_12/simulated_12_gt_00055.png gt_outputs/simulated_12/simulated_12_gt_00080.png gt_outputs/simulated_12/simulated_12_gt_00105.png gt_outputs/simulated_12/simulated_12_gt_00130.png gt_outputs/simulated_12/simulated_12_gt_00155.png gt_outputs/simulated_12/simulated_12_gt_00180.png
751,msi_inputs/simulated_12/simulated_12_frame_00007.tif msi_inputs/simulated_12/simulated_12_frame_00032.tif msi_inputs/simulated_12/simulated_12_frame_00057.tif msi_inputs/simulated_12/simulated_12_frame_00082.tif msi_inputs/simulated_12/simulated_12_frame_00107.tif msi_inputs/simulated_12/simulated_12_frame_00132.tif msi_inputs/simulated_12/simulated_12_frame_00157.tif msi_inputs/simulated_12/simulated_12_frame_00182.tif,gt_outputs/simulated_12/simulated_12_gt_00007.png gt_outputs/simulated_12/simulated_12_gt_00032.png gt_outputs/simulated_12/simulated_12_gt_00057.png gt_outputs/simulated_12/simulated_12_gt_00082.png gt_outputs/simulated_12/simulated_12_gt_00107.png gt_outputs/simulated_12/simulated_12_gt_00132.png gt_outputs/simulated_12/simulated_12_gt_00157.png gt_outputs/simulated_12/simulated_12_gt_00182.png
752,msi_inputs/simulated_12/simulated_12_frame_00083.tif msi_inputs/simulated_12/simulated_12_frame_00093.tif msi_inputs/simulated_12/simulated_12_frame_00103.tif msi_inputs/simulated_12/simulated_12_frame_00113.tif msi_inputs/simulated_12/simulated_12_frame_00123.tif msi_inputs/simulated_12/simulated_12_frame_00133.tif msi_inputs/simulated_12/simulated_12_frame_00143.tif msi_inputs/simulated_12/simulated_12_frame_00153.tif,gt_outputs/simulated_12/simulated_12_gt_00083.png gt_outputs/simulated_12/simulated_12_gt_00093.png gt_outputs/simulated_12/simulated_12_gt_00103.png gt_outputs/simulated_12/simulated_12_gt_00113.png gt_outputs/simulated_12/simulated_12_gt_00123.png gt_outputs/simulated_12/simulated_12_gt_00133.png gt_outputs/simulated_12/simulated_12_gt_00143.png gt_outputs/simulated_12/simulated_12_gt_00153.png
753,msi_inputs/simulated_12/simulated_12_frame_00044.tif msi_inputs/simulated_12/simulated_12_frame_00049.tif msi_inputs/simulated_12/simulated_12_frame_00054.tif msi_inputs/simulated_12/simulated_12_frame_00059.tif msi_inputs/simulated_12/simulated_12_frame_00064.tif msi_inputs/simulated_12/simulated_12_frame_00069.tif msi_inputs/simulated_12/simulated_12_frame_00074.tif msi_inputs/simulated_12/simulated_12_frame_00079.tif,gt_outputs/simulated_12/simulated_12_gt_00044.png gt_outputs/simulated_12/simulated_12_gt_00049.png gt_outputs/simulated_12/simulated_12_gt_00054.png gt_outputs/simulated_12/simulated_12_gt_00059.png gt_outputs/simulated_12/simulated_12_gt_00064.png gt_outputs/simulated_12/simulated_12_gt_00069.png gt_outputs/simulated_12/simulated_12_gt_00074.png gt_outputs/simulated_12/simulated_12_gt_00079.png
754,msi_inputs/simulated_12/simulated_12_frame_00014.tif msi_inputs/simulated_12/simulated_12_frame_00039.tif msi_inputs/simulated_12/simulated_12_frame_00064.tif msi_inputs/simulated_12/simulated_12_frame_00089.tif msi_inputs/simulated_12/simulated_12_frame_00114.tif msi_inputs/simulated_12/simulated_12_frame_00139.tif msi_inputs/simulated_12/simulated_12_frame_00164.tif msi_inputs/simulated_12/simulated_12_frame_00189.tif,gt_outputs/simulated_12/simulated_12_gt_00014.png gt_outputs/simulated_12/simulated_12_gt_00039.png gt_outputs/simulated_12/simulated_12_gt_00064.png gt_outputs/simulated_12/simulated_12_gt_00089.png gt_outputs/simulated_12/simulated_12_gt_00114.png gt_outputs/simulated_12/simulated_12_gt_00139.png gt_outputs/simulated_12/simulated_12_gt_00164.png gt_outputs/simulated_12/simulated_12_gt_00189.png
755,msi_inputs/simulated_12/simulated_12_frame_00003.tif msi_inputs/simulated_12/simulated_12_frame_00028.tif msi_inputs/simulated_12/simulated_12_frame_00053.tif msi_inputs/simulated_12/simulated_12_frame_00078.tif msi_inputs/simulated_12/simulated_12_frame_00103.tif msi_inputs/simulated_12/simulated_12_frame_00128.tif msi_inputs/simulated_12/simulated_12_frame_00153.tif msi_inputs/simulated_12/simulated_12_frame_00178.tif,gt_outputs/simulated_12/simulated_12_gt_00003.png gt_outputs/simulated_12/simulated_12_gt_00028.png gt_outputs/simulated_12/simulated_12_gt_00053.png gt_outputs/simulated_12/simulated_12_gt_00078.png gt_outputs/simulated_12/simulated_12_gt_00103.png gt_outputs/simulated_12/simulated_12_gt_00128.png gt_outputs/simulated_12/simulated_12_gt_00153.png gt_outputs/simulated_12/simulated_12_gt_00178.png
756,msi_inputs/simulated_12/simulated_12_frame_00081.tif msi_inputs/simulated_12/simulated_12_frame_00086.tif msi_inputs/simulated_12/simulated_12_frame_00091.tif msi_inputs/simulated_12/simulated_12_frame_00096.tif msi_inputs/simulated_12/simulated_12_frame_00101.tif msi_inputs/simulated_12/simulated_12_frame_00106.tif msi_inputs/simulated_12/simulated_12_frame_00111.tif msi_inputs/simulated_12/simulated_12_frame_00116.tif,gt_outputs/simulated_12/simulated_12_gt_00081.png gt_outputs/simulated_12/simulated_12_gt_00086.png gt_outputs/simulated_12/simulated_12_gt_00091.png gt_outputs/simulated_12/simulated_12_gt_00096.png gt_outputs/simulated_12/simulated_12_gt_00101.png gt_outputs/simulated_12/simulated_12_gt_00106.png gt_outputs/simulated_12/simulated_12_gt_00111.png gt_outputs/simulated_12/simulated_12_gt_00116.png
757,msi_inputs/simulated_12/simulated_12_frame_00000.tif msi_inputs/simulated_12/simulated_12_frame_00001.tif msi_inputs/simulated_12/simulated_12_frame_00002.tif msi_inputs/simulated_12/simulated_12_frame_00003.tif msi_inputs/simulated_12/simulated_12_frame_00004.tif msi_inputs/simulated_12/simulated_12_frame_00005.tif msi_inputs/simulated_12/simulated_12_frame_00006.tif msi_inputs/simulated_12/simulated_12_frame_00007.tif,gt_outputs/simulated_12/simulated_12_gt_00000.png gt_outputs/simulated_12/simulated_12_gt_00001.png gt_outputs/simulated_12/simulated_12_gt_00002.png gt_outputs/simulated_12/simulated_12_gt_00003.png gt_outputs/simulated_12/simulated_12_gt_00004.png gt_outputs/simulated_12/simulated_12_gt_00005.png gt_outputs/simulated_12/simulated_12_gt_00006.png gt_outputs/simulated_12/simulated_12_gt_00007.png
758,msi_inputs/simulated_12/simulated_12_frame_00018.tif msi_inputs/simulated_12/simulated_12_frame_00043.tif msi_inputs/simulated_12/simulated_12_frame_00068.tif msi_inputs/simulated_12/simulated_12_frame_00093.tif msi_inputs/simulated_12/simulated_12_frame_00118.tif msi_inputs/simulated_12/simulated_12_frame_00143.tif msi_inputs/simulated_12/simulated_12_frame_00168.tif msi_inputs/simulated_12/simulated_12_frame_00193.tif,gt_outputs/simulated_12/simulated_12_gt_00018.png gt_outputs/simulated_12/simulated_12_gt_00043.png gt_outputs/simulated_12/simulated_12_gt_00068.png gt_outputs/simulated_12/simulated_12_gt_00093.png gt_outputs/simulated_12/simulated_12_gt_00118.png gt_outputs/simulated_12/simulated_12_gt_00143.png gt_outputs/simulated_12/simulated_12_gt_00168.png gt_outputs/simulated_12/simulated_12_gt_00193.png
759,msi_inputs/simulated_12/simulated_12_frame_00124.tif msi_inputs/simulated_12/simulated_12_frame_00129.tif msi_inputs/simulated_12/simulated_12_frame_00134.tif msi_inputs/simulated_12/simulated_12_frame_00139.tif msi_inputs/simulated_12/simulated_12_frame_00144.tif msi_inputs/simulated_12/simulated_12_frame_00149.tif msi_inputs/simulated_12/simulated_12_frame_00154.tif msi_inputs/simulated_12/simulated_12_frame_00159.tif,gt_outputs/simulated_12/simulated_12_gt_00124.png gt_outputs/simulated_12/simulated_12_gt_00129.png gt_outputs/simulated_12/simulated_12_gt_00134.png gt_outputs/simulated_12/simulated_12_gt_00139.png gt_outputs/simulated_12/simulated_12_gt_00144.png gt_outputs/simulated_12/simulated_12_gt_00149.png gt_outputs/simulated_12/simulated_12_gt_00154.png gt_outputs/simulated_12/simulated_12_gt_00159.png
760,msi_inputs/simulated_12/simulated_12_frame_00122.tif msi_inputs/simulated_12/simulated_12_frame_00127.tif msi_inputs/simulated_12/simulated_12_frame_00132.tif msi_inputs/simulated_12/simulated_12_frame_00137.tif msi_inputs/simulated_12/simulated_12_frame_00142.tif msi_inputs/simulated_12/simulated_12_frame_00147.tif msi_inputs/simulated_12/simulated_12_frame_00152.tif msi_inputs/simulated_12/simulated_12_frame_00157.tif,gt_outputs/simulated_12/simulated_12_gt_00122.png gt_outputs/simulated_12/simulated_12_gt_00127.png gt_outputs/simulated_12/simulated_12_gt_00132.png gt_outputs/simulated_12/simulated_12_gt_00137.png gt_outputs/simulated_12/simulated_12_gt_00142.png gt_outputs/simulated_12/simulated_12_gt_00147.png gt_outputs/simulated_12/simulated_12_gt_00152.png gt_outputs/simulated_12/simulated_12_gt_00157.png
761,msi_inputs/simulated_12/simulated_12_frame_00088.tif msi_inputs/simulated_12/simulated_12_frame_00089.tif msi_inputs/simulated_12/simulated_12_frame_00090.tif msi_inputs/simulated_12/simulated_12_frame_00091.tif msi_inputs/simulated_12/simulated_12_frame_00092.tif msi_inputs/simulated_12/simulated_12_frame_00093.tif msi_inputs/simulated_12/simulated_12_frame_00094.tif msi_inputs/simulated_12/simulated_12_frame_00095.tif,gt_outputs/simulated_12/simulated_12_gt_00088.png gt_outputs/simulated_12/simulated_12_gt_00089.png gt_outputs/simulated_12/simulated_12_gt_00090.png gt_outputs/simulated_12/simulated_12_gt_00091.png gt_outputs/simulated_12/simulated_12_gt_00092.png gt_outputs/simulated_12/simulated_12_gt_00093.png gt_outputs/simulated_12/simulated_12_gt_00094.png gt_outputs/simulated_12/simulated_12_gt_00095.png
762,msi_inputs/simulated_12/simulated_12_frame_00123.tif msi_inputs/simulated_12/simulated_12_frame_00128.tif msi_inputs/simulated_12/simulated_12_frame_00133.tif msi_inputs/simulated_12/simulated_12_frame_00138.tif msi_inputs/simulated_12/simulated_12_frame_00143.tif msi_inputs/simulated_12/simulated_12_frame_00148.tif msi_inputs/simulated_12/simulated_12_frame_00153.tif msi_inputs/simulated_12/simulated_12_frame_00158.tif,gt_outputs/simulated_12/simulated_12_gt_00123.png gt_outputs/simulated_12/simulated_12_gt_00128.png gt_outputs/simulated_12/simulated_12_gt_00133.png gt_outputs/simulated_12/simulated_12_gt_00138.png gt_outputs/simulated_12/simulated_12_gt_00143.png gt_outputs/simulated_12/simulated_12_gt_00148.png gt_outputs/simulated_12/simulated_12_gt_00153.png gt_outputs/simulated_12/simulated_12_gt_00158.png
763,msi_inputs/simulated_12/simulated_12_frame_00016.tif msi_inputs/simulated_12/simulated_12_frame_00041.tif msi_inputs/simulated_12/simulated_12_frame_00066.tif msi_inputs/simulated_12/simulated_12_frame_00091.tif msi_inputs/simulated_12/simulated_12_frame_00116.tif msi_inputs/simulated_12/simulated_12_frame_00141.tif msi_inputs/simulated_12/simulated_12_frame_00166.tif msi_inputs/simulated_12/simulated_12_frame_00191.tif,gt_outputs/simulated_12/simulated_12_gt_00016.png gt_outputs/simulated_12/simulated_12_gt_00041.png gt_outputs/simulated_12/simulated_12_gt_00066.png gt_outputs/simulated_12/simulated_12_gt_00091.png gt_outputs/simulated_12/simulated_12_gt_00116.png gt_outputs/simulated_12/simulated_12_gt_00141.png gt_outputs/simulated_12/simulated_12_gt_00166.png gt_outputs/simulated_12/simulated_12_gt_00191.png
764,msi_inputs/simulated_12/simulated_12_frame_00082.tif msi_inputs/simulated_12/simulated_12_frame_00087.tif msi_inputs/simulated_12/simulated_12_frame_00092.tif msi_inputs/simulated_12/simulated_12_frame_00097.tif msi_inputs/simulated_12/simulated_12_frame_00102.tif msi_inputs/simulated_12/simulated_12_frame_00107.tif msi_inputs/simulated_12/simulated_12_frame_00112.tif msi_inputs/simulated_12/simulated_12_frame_00117.tif,gt_outputs/simulated_12/simulated_12_gt_00082.png gt_outputs/simulated_12/simulated_12_gt_00087.png gt_outputs/simulated_12/simulated_12_gt_00092.png gt_outputs/simulated_12/simulated_12_gt_00097.png gt_outputs/simulated_12/simulated_12_gt_00102.png gt_outputs/simulated_12/simulated_12_gt_00107.png gt_outputs/simulated_12/simulated_12_gt_00112.png gt_outputs/simulated_12/simulated_12_gt_00117.png
765,msi_inputs/simulated_12/simulated_12_frame_00008.tif msi_inputs/simulated_12/simulated_12_frame_00009.tif msi_inputs/simulated_12/simulated_12_frame_00010.tif msi_inputs/simulated_12/simulated_12_frame_00011.tif msi_inputs/simulated_12/simulated_12_frame_00012.tif msi_inputs/simulated_12/simulated_12_frame_00013.tif msi_inputs/simulated_12/simulated_12_frame_00014.tif msi_inputs/simulated_12/simulated_12_frame_00015.tif,gt_outputs/simulated_12/simulated_12_gt_00008.png gt_outputs/simulated_12/simulated_12_gt_00009.png gt_outputs/simulated_12/simulated_12_gt_00010.png gt_outputs/simulated_12/simulated_12_gt_00011.png gt_outputs/simulated_12/simulated_12_gt_00012.png gt_outputs/simulated_12/simulated_12_gt_00013.png gt_outputs/simulated_12/simulated_12_gt_00014.png gt_outputs/simulated_12/simulated_12_gt_00015.png
766,msi_inputs/simulated_12/simulated_12_frame_00160.tif msi_inputs/simulated_12/simulated_12_frame_00161.tif msi_inputs/simulated_12/simulated_12_frame_00162.tif msi_inputs/simulated_12/simulated_12_frame_00163.tif msi_inputs/simulated_12/simulated_12_frame_00164.tif msi_inputs/simulated_12/simulated_12_frame_00165.tif msi_inputs/simulated_12/simulated_12_frame_00166.tif msi_inputs/simulated_12/simulated_12_frame_00167.tif,gt_outputs/simulated_12/simulated_12_gt_00160.png gt_outputs/simulated_12/simulated_12_gt_00161.png gt_outputs/simulated_12/simulated_12_gt_00162.png gt_outputs/simulated_12/simulated_12_gt_00163.png gt_outputs/simulated_12/simulated_12_gt_00164.png gt_outputs/simulated_12/simulated_12_gt_00165.png gt_outputs/simulated_12/simulated_12_gt_00166.png gt_outputs/simulated_12/simulated_12_gt_00167.png
767,msi_inputs/simulated_12/simulated_12_frame_00003.tif msi_inputs/simulated_12/simulated_12_frame_00008.tif msi_inputs/simulated_12/simulated_12_frame_00013.tif msi_inputs/simulated_12/simulated_12_frame_00018.tif msi_inputs/simulated_12/simulated_12_frame_00023.tif msi_inputs/simulated_12/simulated_12_frame_00028.tif msi_inputs/simulated_12/simulated_12_frame_00033.tif msi_inputs/simulated_12/simulated_12_frame_00038.tif,gt_outputs/simulated_12/simulated_12_gt_00003.png gt_outputs/simulated_12/simulated_12_gt_00008.png gt_outputs/simulated_12/simulated_12_gt_00013.png gt_outputs/simulated_12/simulated_12_gt_00018.png gt_outputs/simulated_12/simulated_12_gt_00023.png gt_outputs/simulated_12/simulated_12_gt_00028.png gt_outputs/simulated_12/simulated_12_gt_00033.png gt_outputs/simulated_12/simulated_12_gt_00038.png
768,msi_inputs/simulated_12/simulated_12_frame_00006.tif msi_inputs/simulated_12/simulated_12_frame_00031.tif msi_inputs/simulated_12/simulated_12_frame_00056.tif msi_inputs/simulated_12/simulated_12_frame_00081.tif msi_inputs/simulated_12/simulated_12_frame_00106.tif msi_inputs/simulated_12/simulated_12_frame_00131.tif msi_inputs/simulated_12/simulated_12_frame_00156.tif msi_inputs/simulated_12/simulated_12_frame_00181.tif,gt_outputs/simulated_12/simulated_12_gt_00006.png gt_outputs/simulated_12/simulated_12_gt_00031.png gt_outputs/simulated_12/simulated_12_gt_00056.png gt_outputs/simulated_12/simulated_12_gt_00081.png gt_outputs/simulated_12/simulated_12_gt_00106.png gt_outputs/simulated_12/simulated_12_gt_00131.png gt_outputs/simulated_12/simulated_12_gt_00156.png gt_outputs/simulated_12/simulated_12_gt_00181.png
769,msi_inputs/simulated_12/simulated_12_frame_00008.tif msi_inputs/simulated_12/simulated_12_frame_00018.tif msi_inputs/simulated_12/simulated_12_frame_00028.tif msi_inputs/simulated_12/simulated_12_frame_00038.tif msi_inputs/simulated_12/simulated_12_frame_00048.tif msi_inputs/simulated_12/simulated_12_frame_00058.tif msi_inputs/simulated_12/simulated_12_frame_00068.tif msi_inputs/simulated_12/simulated_12_frame_00078.tif,gt_outputs/simulated_12/simulated_12_gt_00008.png gt_outputs/simulated_12/simulated_12_gt_00018.png gt_outputs/simulated_12/simulated_12_gt_00028.png gt_outputs/simulated_12/simulated_12_gt_00038.png gt_outputs/simulated_12/simulated_12_gt_00048.png gt_outputs/simulated_12/simulated_12_gt_00058.png gt_outputs/simulated_12/simulated_12_gt_00068.png gt_outputs/simulated_12/simulated_12_gt_00078.png
770,msi_inputs/simulated_12/simulated_12_frame_00087.tif msi_inputs/simulated_12/simulated_12_frame_00097.tif msi_inputs/simulated_12/simulated_12_frame_00107.tif msi_inputs/simulated_12/simulated_12_frame_00117.tif msi_inputs/simulated_12/simulated_12_frame_00127.tif msi_inputs/simulated_12/simulated_12_frame_00137.tif msi_inputs/simulated_12/simulated_12_frame_00147.tif msi_inputs/simulated_12/simulated_12_frame_00157.tif,gt_outputs/simulated_12/simulated_12_gt_00087.png gt_outputs/simulated_12/simulated_12_gt_00097.png gt_outputs/simulated_12/simulated_12_gt_00107.png gt_outputs/simulated_12/simulated_12_gt_00117.png gt_outputs/simulated_12/simulated_12_gt_00127.png gt_outputs/simulated_12/simulated_12_gt_00137.png gt_outputs/simulated_12/simulated_12_gt_00147.png gt_outputs/simulated_12/simulated_12_gt_00157.png
771,msi_inputs/simulated_12/simulated_12_frame_00002.tif msi_inputs/simulated_12/simulated_12_frame_00012.tif msi_inputs/simulated_12/simulated_12_frame_00022.tif msi_inputs/simulated_12/simulated_12_frame_00032.tif msi_inputs/simulated_12/simulated_12_frame_00042.tif msi_inputs/simulated_12/simulated_12_frame_00052.tif msi_inputs/simulated_12/simulated_12_frame_00062.tif msi_inputs/simulated_12/simulated_12_frame_00072.tif,gt_outputs/simulated_12/simulated_12_gt_00002.png gt_outputs/simulated_12/simulated_12_gt_00012.png gt_outputs/simulated_12/simulated_12_gt_00022.png gt_outputs/simulated_12/simulated_12_gt_00032.png gt_outputs/simulated_12/simulated_12_gt_00042.png gt_outputs/simulated_12/simulated_12_gt_00052.png gt_outputs/simulated_12/simulated_12_gt_00062.png gt_outputs/simulated_12/simulated_12_gt_00072.png
772,msi_inputs/simulated_12/simulated_12_frame_00160.tif msi_inputs/simulated_12/simulated_12_frame_00165.tif msi_inputs/simulated_12/simulated_12_frame_00170.tif msi_inputs/simulated_12/simulated_12_frame_00175.tif msi_inputs/simulated_12/simulated_12_frame_00180.tif msi_inputs/simulated_12/simulated_12_frame_00185.tif msi_inputs/simulated_12/simulated_12_frame_00190.tif msi_inputs/simulated_12/simulated_12_frame_00195.tif,gt_outputs/simulated_12/simulated_12_gt_00160.png gt_outputs/simulated_12/simulated_12_gt_00165.png gt_outputs/simulated_12/simulated_12_gt_00170.png gt_outputs/simulated_12/simulated_12_gt_00175.png gt_outputs/simulated_12/simulated_12_gt_00180.png gt_outputs/simulated_12/simulated_12_gt_00185.png gt_outputs/simulated_12/simulated_12_gt_00190.png gt_outputs/simulated_12/simulated_12_gt_00195.png
773,msi_inputs/simulated_12/simulated_12_frame_00005.tif msi_inputs/simulated_12/simulated_12_frame_00015.tif msi_inputs/simulated_12/simulated_12_frame_00025.tif msi_inputs/simulated_12/simulated_12_frame_00035.tif msi_inputs/simulated_12/simulated_12_frame_00045.tif msi_inputs/simulated_12/simulated_12_frame_00055.tif msi_inputs/simulated_12/simulated_12_frame_00065.tif msi_inputs/simulated_12/simulated_12_frame_00075.tif,gt_outputs/simulated_12/simulated_12_gt_00005.png gt_outputs/simulated_12/simulated_12_gt_00015.png gt_outputs/simulated_12/simulated_12_gt_00025.png gt_outputs/simulated_12/simulated_12_gt_00035.png gt_outputs/simulated_12/simulated_12_gt_00045.png gt_outputs/simulated_12/simulated_12_gt_00055.png gt_outputs/simulated_12/simulated_12_gt_00065.png gt_outputs/simulated_12/simulated_12_gt_00075.png
774,msi_inputs/simulated_12/simulated_12_frame_00011.tif msi_inputs/simulated_12/simulated_12_frame_00036.tif msi_inputs/simulated_12/simulated_12_frame_00061.tif msi_inputs/simulated_12/simulated_12_frame_00086.tif msi_inputs/simulated_12/simulated_12_frame_00111.tif msi_inputs/simulated_12/simulated_12_frame_00136.tif msi_inputs/simulated_12/simulated_12_frame_00161.tif msi_inputs/simulated_12/simulated_12_frame_00186.tif,gt_outputs/simulated_12/simulated_12_gt_00011.png gt_outputs/simulated_12/simulated_12_gt_00036.png gt_outputs/simulated_12/simulated_12_gt_00061.png gt_outputs/simulated_12/simulated_12_gt_00086.png gt_outputs/simulated_12/simulated_12_gt_00111.png gt_outputs/simulated_12/simulated_12_gt_00136.png gt_outputs/simulated_12/simulated_12_gt_00161.png gt_outputs/simulated_12/simulated_12_gt_00186.png
775,msi_inputs/simulated_12/simulated_12_frame_00176.tif msi_inputs/simulated_12/simulated_12_frame_00177.tif msi_inputs/simulated_12/simulated_12_frame_00178.tif msi_inputs/simulated_12/simulated_12_frame_00179.tif msi_inputs/simulated_12/simulated_12_frame_00180.tif msi_inputs/simulated_12/simulated_12_frame_00181.tif msi_inputs/simulated_12/simulated_12_frame_00182.tif msi_inputs/simulated_12/simulated_12_frame_00183.tif,gt_outputs/simulated_12/simulated_12_gt_00176.png gt_outputs/simulated_12/simulated_12_gt_00177.png gt_outputs/simulated_12/simulated_12_gt_00178.png gt_outputs/simulated_12/simulated_12_gt_00179.png gt_outputs/simulated_12/simulated_12_gt_00180.png gt_outputs/simulated_12/simulated_12_gt_00181.png gt_outputs/simulated_12/simulated_12_gt_00182.png gt_outputs/simulated_12/simulated_12_gt_00183.png
776,msi_inputs/simulated_12/simulated_12_frame_00021.tif msi_inputs/simulated_12/simulated_12_frame_00046.tif msi_inputs/simulated_12/simulated_12_frame_00071.tif msi_inputs/simulated_12/simulated_12_frame_00096.tif msi_inputs/simulated_12/simulated_12_frame_00121.tif msi_inputs/simulated_12/simulated_12_frame_00146.tif msi_inputs/simulated_12/simulated_12_frame_00171.tif msi_inputs/simulated_12/simulated_12_frame_00196.tif,gt_outputs/simulated_12/simulated_12_gt_00021.png gt_outputs/simulated_12/simulated_12_gt_00046.png gt_outputs/simulated_12/simulated_12_gt_00071.png gt_outputs/simulated_12/simulated_12_gt_00096.png gt_outputs/simulated_12/simulated_12_gt_00121.png gt_outputs/simulated_12/simulated_12_gt_00146.png gt_outputs/simulated_12/simulated_12_gt_00171.png gt_outputs/simulated_12/simulated_12_gt_00196.png
777,msi_inputs/simulated_12/simulated_12_frame_00000.tif msi_inputs/simulated_12/simulated_12_frame_00025.tif msi_inputs/simulated_12/simulated_12_frame_00050.tif msi_inputs/simulated_12/simulated_12_frame_00075.tif msi_inputs/simulated_12/simulated_12_frame_00100.tif msi_inputs/simulated_12/simulated_12_frame_00125.tif msi_inputs/simulated_12/simulated_12_frame_00150.tif msi_inputs/simulated_12/simulated_12_frame_00175.tif,gt_outputs/simulated_12/simulated_12_gt_00000.png gt_outputs/simulated_12/simulated_12_gt_00025.png gt_outputs/simulated_12/simulated_12_gt_00050.png gt_outputs/simulated_12/simulated_12_gt_00075.png gt_outputs/simulated_12/simulated_12_gt_00100.png gt_outputs/simulated_12/simulated_12_gt_00125.png gt_outputs/simulated_12/simulated_12_gt_00150.png gt_outputs/simulated_12/simulated_12_gt_00175.png
778,msi_inputs/simulated_12/simulated_12_frame_00043.tif msi_inputs/simulated_12/simulated_12_frame_00048.tif msi_inputs/simulated_12/simulated_12_frame_00053.tif msi_inputs/simulated_12/simulated_12_frame_00058.tif msi_inputs/simulated_12/simulated_12_frame_00063.tif msi_inputs/simulated_12/simulated_12_frame_00068.tif msi_inputs/simulated_12/simulated_12_frame_00073.tif msi_inputs/simulated_12/simulated_12_frame_00078.tif,gt_outputs/simulated_12/simulated_12_gt_00043.png gt_outputs/simulated_12/simulated_12_gt_00048.png gt_outputs/simulated_12/simulated_12_gt_00053.png gt_outputs/simulated_12/simulated_12_gt_00058.png gt_outputs/simulated_12/simulated_12_gt_00063.png gt_outputs/simulated_12/simulated_12_gt_00068.png gt_outputs/simulated_12/simulated_12_gt_00073.png gt_outputs/simulated_12/simulated_12_gt_00078.png
779,msi_inputs/simulated_12/simulated_12_frame_00006.tif msi_inputs/simulated_12/simulated_12_frame_00016.tif msi_inputs/simulated_12/simulated_12_frame_00026.tif msi_inputs/simulated_12/simulated_12_frame_00036.tif msi_inputs/simulated_12/simulated_12_frame_00046.tif msi_inputs/simulated_12/simulated_12_frame_00056.tif msi_inputs/simulated_12/simulated_12_frame_00066.tif msi_inputs/simulated_12/simulated_12_frame_00076.tif,gt_outputs/simulated_12/simulated_12_gt_00006.png gt_outputs/simulated_12/simulated_12_gt_00016.png gt_outputs/simulated_12/simulated_12_gt_00026.png gt_outputs/simulated_12/simulated_12_gt_00036.png gt_outputs/simulated_12/simulated_12_gt_00046.png gt_outputs/simulated_12/simulated_12_gt_00056.png gt_outputs/simulated_12/simulated_12_gt_00066.png gt_outputs/simulated_12/simulated_12_gt_00076.png
780,msi_inputs/simulated_12/simulated_12_frame_00112.tif msi_inputs/simulated_12/simulated_12_frame_00113.tif msi_inputs/simulated_12/simulated_12_frame_00114.tif msi_inputs/simulated_12/simulated_12_frame_00115.tif msi_inputs/simulated_12/simulated_12_frame_00116.tif msi_inputs/simulated_12/simulated_12_frame_00117.tif msi_inputs/simulated_12/simulated_12_frame_00118.tif msi_inputs/simulated_12/simulated_12_frame_00119.tif,gt_outputs/simulated_12/simulated_12_gt_00112.png gt_outputs/simulated_12/simulated_12_gt_00113.png gt_outputs/simulated_12/simulated_12_gt_00114.png gt_outputs/simulated_12/simulated_12_gt_00115.png gt_outputs/simulated_12/simulated_12_gt_00116.png gt_outputs/simulated_12/simulated_12_gt_00117.png gt_outputs/simulated_12/simulated_12_gt_00118.png gt_outputs/simulated_12/simulated_12_gt_00119.png
781,msi_inputs/simulated_12/simulated_12_frame_00007.tif msi_inputs/simulated_12/simulated_12_frame_00017.tif msi_inputs/simulated_12/simulated_12_frame_00027.tif msi_inputs/simulated_12/simulated_12_frame_00037.tif msi_inputs/simulated_12/simulated_12_frame_00047.tif msi_inputs/simulated_12/simulated_12_frame_00057.tif msi_inputs/simulated_12/simulated_12_frame_00067.tif msi_inputs/simulated_12/simulated_12_frame_00077.tif,gt_outputs/simulated_12/simulated_12_gt_00007.png gt_outputs/simulated_12/simulated_12_gt_00017.png gt_outputs/simulated_12/simulated_12_gt_00027.png gt_outputs/simulated_12/simulated_12_gt_00037.png gt_outputs/simulated_12/simulated_12_gt_00047.png gt_outputs/simulated_12/simulated_12_gt_00057.png gt_outputs/simulated_12/simulated_12_gt_00067.png gt_outputs/simulated_12/simulated_12_gt_00077.png
782,msi_inputs/simulated_12/simulated_12_frame_00015.tif msi_inputs/simulated_12/simulated_12_frame_00040.tif msi_inputs/simulated_12/simulated_12_frame_00065.tif msi_inputs/simulated_12/simulated_12_frame_00090.tif msi_inputs/simulated_12/simulated_12_frame_00115.tif msi_inputs/simulated_12/simulated_12_frame_00140.tif msi_inputs/simulated_12/simulated_12_frame_00165.tif msi_inputs/simulated_12/simulated_12_frame_00190.tif,gt_outputs/simulated_12/simulated_12_gt_00015.png gt_outputs/simulated_12/simulated_12_gt_00040.png gt_outputs/simulated_12/simulated_12_gt_00065.png gt_outputs/simulated_12/simulated_12_gt_00090.png gt_outputs/simulated_12/simulated_12_gt_00115.png gt_outputs/simulated_12/simulated_12_gt_00140.png gt_outputs/simulated_12/simulated_12_gt_00165.png gt_outputs/simulated_12/simulated_12_gt_00190.png
783,msi_inputs/simulated_12/simulated_12_frame_00161.tif msi_inputs/simulated_12/simulated_12_frame_00166.tif msi_inputs/simulated_12/simulated_12_frame_00171.tif msi_inputs/simulated_12/simulated_12_frame_00176.tif msi_inputs/simulated_12/simulated_12_frame_00181.tif msi_inputs/simulated_12/simulated_12_frame_00186.tif msi_inputs/simulated_12/simulated_12_frame_00191.tif msi_inputs/simulated_12/simulated_12_frame_00196.tif,gt_outputs/simulated_12/simulated_12_gt_00161.png gt_outputs/simulated_12/simulated_12_gt_00166.png gt_outputs/simulated_12/simulated_12_gt_00171.png gt_outputs/simulated_12/simulated_12_gt_00176.png gt_outputs/simulated_12/simulated_12_gt_00181.png gt_outputs/simulated_12/simulated_12_gt_00186.png gt_outputs/simulated_12/simulated_12_gt_00191.png gt_outputs/simulated_12/simulated_12_gt_00196.png
784,msi_inputs/simulated_12/simulated_12_frame_00042.tif msi_inputs/simulated_12/simulated_12_frame_00047.tif msi_inputs/simulated_12/simulated_12_frame_00052.tif msi_inputs/simulated_12/simulated_12_frame_00057.tif msi_inputs/simulated_12/simulated_12_frame_00062.tif msi_inputs/simulated_12/simulated_12_frame_00067.tif msi_inputs/simulated_12/simulated_12_frame_00072.tif msi_inputs/simulated_12/simulated_12_frame_00077.tif,gt_outputs/simulated_12/simulated_12_gt_00042.png gt_outputs/simulated_12/simulated_12_gt_00047.png gt_outputs/simulated_12/simulated_12_gt_00052.png gt_outputs/simulated_12/simulated_12_gt_00057.png gt_outputs/simulated_12/simulated_12_gt_00062.png gt_outputs/simulated_12/simulated_12_gt_00067.png gt_outputs/simulated_12/simulated_12_gt_00072.png gt_outputs/simulated_12/simulated_12_gt_00077.png
785,msi_inputs/simulated_12/simulated_12_frame_00024.tif msi_inputs/simulated_12/simulated_12_frame_00049.tif msi_inputs/simulated_12/simulated_12_frame_00074.tif msi_inputs/simulated_12/simulated_12_frame_00099.tif msi_inputs/simulated_12/simulated_12_frame_00124.tif msi_inputs/simulated_12/simulated_12_frame_00149.tif msi_inputs/simulated_12/simulated_12_frame_00174.tif msi_inputs/simulated_12/simulated_12_frame_00199.tif,gt_outputs/simulated_12/simulated_12_gt_00024.png gt_outputs/simulated_12/simulated_12_gt_00049.png gt_outputs/simulated_12/simulated_12_gt_00074.png gt_outputs/simulated_12/simulated_12_gt_00099.png gt_outputs/simulated_12/simulated_12_gt_00124.png gt_outputs/simulated_12/simulated_12_gt_00149.png gt_outputs/simulated_12/simulated_12_gt_00174.png gt_outputs/simulated_12/simulated_12_gt_00199.png
786,msi_inputs/simulated_12/simulated_12_frame_00056.tif msi_inputs/simulated_12/simulated_12_frame_00057.tif msi_inputs/simulated_12/simulated_12_frame_00058.tif msi_inputs/simulated_12/simulated_12_frame_00059.tif msi_inputs/simulated_12/simulated_12_frame_00060.tif msi_inputs/simulated_12/simulated_12_frame_00061.tif msi_inputs/simulated_12/simulated_12_frame_00062.tif msi_inputs/simulated_12/simulated_12_frame_00063.tif,gt_outputs/simulated_12/simulated_12_gt_00056.png gt_outputs/simulated_12/simulated_12_gt_00057.png gt_outputs/simulated_12/simulated_12_gt_00058.png gt_outputs/simulated_12/simulated_12_gt_00059.png gt_outputs/simulated_12/simulated_12_gt_00060.png gt_outputs/simulated_12/simulated_12_gt_00061.png gt_outputs/simulated_12/simulated_12_gt_00062.png gt_outputs/simulated_12/simulated_12_gt_00063.png
787,msi_inputs/simulated_12/simulated_12_frame_00089.tif msi_inputs/simulated_12/simulated_12_frame_00099.tif msi_inputs/simulated_12/simulated_12_frame_00109.tif msi_inputs/simulated_12/simulated_12_frame_00119.tif msi_inputs/simulated_12/simulated_12_frame_00129.tif msi_inputs/simulated_12/simulated_12_frame_00139.tif msi_inputs/simulated_12/simulated_12_frame_00149.tif msi_inputs/simulated_12/simulated_12_frame_00159.tif,gt_outputs/simulated_12/simulated_12_gt_00089.png gt_outputs/simulated_12/simulated_12_gt_00099.png gt_outputs/simulated_12/simulated_12_gt_00109.png gt_outputs/simulated_12/simulated_12_gt_00119.png gt_outputs/simulated_12/simulated_12_gt_00129.png gt_outputs/simulated_12/simulated_12_gt_00139.png gt_outputs/simulated_12/simulated_12_gt_00149.png gt_outputs/simulated_12/simulated_12_gt_00159.png
788,msi_inputs/simulated_12/simulated_12_frame_00009.tif msi_inputs/simulated_12/simulated_12_frame_00034.tif msi_inputs/simulated_12/simulated_12_frame_00059.tif msi_inputs/simulated_12/simulated_12_frame_00084.tif msi_inputs/simulated_12/simulated_12_frame_00109.tif msi_inputs/simulated_12/simulated_12_frame_00134.tif msi_inputs/simulated_12/simulated_12_frame_00159.tif msi_inputs/simulated_12/simulated_12_frame_00184.tif,gt_outputs/simulated_12/simulated_12_gt_00009.png gt_outputs/simulated_12/simulated_12_gt_00034.png gt_outputs/simulated_12/simulated_12_gt_00059.png gt_outputs/simulated_12/simulated_12_gt_00084.png gt_outputs/simulated_12/simulated_12_gt_00109.png gt_outputs/simulated_12/simulated_12_gt_00134.png gt_outputs/simulated_12/simulated_12_gt_00159.png gt_outputs/simulated_12/simulated_12_gt_00184.png
789,msi_inputs/simulated_12/simulated_12_frame_00104.tif msi_inputs/simulated_12/simulated_12_frame_00105.tif msi_inputs/simulated_12/simulated_12_frame_00106.tif msi_inputs/simulated_12/simulated_12_frame_00107.tif msi_inputs/simulated_12/simulated_12_frame_00108.tif msi_inputs/simulated_12/simulated_12_frame_00109.tif msi_inputs/simulated_12/simulated_12_frame_00110.tif msi_inputs/simulated_12/simulated_12_frame_00111.tif,gt_outputs/simulated_12/simulated_12_gt_00104.png gt_outputs/simulated_12/simulated_12_gt_00105.png gt_outputs/simulated_12/simulated_12_gt_00106.png gt_outputs/simulated_12/simulated_12_gt_00107.png gt_outputs/simulated_12/simulated_12_gt_00108.png gt_outputs/simulated_12/simulated_12_gt_00109.png gt_outputs/simulated_12/simulated_12_gt_00110.png gt_outputs/simulated_12/simulated_12_gt_00111.png
790,msi_inputs/simulated_12/simulated_12_frame_00096.tif msi_inputs/simulated_12/simulated_12_frame_00097.tif msi_inputs/simulated_12/simulated_12_frame_00098.tif msi_inputs/simulated_12/simulated_12_frame_00099.tif msi_inputs/simulated_12/simulated_12_frame_00100.tif msi_inputs/simulated_12/simulated_12_frame_00101.tif msi_inputs/simulated_12/simulated_12_frame_00102.tif msi_inputs/simulated_12/simulated_12_frame_00103.tif,gt_outputs/simulated_12/simulated_12_gt_00096.png gt_outputs/simulated_12/simulated_12_gt_00097.png gt_outputs/simulated_12/simulated_12_gt_00098.png gt_outputs/simulated_12/simulated_12_gt_00099.png gt_outputs/simulated_12/simulated_12_gt_00100.png gt_outputs/simulated_12/simulated_12_gt_00101.png gt_outputs/simulated_12/simulated_12_gt_00102.png gt_outputs/simulated_12/simulated_12_gt_00103.png
791,msi_inputs/simulated_12/simulated_12_frame_00000.tif msi_inputs/simulated_12/simulated_12_frame_00005.tif msi_inputs/simulated_12/simulated_12_frame_00010.tif msi_inputs/simulated_12/simulated_12_frame_00015.tif msi_inputs/simulated_12/simulated_12_frame_00020.tif msi_inputs/simulated_12/simulated_12_frame_00025.tif msi_inputs/simulated_12/simulated_12_frame_00030.tif msi_inputs/simulated_12/simulated_12_frame_00035.tif,gt_outputs/simulated_12/simulated_12_gt_00000.png gt_outputs/simulated_12/simulated_12_gt_00005.png gt_outputs/simulated_12/simulated_12_gt_00010.png gt_outputs/simulated_12/simulated_12_gt_00015.png gt_outputs/simulated_12/simulated_12_gt_00020.png gt_outputs/simulated_12/simulated_12_gt_00025.png gt_outputs/simulated_12/simulated_12_gt_00030.png gt_outputs/simulated_12/simulated_12_gt_00035.png
